error_code,error_desc,channel,issuer_bank,amount,bank_uptime_pct,attempts_made,label
CART_ABANDONED_SHIPPING_FRICTION,User exited after shipping charge calculated,MAGIC_CHECKOUT,ICIC,11170.4,98.9,0,BEHAVIORAL_DROPOFF
CART_ABANDONED_SHIPPING_FRICTION,User exited after shipping charge calculated,MAGIC_CHECKOUT,KKBK,19101.52,97.8,0,BEHAVIORAL_DROPOFF
CARD_EXPIRED,Mandate card token expired; bank declined authorization,CARD_MANDATE,SBIN,22839.42,78.2,0,HARD_PERMANENT
TOKENIZATION_TIMEOUT,card token vault timeout during authorization,CARD_MANDATE,KKBK,18993.91,97.8,1,TRANSIENT_TECHNICAL
UPI_DAILY_LIMIT_EXCEEDED,"UPI daily cap khatam, kal retry karo",UPI_AUTOPAY,HDFC,34194.33,99.4,0,SOFT_FINANCIAL
OTP_TIMEOUT,"customer ne OTP time par enter nahi kiya, session expire",MAGIC_CHECKOUT,ICIC,7164.64,98.9,3,TRANSIENT_TECHNICAL
INVOICE_OVERDUE_30_DAYS,Net-30 invoice crossed due date without payment reconciliation,B2B_INVOICE,HDFC,17220.12,99.4,0,COMMERCIAL_DISPUTE
MANDATE_AMOUNT_EXCEEDS_CAP,"autopay cap se zyada amount, bank ne decline kiya",UPI_AUTOPAY,HDFC,32891.71,99.4,1,SOFT_FINANCIAL
CART_ABANDONED_SHIPPING_FRICTION,shipping fee dekh kar customer ne cart chhod diya,MAGIC_CHECKOUT,HDFC,24930.97,99.4,3,BEHAVIORAL_DROPOFF
MANDATE_AMOUNT_EXCEEDS_CAP,"mandate amount exceeds NPCI cap of Rs.1,00,000",UPI_AUTOPAY,HDFC,2251.98,99.4,0,SOFT_FINANCIAL
INVOICE_APPROVAL_PENDING,Invoice stuck in enterprise procurement approval workflow,B2B_INVOICE,SBIN,39018.33,78.2,1,COMMERCIAL_DISPUTE
INVALID_VPA_PERMANENT,"galat UPI ID, ye VPA exist nahi karti",UPI_AUTOPAY,ICIC,7486.07,98.9,0,HARD_PERMANENT
GATEWAY_ERROR,"downstream gateway error, retry after clearing window",UPI_AUTOPAY,HDFC,27488.68,99.4,0,TRANSIENT_TECHNICAL
TOKENIZATION_TIMEOUT,card token vault timeout during authorization,CARD_MANDATE,SBIN,20908.72,78.2,0,TRANSIENT_TECHNICAL
TOKENIZATION_TIMEOUT,card token vault timeout during authorization,CARD_MANDATE,ICIC,37959.61,98.9,3,TRANSIENT_TECHNICAL
BANK_DEBIT_FAILED_TECHNICAL,Issuer node degradation during 02:00 AM auto-debit window,UPI_AUTOPAY,HDFC,36265.86,99.4,1,TRANSIENT_TECHNICAL
INVALID_VPA_PERMANENT,"VPA does not exist, invalid payee address",UPI_AUTOPAY,SBIN,41108.41,78.2,1,HARD_PERMANENT
INVOICE_OVERDUE_30_DAYS,Net-30 invoice crossed due date without payment reconciliation,B2B_INVOICE,UTIB,17923.7,96.5,2,COMMERCIAL_DISPUTE
PAYMENT_METHOD_UNAVAILABLE,selected UPI method unavailable at checkout,MAGIC_CHECKOUT,ICIC,6454.58,98.9,2,BEHAVIORAL_DROPOFF
TOKENIZATION_TIMEOUT,"tokenization service slow, mandate auth timed out",CARD_MANDATE,KKBK,19393.26,97.8,1,TRANSIENT_TECHNICAL
NPCI_TIMEOUT,Card network switch response timed out,UPI_AUTOPAY,SBIN,44880.19,78.2,0,TRANSIENT_TECHNICAL
STOLEN_CARD,"chori ka card report hua, block hai",CARD_MANDATE,HDFC,34058.8,99.4,3,HARD_PERMANENT
CART_ABANDONED_SHIPPING_FRICTION,User exited after shipping charge calculated,MAGIC_CHECKOUT,SBIN,35684.95,78.2,1,BEHAVIORAL_DROPOFF
CARD_EXPIRED,"card expiry ho gayi, naya card link karo",CARD_MANDATE,UTIB,26895.4,96.5,1,HARD_PERMANENT
STOLEN_CARD,"chori ka card report hua, block hai",CARD_MANDATE,KKBK,38762.79,97.8,0,HARD_PERMANENT
CART_ABANDONED_SHIPPING_FRICTION,shipping fee dekh kar customer ne cart chhod diya,MAGIC_CHECKOUT,ICIC,5196.65,98.9,1,BEHAVIORAL_DROPOFF
FRAUD_DETECTED,"suspicious activity, fraud check fail",CARD_MANDATE,HDFC,42930.91,99.4,2,HARD_PERMANENT
INVALID_VPA_PERMANENT,"VPA does not exist, invalid payee address",UPI_AUTOPAY,KKBK,41085.64,97.8,3,HARD_PERMANENT
INVOICE_APPROVAL_PENDING,Invoice stuck in enterprise procurement approval workflow,B2B_INVOICE,SBIN,16950.71,78.2,0,COMMERCIAL_DISPUTE
TOKENIZATION_TIMEOUT,card token vault timeout during authorization,CARD_MANDATE,KKBK,14721.52,97.8,0,TRANSIENT_TECHNICAL
CART_ABANDONED_SHIPPING_FRICTION,shipping fee dekh kar customer ne cart chhod diya,MAGIC_CHECKOUT,ICIC,10926.7,98.9,0,BEHAVIORAL_DROPOFF
UPI_DAILY_LIMIT_EXCEEDED,"Customer reached daily UPI transaction limit of Rs.1,00,000",UPI_AUTOPAY,HDFC,32989.19,99.4,3,SOFT_FINANCIAL
CARD_EXPIRED,Mandate card token expired; bank declined authorization,CARD_MANDATE,SBIN,29756.5,78.2,1,HARD_PERMANENT
FRAUD_DETECTED,"suspicious activity, fraud check fail",CARD_MANDATE,KKBK,39284.87,97.8,1,HARD_PERMANENT
GATEWAY_ERROR,issuer node degraded during mandate authorization,UPI_AUTOPAY,ICIC,18074.25,98.9,2,TRANSIENT_TECHNICAL
MANDATE_AMOUNT_EXCEEDS_CAP,"autopay cap se zyada amount, bank ne decline kiya",UPI_AUTOPAY,KKBK,20426.03,97.8,0,SOFT_FINANCIAL
INSUFFICIENT_FUNDS,Declined by customer bank due to low balance,UPI_AUTOPAY,ICIC,1141.36,98.9,1,SOFT_FINANCIAL
INSUFFICIENT_FUNDS,Salary credit not yet posted; balance too low for auto-debit,UPI_AUTOPAY,HDFC,3379.56,99.4,2,SOFT_FINANCIAL
BANK_DEBIT_FAILED_TECHNICAL,Issuer node degradation during 02:00 AM auto-debit window,UPI_AUTOPAY,HDFC,40762.72,99.4,3,TRANSIENT_TECHNICAL
INVOICE_OVERDUE_30_DAYS,Net-30 invoice crossed due date without payment reconciliation,B2B_INVOICE,KKBK,10861.85,97.8,2,COMMERCIAL_DISPUTE
PURCHASE_ORDER_MISMATCH,"PO amount mismatch, reconciliation on hold",B2B_INVOICE,KKBK,6126.7,97.8,1,COMMERCIAL_DISPUTE
UPI_DAILY_LIMIT_EXCEEDED,"UPI daily cap khatam, kal retry karo",UPI_AUTOPAY,SBIN,35350.73,78.2,3,SOFT_FINANCIAL
OTP_TIMEOUT,OTP verification timed out during checkout,MAGIC_CHECKOUT,HDFC,4541.6,99.4,1,TRANSIENT_TECHNICAL
MANDATE_AMOUNT_EXCEEDS_CAP,"autopay cap se zyada amount, bank ne decline kiya",UPI_AUTOPAY,UTIB,21122.17,96.5,2,SOFT_FINANCIAL
BANK_DEBIT_FAILED_TECHNICAL,Downstream bank gateway timeout during debit attempt,UPI_AUTOPAY,HDFC,18236.84,99.4,0,TRANSIENT_TECHNICAL
CART_ABANDONED_SHIPPING_FRICTION,User exited after shipping charge calculated,MAGIC_CHECKOUT,SBIN,8720.55,78.2,1,BEHAVIORAL_DROPOFF
CHECKOUT_DROPPED_OFF,user ne checkout beech me chhod diya,MAGIC_CHECKOUT,SBIN,12678.1,78.2,0,BEHAVIORAL_DROPOFF
CARD_EXPIRED,"card expiry ho gayi, naya card link karo",CARD_MANDATE,KKBK,4585.41,97.8,2,HARD_PERMANENT
TOKENIZATION_TIMEOUT,card token vault timeout during authorization,CARD_MANDATE,HDFC,41701.17,99.4,3,TRANSIENT_TECHNICAL
INSUFFICIENT_FUNDS,Salary credit not yet posted; balance too low for auto-debit,UPI_AUTOPAY,UTIB,21956.21,96.5,0,SOFT_FINANCIAL
NPCI_TIMEOUT,UPI switch response timed out after 30 seconds,UPI_AUTOPAY,SBIN,17177.37,78.2,1,TRANSIENT_TECHNICAL
INVALID_VPA_PERMANENT,"galat UPI ID, ye VPA exist nahi karti",UPI_AUTOPAY,ICIC,19150.16,98.9,2,HARD_PERMANENT
TOKENIZATION_TIMEOUT,"tokenization service slow, mandate auth timed out",CARD_MANDATE,SBIN,8706.61,78.2,0,TRANSIENT_TECHNICAL
BANK_DEBIT_FAILED_TECHNICAL,Downstream bank gateway timeout during debit attempt,UPI_AUTOPAY,ICIC,2760.06,98.9,1,TRANSIENT_TECHNICAL
PURCHASE_ORDER_MISMATCH,"PO amount mismatch, reconciliation on hold",B2B_INVOICE,HDFC,43242.86,99.4,0,COMMERCIAL_DISPUTE
FRAUD_DETECTED,High-risk score flagged by issuer fraud detection switch,CARD_MANDATE,KKBK,3243.71,97.8,3,HARD_PERMANENT
INSUFFICIENT_FUNDS,Mandate debit declined due to low card account balance,UPI_AUTOPAY,HDFC,42383.45,99.4,1,SOFT_FINANCIAL
INSUFFICIENT_FUNDS,Declined by customer bank due to low balance,UPI_AUTOPAY,KKBK,3871.94,97.8,2,SOFT_FINANCIAL
UPI_DAILY_LIMIT_EXCEEDED,"limit exceed, transaction declined by bank",UPI_AUTOPAY,KKBK,14372.69,97.8,0,SOFT_FINANCIAL
GATEWAY_ERROR,"downstream gateway error, retry after clearing window",UPI_AUTOPAY,SBIN,12098.8,78.2,0,TRANSIENT_TECHNICAL
INVOICE_APPROVAL_PENDING,procurement team se approval pending hai,B2B_INVOICE,ICIC,41819.95,98.9,0,COMMERCIAL_DISPUTE
ACCOUNT_CLOSED,"account band ho gaya hai, retry bekar hai",UPI_AUTOPAY,KKBK,44930.76,97.8,0,HARD_PERMANENT
CARD_EXPIRED,Mandate card token expired; bank declined authorization,CARD_MANDATE,KKBK,12080.24,97.8,0,HARD_PERMANENT
CARD_EXPIRED,Mandate card token expired; bank declined authorization,CARD_MANDATE,ICIC,12966.72,98.9,1,HARD_PERMANENT
TOKENIZATION_TIMEOUT,"tokenization service slow, mandate auth timed out",CARD_MANDATE,KKBK,44276.61,97.8,3,TRANSIENT_TECHNICAL
STOLEN_CARD,stolen card hotlisted by issuer,CARD_MANDATE,KKBK,13611.47,97.8,2,HARD_PERMANENT
CART_ABANDONED_SHIPPING_FRICTION,User exited after shipping charge calculated,MAGIC_CHECKOUT,ICIC,5370.32,98.9,0,BEHAVIORAL_DROPOFF
TOKENIZATION_TIMEOUT,card token vault timeout during authorization,CARD_MANDATE,ICIC,12821.96,98.9,0,TRANSIENT_TECHNICAL
INVOICE_OVERDUE_30_DAYS,Net-30 invoice crossed due date without payment reconciliation,B2B_INVOICE,ICIC,22841.83,98.9,0,COMMERCIAL_DISPUTE
BANK_DEBIT_FAILED_TECHNICAL,Downstream bank gateway timeout during debit attempt,UPI_AUTOPAY,UTIB,37354.62,96.5,0,TRANSIENT_TECHNICAL
ACCOUNT_CLOSED,"account band ho gaya hai, retry bekar hai",UPI_AUTOPAY,SBIN,28742.32,78.2,0,HARD_PERMANENT
FRAUD_DETECTED,"suspicious activity, fraud check fail",CARD_MANDATE,KKBK,31813.61,97.8,1,HARD_PERMANENT
ACCOUNT_CLOSED,"customer account closed, debit returned",UPI_AUTOPAY,HDFC,42538.23,99.4,2,HARD_PERMANENT
CHECKOUT_DROPPED_OFF,OTP verification timed out during checkout,MAGIC_CHECKOUT,HDFC,37589.69,99.4,1,BEHAVIORAL_DROPOFF
TOKENIZATION_TIMEOUT,card token vault timeout during authorization,CARD_MANDATE,UTIB,5908.69,96.5,0,TRANSIENT_TECHNICAL
MANDATE_AMOUNT_EXCEEDS_CAP,"mandate amount exceeds NPCI cap of Rs.1,00,000",UPI_AUTOPAY,ICIC,9610.64,98.9,0,SOFT_FINANCIAL
CART_ABANDONED_SHIPPING_FRICTION,shipping fee dekh kar customer ne cart chhod diya,MAGIC_CHECKOUT,KKBK,39809.12,97.8,1,BEHAVIORAL_DROPOFF
CHECKOUT_DROPPED_OFF,Customer abandoned session at shipping/payment step,MAGIC_CHECKOUT,SBIN,43934.01,78.2,3,BEHAVIORAL_DROPOFF
FRAUD_DETECTED,"suspicious activity, fraud check fail",CARD_MANDATE,HDFC,8234.54,99.4,0,HARD_PERMANENT
OTP_TIMEOUT,OTP verification timed out during checkout,MAGIC_CHECKOUT,ICIC,7331.22,98.9,2,TRANSIENT_TECHNICAL
CART_ABANDONED_SHIPPING_FRICTION,shipping fee dekh kar customer ne cart chhod diya,MAGIC_CHECKOUT,HDFC,38664.84,99.4,0,BEHAVIORAL_DROPOFF
GATEWAY_ERROR,"payment gateway ne response nahi diya, timeout ho gaya",UPI_AUTOPAY,ICIC,13871.86,98.9,3,TRANSIENT_TECHNICAL
INSUFFICIENT_FUNDS,Salary credit not yet posted; balance too low for auto-debit,UPI_AUTOPAY,HDFC,29769.15,99.4,1,SOFT_FINANCIAL
INVOICE_OVERDUE_30_DAYS,"30 din se payment pending, accounts se approval nahi aaya",B2B_INVOICE,HDFC,43516.6,99.4,0,COMMERCIAL_DISPUTE
MANDATE_AMOUNT_EXCEEDS_CAP,"autopay cap se zyada amount, bank ne decline kiya",UPI_AUTOPAY,KKBK,15034.85,97.8,0,SOFT_FINANCIAL
CART_ABANDONED_SHIPPING_FRICTION,shipping fee dekh kar customer ne cart chhod diya,MAGIC_CHECKOUT,SBIN,26210.0,78.2,0,BEHAVIORAL_DROPOFF
BANK_DEBIT_FAILED_TECHNICAL,Downstream bank gateway timeout during debit attempt,UPI_AUTOPAY,KKBK,19667.89,97.8,2,TRANSIENT_TECHNICAL
INVOICE_OVERDUE_30_DAYS,"30 din se payment pending, accounts se approval nahi aaya",B2B_INVOICE,KKBK,44293.75,97.8,0,COMMERCIAL_DISPUTE
NPCI_TIMEOUT,"NPCI timeout, bank se confirmation nahi aaya",UPI_AUTOPAY,SBIN,11610.82,78.2,2,TRANSIENT_TECHNICAL
OTP_TIMEOUT,OTP verification timed out during checkout,MAGIC_CHECKOUT,KKBK,41665.69,97.8,1,TRANSIENT_TECHNICAL
GATEWAY_ERROR,"downstream gateway error, retry after clearing window",UPI_AUTOPAY,UTIB,3333.9,96.5,2,TRANSIENT_TECHNICAL
INVOICE_OVERDUE_30_DAYS,"30 din se payment pending, accounts se approval nahi aaya",B2B_INVOICE,HDFC,32444.71,99.4,0,COMMERCIAL_DISPUTE
STOLEN_CARD,"chori ka card report hua, block hai",CARD_MANDATE,UTIB,14812.32,96.5,2,HARD_PERMANENT
INVOICE_APPROVAL_PENDING,Invoice stuck in enterprise procurement approval workflow,B2B_INVOICE,SBIN,19035.42,78.2,1,COMMERCIAL_DISPUTE
FRAUD_DETECTED,"suspicious activity, fraud check fail",CARD_MANDATE,UTIB,24747.14,96.5,0,HARD_PERMANENT
INVOICE_APPROVAL_PENDING,procurement team se approval pending hai,B2B_INVOICE,SBIN,19458.42,78.2,1,COMMERCIAL_DISPUTE
INVOICE_OVERDUE_30_DAYS,"30 din se payment pending, accounts se approval nahi aaya",B2B_INVOICE,UTIB,20008.2,96.5,0,COMMERCIAL_DISPUTE
STOLEN_CARD,"chori ka card report hua, block hai",CARD_MANDATE,SBIN,29716.17,78.2,0,HARD_PERMANENT
STOLEN_CARD,"chori ka card report hua, block hai",CARD_MANDATE,HDFC,36865.19,99.4,3,HARD_PERMANENT
INSUFFICIENT_FUNDS,"account me paise nahi hai, balance insufficient",UPI_AUTOPAY,SBIN,36333.82,78.2,0,SOFT_FINANCIAL
ACCOUNT_CLOSED,"customer account closed, debit returned",UPI_AUTOPAY,SBIN,44280.32,78.2,1,HARD_PERMANENT
CARD_EXPIRED,"card expiry ho gayi, naya card link karo",CARD_MANDATE,UTIB,39898.82,96.5,1,HARD_PERMANENT
GATEWAY_ERROR,"payment gateway ne response nahi diya, timeout ho gaya",UPI_AUTOPAY,UTIB,18103.85,96.5,0,TRANSIENT_TECHNICAL
ACCOUNT_CLOSED,"customer account closed, debit returned",UPI_AUTOPAY,UTIB,10003.3,96.5,3,HARD_PERMANENT
STOLEN_CARD,"chori ka card report hua, block hai",CARD_MANDATE,HDFC,25171.34,99.4,3,HARD_PERMANENT
CART_ABANDONED_SHIPPING_FRICTION,shipping fee dekh kar customer ne cart chhod diya,MAGIC_CHECKOUT,SBIN,36103.27,78.2,2,BEHAVIORAL_DROPOFF
STOLEN_CARD,"chori ka card report hua, block hai",CARD_MANDATE,UTIB,27646.44,96.5,2,HARD_PERMANENT
STOLEN_CARD,"chori ka card report hua, block hai",CARD_MANDATE,KKBK,20176.38,97.8,0,HARD_PERMANENT
PURCHASE_ORDER_MISMATCH,purchase order aur invoice me antar hai,B2B_INVOICE,ICIC,33879.35,98.9,3,COMMERCIAL_DISPUTE
INVALID_VPA_PERMANENT,"galat UPI ID, ye VPA exist nahi karti",UPI_AUTOPAY,SBIN,12501.24,78.2,0,HARD_PERMANENT
INVOICE_APPROVAL_PENDING,Invoice stuck in enterprise procurement approval workflow,B2B_INVOICE,ICIC,15245.31,98.9,1,COMMERCIAL_DISPUTE
CARD_EXPIRED,Mandate card token expired; bank declined authorization,CARD_MANDATE,SBIN,10559.75,78.2,2,HARD_PERMANENT
CHECKOUT_DROPPED_OFF,OTP verification timed out during checkout,MAGIC_CHECKOUT,SBIN,3076.52,78.2,1,BEHAVIORAL_DROPOFF
INVOICE_OVERDUE_30_DAYS,"30 din se payment pending, accounts se approval nahi aaya",B2B_INVOICE,UTIB,2988.57,96.5,3,COMMERCIAL_DISPUTE
OTP_TIMEOUT,"customer ne OTP time par enter nahi kiya, session expire",MAGIC_CHECKOUT,KKBK,42583.53,97.8,0,TRANSIENT_TECHNICAL
UPI_DAILY_LIMIT_EXCEEDED,"UPI daily cap khatam, kal retry karo",UPI_AUTOPAY,UTIB,463.15,96.5,0,SOFT_FINANCIAL
INVOICE_APPROVAL_PENDING,procurement team se approval pending hai,B2B_INVOICE,UTIB,24311.82,96.5,2,COMMERCIAL_DISPUTE
TOKENIZATION_TIMEOUT,card token vault timeout during authorization,CARD_MANDATE,UTIB,10029.31,96.5,1,TRANSIENT_TECHNICAL
PURCHASE_ORDER_MISMATCH,"PO amount mismatch, reconciliation on hold",B2B_INVOICE,UTIB,15257.94,96.5,2,COMMERCIAL_DISPUTE
NPCI_TIMEOUT,"NPCI timeout, bank se confirmation nahi aaya",UPI_AUTOPAY,SBIN,37854.49,78.2,0,TRANSIENT_TECHNICAL
TOKENIZATION_TIMEOUT,card token vault timeout during authorization,CARD_MANDATE,UTIB,26716.39,96.5,2,TRANSIENT_TECHNICAL
ACCOUNT_CLOSED,"customer account closed, debit returned",UPI_AUTOPAY,UTIB,6278.47,96.5,1,HARD_PERMANENT
FRAUD_DETECTED,High-risk score flagged by issuer fraud detection switch,CARD_MANDATE,ICIC,17183.23,98.9,0,HARD_PERMANENT
PAYMENT_METHOD_UNAVAILABLE,payment option show nahi ho raha tha,MAGIC_CHECKOUT,ICIC,34302.85,98.9,1,BEHAVIORAL_DROPOFF
INVALID_VPA_PERMANENT,"galat UPI ID, ye VPA exist nahi karti",UPI_AUTOPAY,ICIC,37603.84,98.9,1,HARD_PERMANENT
ACCOUNT_CLOSED,"customer account closed, debit returned",UPI_AUTOPAY,ICIC,10244.38,98.9,0,HARD_PERMANENT
BANK_DEBIT_FAILED_TECHNICAL,Downstream bank gateway timeout during debit attempt,UPI_AUTOPAY,SBIN,9130.56,78.2,0,TRANSIENT_TECHNICAL
CHECKOUT_DROPPED_OFF,Customer abandoned session at shipping/payment step,MAGIC_CHECKOUT,SBIN,21415.01,78.2,0,BEHAVIORAL_DROPOFF
UPI_DAILY_LIMIT_EXCEEDED,"Customer reached daily UPI transaction limit of Rs.1,00,000",UPI_AUTOPAY,UTIB,31535.73,96.5,3,SOFT_FINANCIAL
MANDATE_AMOUNT_EXCEEDS_CAP,"mandate amount exceeds NPCI cap of Rs.1,00,000",UPI_AUTOPAY,KKBK,27404.29,97.8,2,SOFT_FINANCIAL
CART_ABANDONED_SHIPPING_FRICTION,User exited after shipping charge calculated,MAGIC_CHECKOUT,ICIC,5041.93,98.9,0,BEHAVIORAL_DROPOFF
INVOICE_APPROVAL_PENDING,procurement team se approval pending hai,B2B_INVOICE,UTIB,42377.82,96.5,0,COMMERCIAL_DISPUTE
CARD_EXPIRED,Mandate card token expired; bank declined authorization,CARD_MANDATE,HDFC,31433.94,99.4,0,HARD_PERMANENT
CART_ABANDONED_SHIPPING_FRICTION,User exited after shipping charge calculated,MAGIC_CHECKOUT,ICIC,24066.52,98.9,2,BEHAVIORAL_DROPOFF
MANDATE_AMOUNT_EXCEEDS_CAP,"mandate amount exceeds NPCI cap of Rs.1,00,000",UPI_AUTOPAY,KKBK,29209.59,97.8,0,SOFT_FINANCIAL
OTP_TIMEOUT,"customer ne OTP time par enter nahi kiya, session expire",MAGIC_CHECKOUT,HDFC,19621.28,99.4,0,TRANSIENT_TECHNICAL
PAYMENT_METHOD_UNAVAILABLE,selected UPI method unavailable at checkout,MAGIC_CHECKOUT,UTIB,8090.11,96.5,1,BEHAVIORAL_DROPOFF
INVALID_VPA_PERMANENT,"galat UPI ID, ye VPA exist nahi karti",UPI_AUTOPAY,UTIB,19713.17,96.5,2,HARD_PERMANENT
UPI_DAILY_LIMIT_EXCEEDED,"UPI daily cap khatam, kal retry karo",UPI_AUTOPAY,ICIC,38356.6,98.9,3,SOFT_FINANCIAL
CARD_EXPIRED,"card expiry ho gayi, naya card link karo",CARD_MANDATE,UTIB,11124.33,96.5,1,HARD_PERMANENT
UPI_DAILY_LIMIT_EXCEEDED,"limit exceed, transaction declined by bank",UPI_AUTOPAY,UTIB,15269.9,96.5,1,SOFT_FINANCIAL
INVOICE_OVERDUE_30_DAYS,Net-30 invoice crossed due date without payment reconciliation,B2B_INVOICE,UTIB,9702.18,96.5,3,COMMERCIAL_DISPUTE
INVALID_VPA_PERMANENT,"galat UPI ID, ye VPA exist nahi karti",UPI_AUTOPAY,ICIC,39638.22,98.9,2,HARD_PERMANENT
INVALID_VPA_PERMANENT,"VPA does not exist, invalid payee address",UPI_AUTOPAY,KKBK,42673.15,97.8,0,HARD_PERMANENT
INSUFFICIENT_FUNDS,Mandate debit declined due to low card account balance,UPI_AUTOPAY,UTIB,25071.45,96.5,0,SOFT_FINANCIAL
PURCHASE_ORDER_MISMATCH,purchase order aur invoice me antar hai,B2B_INVOICE,UTIB,35723.19,96.5,0,COMMERCIAL_DISPUTE
INVOICE_APPROVAL_PENDING,Invoice stuck in enterprise procurement approval workflow,B2B_INVOICE,UTIB,31191.76,96.5,0,COMMERCIAL_DISPUTE
UPI_DAILY_LIMIT_EXCEEDED,"UPI daily cap khatam, kal retry karo",UPI_AUTOPAY,UTIB,24995.14,96.5,0,SOFT_FINANCIAL
OTP_TIMEOUT,"customer ne OTP time par enter nahi kiya, session expire",MAGIC_CHECKOUT,ICIC,31687.6,98.9,0,TRANSIENT_TECHNICAL
INVOICE_APPROVAL_PENDING,procurement team se approval pending hai,B2B_INVOICE,SBIN,5604.5,78.2,0,COMMERCIAL_DISPUTE
INVOICE_OVERDUE_30_DAYS,Net-30 invoice crossed due date without payment reconciliation,B2B_INVOICE,KKBK,42799.27,97.8,2,COMMERCIAL_DISPUTE
FRAUD_DETECTED,High-risk score flagged by issuer fraud detection switch,CARD_MANDATE,SBIN,33289.23,78.2,0,HARD_PERMANENT
UPI_DAILY_LIMIT_EXCEEDED,"limit exceed, transaction declined by bank",UPI_AUTOPAY,KKBK,12877.62,97.8,0,SOFT_FINANCIAL
GATEWAY_ERROR,"downstream gateway error, retry after clearing window",UPI_AUTOPAY,SBIN,16366.83,78.2,0,TRANSIENT_TECHNICAL
ACCOUNT_CLOSED,"customer account closed, debit returned",UPI_AUTOPAY,ICIC,2238.15,98.9,0,HARD_PERMANENT
TOKENIZATION_TIMEOUT,"tokenization service slow, mandate auth timed out",CARD_MANDATE,SBIN,28776.2,78.2,3,TRANSIENT_TECHNICAL
PURCHASE_ORDER_MISMATCH,"PO amount mismatch, reconciliation on hold",B2B_INVOICE,HDFC,25917.65,99.4,1,COMMERCIAL_DISPUTE
PURCHASE_ORDER_MISMATCH,purchase order aur invoice me antar hai,B2B_INVOICE,ICIC,8458.68,98.9,0,COMMERCIAL_DISPUTE
INVALID_VPA_PERMANENT,"galat UPI ID, ye VPA exist nahi karti",UPI_AUTOPAY,HDFC,37030.6,99.4,1,HARD_PERMANENT
PURCHASE_ORDER_MISMATCH,"PO amount mismatch, reconciliation on hold",B2B_INVOICE,KKBK,28398.8,97.8,0,COMMERCIAL_DISPUTE
CHECKOUT_DROPPED_OFF,Customer abandoned session at shipping/payment step,MAGIC_CHECKOUT,KKBK,42720.78,97.8,0,BEHAVIORAL_DROPOFF
INSUFFICIENT_FUNDS,Declined by customer bank due to low balance,UPI_AUTOPAY,KKBK,34446.83,97.8,1,SOFT_FINANCIAL
INSUFFICIENT_FUNDS,Mandate debit declined due to low card account balance,UPI_AUTOPAY,UTIB,40900.9,96.5,0,SOFT_FINANCIAL
UPI_DAILY_LIMIT_EXCEEDED,"UPI daily cap khatam, kal retry karo",UPI_AUTOPAY,ICIC,25674.17,98.9,0,SOFT_FINANCIAL
CART_ABANDONED_SHIPPING_FRICTION,User exited after shipping charge calculated,MAGIC_CHECKOUT,SBIN,12055.41,78.2,0,BEHAVIORAL_DROPOFF
FRAUD_DETECTED,High-risk score flagged by issuer fraud detection switch,CARD_MANDATE,SBIN,24928.8,78.2,0,HARD_PERMANENT
ACCOUNT_CLOSED,"account band ho gaya hai, retry bekar hai",UPI_AUTOPAY,UTIB,31083.52,96.5,1,HARD_PERMANENT
INVOICE_APPROVAL_PENDING,Invoice stuck in enterprise procurement approval workflow,B2B_INVOICE,SBIN,13106.39,78.2,0,COMMERCIAL_DISPUTE
PAYMENT_METHOD_UNAVAILABLE,selected UPI method unavailable at checkout,MAGIC_CHECKOUT,SBIN,41591.14,78.2,3,BEHAVIORAL_DROPOFF
UPI_DAILY_LIMIT_EXCEEDED,"limit exceed, transaction declined by bank",UPI_AUTOPAY,SBIN,19245.65,78.2,1,SOFT_FINANCIAL
INSUFFICIENT_FUNDS,Salary credit not yet posted; balance too low for auto-debit,UPI_AUTOPAY,ICIC,37232.9,98.9,0,SOFT_FINANCIAL
BANK_DEBIT_FAILED_TECHNICAL,Issuer node degradation during 02:00 AM auto-debit window,UPI_AUTOPAY,ICIC,26857.57,98.9,3,TRANSIENT_TECHNICAL
UPI_DAILY_LIMIT_EXCEEDED,"UPI daily cap khatam, kal retry karo",UPI_AUTOPAY,UTIB,5770.17,96.5,2,SOFT_FINANCIAL
INVOICE_APPROVAL_PENDING,procurement team se approval pending hai,B2B_INVOICE,ICIC,22620.65,98.9,1,COMMERCIAL_DISPUTE
PAYMENT_METHOD_UNAVAILABLE,selected UPI method unavailable at checkout,MAGIC_CHECKOUT,KKBK,1984.8,97.8,1,BEHAVIORAL_DROPOFF
INVOICE_OVERDUE_30_DAYS,"30 din se payment pending, accounts se approval nahi aaya",B2B_INVOICE,HDFC,4290.54,99.4,2,COMMERCIAL_DISPUTE
UPI_DAILY_LIMIT_EXCEEDED,"limit exceed, transaction declined by bank",UPI_AUTOPAY,HDFC,44980.84,99.4,2,SOFT_FINANCIAL
INVALID_VPA_PERMANENT,"VPA does not exist, invalid payee address",UPI_AUTOPAY,SBIN,21277.91,78.2,2,HARD_PERMANENT
PAYMENT_METHOD_UNAVAILABLE,payment option show nahi ho raha tha,MAGIC_CHECKOUT,SBIN,44863.15,78.2,1,BEHAVIORAL_DROPOFF
PURCHASE_ORDER_MISMATCH,"PO amount mismatch, reconciliation on hold",B2B_INVOICE,UTIB,15788.0,96.5,0,COMMERCIAL_DISPUTE
INVOICE_OVERDUE_30_DAYS,Net-30 invoice crossed due date without payment reconciliation,B2B_INVOICE,SBIN,14974.53,78.2,2,COMMERCIAL_DISPUTE
PURCHASE_ORDER_MISMATCH,purchase order aur invoice me antar hai,B2B_INVOICE,UTIB,36647.57,96.5,1,COMMERCIAL_DISPUTE
BANK_DEBIT_FAILED_TECHNICAL,debit attempt failed due to issuer switch congestion,UPI_AUTOPAY,HDFC,14289.68,99.4,0,TRANSIENT_TECHNICAL
CART_ABANDONED_SHIPPING_FRICTION,shipping fee dekh kar customer ne cart chhod diya,MAGIC_CHECKOUT,KKBK,37156.56,97.8,0,BEHAVIORAL_DROPOFF
TOKENIZATION_TIMEOUT,"tokenization service slow, mandate auth timed out",CARD_MANDATE,UTIB,2627.4,96.5,1,TRANSIENT_TECHNICAL
MANDATE_AMOUNT_EXCEEDS_CAP,"autopay cap se zyada amount, bank ne decline kiya",UPI_AUTOPAY,UTIB,34247.34,96.5,0,SOFT_FINANCIAL
INVALID_VPA_PERMANENT,"VPA does not exist, invalid payee address",UPI_AUTOPAY,ICIC,19827.04,98.9,2,HARD_PERMANENT
PURCHASE_ORDER_MISMATCH,"PO amount mismatch, reconciliation on hold",B2B_INVOICE,HDFC,43796.95,99.4,1,COMMERCIAL_DISPUTE
INSUFFICIENT_FUNDS,Salary credit not yet posted; balance too low for auto-debit,UPI_AUTOPAY,ICIC,24877.14,98.9,1,SOFT_FINANCIAL
OTP_TIMEOUT,OTP verification timed out during checkout,MAGIC_CHECKOUT,SBIN,44653.11,78.2,0,TRANSIENT_TECHNICAL
PAYMENT_METHOD_UNAVAILABLE,selected UPI method unavailable at checkout,MAGIC_CHECKOUT,SBIN,22526.72,78.2,2,BEHAVIORAL_DROPOFF
INVOICE_APPROVAL_PENDING,procurement team se approval pending hai,B2B_INVOICE,UTIB,37595.47,96.5,1,COMMERCIAL_DISPUTE
INSUFFICIENT_FUNDS,Mandate debit declined due to low card account balance,UPI_AUTOPAY,KKBK,6679.1,97.8,0,SOFT_FINANCIAL
STOLEN_CARD,stolen card hotlisted by issuer,CARD_MANDATE,HDFC,12575.16,99.4,3,HARD_PERMANENT
OTP_TIMEOUT,"customer ne OTP time par enter nahi kiya, session expire",MAGIC_CHECKOUT,KKBK,12168.6,97.8,0,TRANSIENT_TECHNICAL
INVOICE_APPROVAL_PENDING,procurement team se approval pending hai,B2B_INVOICE,KKBK,26180.15,97.8,2,COMMERCIAL_DISPUTE
PURCHASE_ORDER_MISMATCH,"PO amount mismatch, reconciliation on hold",B2B_INVOICE,UTIB,24327.95,96.5,0,COMMERCIAL_DISPUTE
INVOICE_OVERDUE_30_DAYS,"30 din se payment pending, accounts se approval nahi aaya",B2B_INVOICE,UTIB,41991.71,96.5,3,COMMERCIAL_DISPUTE
GATEWAY_ERROR,issuer node degraded during mandate authorization,UPI_AUTOPAY,KKBK,17356.48,97.8,3,TRANSIENT_TECHNICAL
OTP_TIMEOUT,OTP verification timed out during checkout,MAGIC_CHECKOUT,ICIC,33562.54,98.9,2,TRANSIENT_TECHNICAL
NPCI_TIMEOUT,Card network switch response timed out,UPI_AUTOPAY,SBIN,22390.22,78.2,0,TRANSIENT_TECHNICAL
CHECKOUT_DROPPED_OFF,OTP verification timed out during checkout,MAGIC_CHECKOUT,KKBK,15072.69,97.8,0,BEHAVIORAL_DROPOFF
PAYMENT_METHOD_UNAVAILABLE,selected UPI method unavailable at checkout,MAGIC_CHECKOUT,KKBK,40987.7,97.8,0,BEHAVIORAL_DROPOFF
CHECKOUT_DROPPED_OFF,user ne checkout beech me chhod diya,MAGIC_CHECKOUT,SBIN,3551.38,78.2,3,BEHAVIORAL_DROPOFF
INVALID_VPA_PERMANENT,"galat UPI ID, ye VPA exist nahi karti",UPI_AUTOPAY,KKBK,31232.86,97.8,2,HARD_PERMANENT
CARD_EXPIRED,"card expiry ho gayi, naya card link karo",CARD_MANDATE,KKBK,17223.8,97.8,0,HARD_PERMANENT
PURCHASE_ORDER_MISMATCH,"PO amount mismatch, reconciliation on hold",B2B_INVOICE,KKBK,3264.32,97.8,2,COMMERCIAL_DISPUTE
INVOICE_APPROVAL_PENDING,Invoice stuck in enterprise procurement approval workflow,B2B_INVOICE,HDFC,19641.36,99.4,0,COMMERCIAL_DISPUTE
CART_ABANDONED_SHIPPING_FRICTION,shipping fee dekh kar customer ne cart chhod diya,MAGIC_CHECKOUT,SBIN,31290.95,78.2,0,BEHAVIORAL_DROPOFF
BANK_DEBIT_FAILED_TECHNICAL,"bank server busy, auto-debit fail ho gaya technical issue se",UPI_AUTOPAY,HDFC,13342.17,99.4,0,TRANSIENT_TECHNICAL
OTP_TIMEOUT,OTP verification timed out during checkout,MAGIC_CHECKOUT,SBIN,23995.78,78.2,1,TRANSIENT_TECHNICAL
FRAUD_DETECTED,High-risk score flagged by issuer fraud detection switch,CARD_MANDATE,SBIN,3736.86,78.2,3,HARD_PERMANENT
NPCI_TIMEOUT,"NPCI timeout, bank se confirmation nahi aaya",UPI_AUTOPAY,SBIN,22494.99,78.2,1,TRANSIENT_TECHNICAL
CHECKOUT_DROPPED_OFF,Customer abandoned session at shipping/payment step,MAGIC_CHECKOUT,UTIB,28777.77,96.5,1,BEHAVIORAL_DROPOFF
INVALID_VPA_PERMANENT,"VPA does not exist, invalid payee address",UPI_AUTOPAY,UTIB,40574.08,96.5,2,HARD_PERMANENT
TOKENIZATION_TIMEOUT,card token vault timeout during authorization,CARD_MANDATE,HDFC,19988.94,99.4,0,TRANSIENT_TECHNICAL
UPI_DAILY_LIMIT_EXCEEDED,"UPI daily cap khatam, kal retry karo",UPI_AUTOPAY,UTIB,31125.74,96.5,1,SOFT_FINANCIAL
INVOICE_APPROVAL_PENDING,Invoice stuck in enterprise procurement approval workflow,B2B_INVOICE,UTIB,38429.28,96.5,0,COMMERCIAL_DISPUTE
INSUFFICIENT_FUNDS,Mandate debit declined due to low card account balance,UPI_AUTOPAY,KKBK,16280.73,97.8,0,SOFT_FINANCIAL
INVOICE_APPROVAL_PENDING,Invoice stuck in enterprise procurement approval workflow,B2B_INVOICE,UTIB,12496.0,96.5,1,COMMERCIAL_DISPUTE
BANK_DEBIT_FAILED_TECHNICAL,debit attempt failed due to issuer switch congestion,UPI_AUTOPAY,ICIC,34952.97,98.9,0,TRANSIENT_TECHNICAL
MANDATE_AMOUNT_EXCEEDS_CAP,"mandate amount exceeds NPCI cap of Rs.1,00,000",UPI_AUTOPAY,SBIN,28015.54,78.2,2,SOFT_FINANCIAL
CHECKOUT_DROPPED_OFF,OTP verification timed out during checkout,MAGIC_CHECKOUT,HDFC,40672.39,99.4,2,BEHAVIORAL_DROPOFF
BANK_DEBIT_FAILED_TECHNICAL,"bank server busy, auto-debit fail ho gaya technical issue se",UPI_AUTOPAY,UTIB,1693.76,96.5,0,TRANSIENT_TECHNICAL
CHECKOUT_DROPPED_OFF,Customer abandoned session at shipping/payment step,MAGIC_CHECKOUT,ICIC,14836.34,98.9,1,BEHAVIORAL_DROPOFF
FRAUD_DETECTED,High-risk score flagged by issuer fraud detection switch,CARD_MANDATE,SBIN,35435.56,78.2,0,HARD_PERMANENT
STOLEN_CARD,"chori ka card report hua, block hai",CARD_MANDATE,SBIN,11711.52,78.2,3,HARD_PERMANENT
PURCHASE_ORDER_MISMATCH,purchase order aur invoice me antar hai,B2B_INVOICE,ICIC,36229.42,98.9,1,COMMERCIAL_DISPUTE
CARD_EXPIRED,Mandate card token expired; bank declined authorization,CARD_MANDATE,SBIN,38734.16,78.2,2,HARD_PERMANENT
NPCI_TIMEOUT,"NPCI timeout, bank se confirmation nahi aaya",UPI_AUTOPAY,ICIC,4244.66,98.9,1,TRANSIENT_TECHNICAL
ACCOUNT_CLOSED,"account band ho gaya hai, retry bekar hai",UPI_AUTOPAY,KKBK,5735.9,97.8,0,HARD_PERMANENT
INVALID_VPA_PERMANENT,"galat UPI ID, ye VPA exist nahi karti",UPI_AUTOPAY,ICIC,5053.01,98.9,0,HARD_PERMANENT
PURCHASE_ORDER_MISMATCH,"PO amount mismatch, reconciliation on hold",B2B_INVOICE,KKBK,39813.61,97.8,1,COMMERCIAL_DISPUTE
INVOICE_OVERDUE_30_DAYS,Net-30 invoice crossed due date without payment reconciliation,B2B_INVOICE,HDFC,28665.73,99.4,1,COMMERCIAL_DISPUTE
INVOICE_APPROVAL_PENDING,procurement team se approval pending hai,B2B_INVOICE,HDFC,6461.15,99.4,0,COMMERCIAL_DISPUTE
INVOICE_APPROVAL_PENDING,procurement team se approval pending hai,B2B_INVOICE,HDFC,4553.3,99.4,1,COMMERCIAL_DISPUTE
CHECKOUT_DROPPED_OFF,user ne checkout beech me chhod diya,MAGIC_CHECKOUT,UTIB,16820.69,96.5,2,BEHAVIORAL_DROPOFF
TOKENIZATION_TIMEOUT,"tokenization service slow, mandate auth timed out",CARD_MANDATE,KKBK,33453.39,97.8,0,TRANSIENT_TECHNICAL
OTP_TIMEOUT,OTP verification timed out during checkout,MAGIC_CHECKOUT,UTIB,27780.83,96.5,0,TRANSIENT_TECHNICAL
BANK_DEBIT_FAILED_TECHNICAL,"bank server busy, auto-debit fail ho gaya technical issue se",UPI_AUTOPAY,SBIN,20063.01,78.2,0,TRANSIENT_TECHNICAL
MANDATE_AMOUNT_EXCEEDS_CAP,"mandate amount exceeds NPCI cap of Rs.1,00,000",UPI_AUTOPAY,ICIC,24591.62,98.9,2,SOFT_FINANCIAL
MANDATE_AMOUNT_EXCEEDS_CAP,"mandate amount exceeds NPCI cap of Rs.1,00,000",UPI_AUTOPAY,UTIB,12558.76,96.5,0,SOFT_FINANCIAL
PAYMENT_METHOD_UNAVAILABLE,selected UPI method unavailable at checkout,MAGIC_CHECKOUT,SBIN,28948.0,78.2,1,BEHAVIORAL_DROPOFF
ACCOUNT_CLOSED,"customer account closed, debit returned",UPI_AUTOPAY,ICIC,11111.13,98.9,0,HARD_PERMANENT
UPI_DAILY_LIMIT_EXCEEDED,"Customer reached daily UPI transaction limit of Rs.1,00,000",UPI_AUTOPAY,HDFC,37375.67,99.4,1,SOFT_FINANCIAL
GATEWAY_ERROR,issuer node degraded during mandate authorization,UPI_AUTOPAY,SBIN,14918.8,78.2,0,TRANSIENT_TECHNICAL
ACCOUNT_CLOSED,"account band ho gaya hai, retry bekar hai",UPI_AUTOPAY,SBIN,44441.21,78.2,1,HARD_PERMANENT
INVALID_VPA_PERMANENT,"VPA does not exist, invalid payee address",UPI_AUTOPAY,HDFC,29815.04,99.4,0,HARD_PERMANENT
CHECKOUT_DROPPED_OFF,Customer abandoned session at shipping/payment step,MAGIC_CHECKOUT,ICIC,35591.1,98.9,0,BEHAVIORAL_DROPOFF
UPI_DAILY_LIMIT_EXCEEDED,"UPI daily cap khatam, kal retry karo",UPI_AUTOPAY,HDFC,8005.4,99.4,0,SOFT_FINANCIAL
CHECKOUT_DROPPED_OFF,OTP verification timed out during checkout,MAGIC_CHECKOUT,UTIB,23768.16,96.5,2,BEHAVIORAL_DROPOFF
CARD_EXPIRED,"card expiry ho gayi, naya card link karo",CARD_MANDATE,UTIB,35054.94,96.5,1,HARD_PERMANENT
UPI_DAILY_LIMIT_EXCEEDED,"Customer reached daily UPI transaction limit of Rs.1,00,000",UPI_AUTOPAY,UTIB,22771.48,96.5,1,SOFT_FINANCIAL
BANK_DEBIT_FAILED_TECHNICAL,"bank server busy, auto-debit fail ho gaya technical issue se",UPI_AUTOPAY,UTIB,29021.31,96.5,0,TRANSIENT_TECHNICAL
BANK_DEBIT_FAILED_TECHNICAL,debit attempt failed due to issuer switch congestion,UPI_AUTOPAY,UTIB,19296.48,96.5,0,TRANSIENT_TECHNICAL
PURCHASE_ORDER_MISMATCH,purchase order aur invoice me antar hai,B2B_INVOICE,HDFC,40487.05,99.4,0,COMMERCIAL_DISPUTE
CHECKOUT_DROPPED_OFF,Customer abandoned session at shipping/payment step,MAGIC_CHECKOUT,SBIN,12519.99,78.2,2,BEHAVIORAL_DROPOFF
UPI_DAILY_LIMIT_EXCEEDED,"limit exceed, transaction declined by bank",UPI_AUTOPAY,ICIC,17263.9,98.9,1,SOFT_FINANCIAL
STOLEN_CARD,"chori ka card report hua, block hai",CARD_MANDATE,UTIB,22848.19,96.5,1,HARD_PERMANENT
CART_ABANDONED_SHIPPING_FRICTION,User exited after shipping charge calculated,MAGIC_CHECKOUT,KKBK,32493.35,97.8,0,BEHAVIORAL_DROPOFF
OTP_TIMEOUT,"customer ne OTP time par enter nahi kiya, session expire",MAGIC_CHECKOUT,SBIN,18738.26,78.2,3,TRANSIENT_TECHNICAL
PAYMENT_METHOD_UNAVAILABLE,payment option show nahi ho raha tha,MAGIC_CHECKOUT,UTIB,32886.37,96.5,0,BEHAVIORAL_DROPOFF
OTP_TIMEOUT,"customer ne OTP time par enter nahi kiya, session expire",MAGIC_CHECKOUT,ICIC,16968.06,98.9,0,TRANSIENT_TECHNICAL
PURCHASE_ORDER_MISMATCH,"PO amount mismatch, reconciliation on hold",B2B_INVOICE,HDFC,37463.21,99.4,0,COMMERCIAL_DISPUTE
OTP_TIMEOUT,OTP verification timed out during checkout,MAGIC_CHECKOUT,ICIC,36567.08,98.9,1,TRANSIENT_TECHNICAL
BANK_DEBIT_FAILED_TECHNICAL,"bank server busy, auto-debit fail ho gaya technical issue se",UPI_AUTOPAY,HDFC,18603.64,99.4,3,TRANSIENT_TECHNICAL
OTP_TIMEOUT,OTP verification timed out during checkout,MAGIC_CHECKOUT,ICIC,27097.97,98.9,0,TRANSIENT_TECHNICAL
CART_ABANDONED_SHIPPING_FRICTION,User exited after shipping charge calculated,MAGIC_CHECKOUT,SBIN,29621.44,78.2,0,BEHAVIORAL_DROPOFF
CART_ABANDONED_SHIPPING_FRICTION,shipping fee dekh kar customer ne cart chhod diya,MAGIC_CHECKOUT,KKBK,16666.1,97.8,3,BEHAVIORAL_DROPOFF
INVALID_VPA_PERMANENT,"VPA does not exist, invalid payee address",UPI_AUTOPAY,UTIB,38062.8,96.5,3,HARD_PERMANENT
TOKENIZATION_TIMEOUT,card token vault timeout during authorization,CARD_MANDATE,KKBK,41822.91,97.8,3,TRANSIENT_TECHNICAL
INVALID_VPA_PERMANENT,"VPA does not exist, invalid payee address",UPI_AUTOPAY,SBIN,12441.79,78.2,3,HARD_PERMANENT
INVOICE_APPROVAL_PENDING,procurement team se approval pending hai,B2B_INVOICE,ICIC,472.55,98.9,3,COMMERCIAL_DISPUTE
CHECKOUT_DROPPED_OFF,OTP verification timed out during checkout,MAGIC_CHECKOUT,UTIB,3316.5,96.5,2,BEHAVIORAL_DROPOFF
ACCOUNT_CLOSED,"customer account closed, debit returned",UPI_AUTOPAY,KKBK,9837.17,97.8,1,HARD_PERMANENT
PAYMENT_METHOD_UNAVAILABLE,payment option show nahi ho raha tha,MAGIC_CHECKOUT,SBIN,16777.75,78.2,2,BEHAVIORAL_DROPOFF
INVOICE_OVERDUE_30_DAYS,Net-30 invoice crossed due date without payment reconciliation,B2B_INVOICE,HDFC,7169.14,99.4,3,COMMERCIAL_DISPUTE
BANK_DEBIT_FAILED_TECHNICAL,Downstream bank gateway timeout during debit attempt,UPI_AUTOPAY,ICIC,20050.9,98.9,1,TRANSIENT_TECHNICAL
PURCHASE_ORDER_MISMATCH,purchase order aur invoice me antar hai,B2B_INVOICE,UTIB,12437.15,96.5,3,COMMERCIAL_DISPUTE
STOLEN_CARD,stolen card hotlisted by issuer,CARD_MANDATE,ICIC,19459.56,98.9,0,HARD_PERMANENT
UPI_DAILY_LIMIT_EXCEEDED,"UPI daily cap khatam, kal retry karo",UPI_AUTOPAY,KKBK,30087.21,97.8,0,SOFT_FINANCIAL
INSUFFICIENT_FUNDS,Mandate debit declined due to low card account balance,UPI_AUTOPAY,KKBK,2653.29,97.8,0,SOFT_FINANCIAL
INVOICE_APPROVAL_PENDING,Invoice stuck in enterprise procurement approval workflow,B2B_INVOICE,SBIN,34434.17,78.2,0,COMMERCIAL_DISPUTE
INVOICE_OVERDUE_30_DAYS,Net-30 invoice crossed due date without payment reconciliation,B2B_INVOICE,HDFC,22482.36,99.4,1,COMMERCIAL_DISPUTE
FRAUD_DETECTED,High-risk score flagged by issuer fraud detection switch,CARD_MANDATE,UTIB,24059.22,96.5,0,HARD_PERMANENT
STOLEN_CARD,"chori ka card report hua, block hai",CARD_MANDATE,HDFC,17988.19,99.4,2,HARD_PERMANENT
BANK_DEBIT_FAILED_TECHNICAL,debit attempt failed due to issuer switch congestion,UPI_AUTOPAY,HDFC,20796.45,99.4,0,TRANSIENT_TECHNICAL
INVOICE_OVERDUE_30_DAYS,"30 din se payment pending, accounts se approval nahi aaya",B2B_INVOICE,KKBK,18317.55,97.8,2,COMMERCIAL_DISPUTE
OTP_TIMEOUT,"customer ne OTP time par enter nahi kiya, session expire",MAGIC_CHECKOUT,HDFC,18344.85,99.4,0,TRANSIENT_TECHNICAL
FRAUD_DETECTED,"suspicious activity, fraud check fail",CARD_MANDATE,ICIC,4147.31,98.9,3,HARD_PERMANENT
CART_ABANDONED_SHIPPING_FRICTION,User exited after shipping charge calculated,MAGIC_CHECKOUT,UTIB,26581.02,96.5,1,BEHAVIORAL_DROPOFF
CARD_EXPIRED,"card expiry ho gayi, naya card link karo",CARD_MANDATE,ICIC,33611.8,98.9,0,HARD_PERMANENT
INVOICE_OVERDUE_30_DAYS,Net-30 invoice crossed due date without payment reconciliation,B2B_INVOICE,HDFC,23069.16,99.4,0,COMMERCIAL_DISPUTE
STOLEN_CARD,stolen card hotlisted by issuer,CARD_MANDATE,ICIC,15928.62,98.9,3,HARD_PERMANENT
CHECKOUT_DROPPED_OFF,Customer abandoned session at shipping/payment step,MAGIC_CHECKOUT,HDFC,6759.85,99.4,0,BEHAVIORAL_DROPOFF
FRAUD_DETECTED,High-risk score flagged by issuer fraud detection switch,CARD_MANDATE,HDFC,8135.32,99.4,3,HARD_PERMANENT
PURCHASE_ORDER_MISMATCH,purchase order aur invoice me antar hai,B2B_INVOICE,KKBK,34242.26,97.8,1,COMMERCIAL_DISPUTE
UPI_DAILY_LIMIT_EXCEEDED,"limit exceed, transaction declined by bank",UPI_AUTOPAY,KKBK,14679.05,97.8,2,SOFT_FINANCIAL
INVOICE_OVERDUE_30_DAYS,Net-30 invoice crossed due date without payment reconciliation,B2B_INVOICE,UTIB,3258.29,96.5,1,COMMERCIAL_DISPUTE
INVOICE_APPROVAL_PENDING,procurement team se approval pending hai,B2B_INVOICE,KKBK,2715.57,97.8,1,COMMERCIAL_DISPUTE
CARD_EXPIRED,"card expiry ho gayi, naya card link karo",CARD_MANDATE,UTIB,20445.19,96.5,0,HARD_PERMANENT
MANDATE_AMOUNT_EXCEEDS_CAP,"autopay cap se zyada amount, bank ne decline kiya",UPI_AUTOPAY,HDFC,29080.7,99.4,3,SOFT_FINANCIAL
CARD_EXPIRED,"card expiry ho gayi, naya card link karo",CARD_MANDATE,UTIB,26198.34,96.5,3,HARD_PERMANENT
BANK_DEBIT_FAILED_TECHNICAL,debit attempt failed due to issuer switch congestion,UPI_AUTOPAY,KKBK,29401.97,97.8,0,TRANSIENT_TECHNICAL
PURCHASE_ORDER_MISMATCH,"PO amount mismatch, reconciliation on hold",B2B_INVOICE,HDFC,20382.89,99.4,3,COMMERCIAL_DISPUTE
INVOICE_OVERDUE_30_DAYS,Net-30 invoice crossed due date without payment reconciliation,B2B_INVOICE,KKBK,29146.14,97.8,0,COMMERCIAL_DISPUTE
INSUFFICIENT_FUNDS,Mandate debit declined due to low card account balance,UPI_AUTOPAY,UTIB,23677.8,96.5,1,SOFT_FINANCIAL
FRAUD_DETECTED,"suspicious activity, fraud check fail",CARD_MANDATE,ICIC,41323.49,98.9,1,HARD_PERMANENT
OTP_TIMEOUT,"customer ne OTP time par enter nahi kiya, session expire",MAGIC_CHECKOUT,KKBK,2545.03,97.8,2,TRANSIENT_TECHNICAL
INVOICE_OVERDUE_30_DAYS,Net-30 invoice crossed due date without payment reconciliation,B2B_INVOICE,ICIC,4432.96,98.9,2,COMMERCIAL_DISPUTE
NPCI_TIMEOUT,Card network switch response timed out,UPI_AUTOPAY,ICIC,32622.99,98.9,2,TRANSIENT_TECHNICAL
CHECKOUT_DROPPED_OFF,user ne checkout beech me chhod diya,MAGIC_CHECKOUT,HDFC,26306.31,99.4,0,BEHAVIORAL_DROPOFF
MANDATE_AMOUNT_EXCEEDS_CAP,"autopay cap se zyada amount, bank ne decline kiya",UPI_AUTOPAY,UTIB,5976.16,96.5,2,SOFT_FINANCIAL
CARD_EXPIRED,"card expiry ho gayi, naya card link karo",CARD_MANDATE,KKBK,17074.61,97.8,3,HARD_PERMANENT
INVOICE_OVERDUE_30_DAYS,Net-30 invoice crossed due date without payment reconciliation,B2B_INVOICE,KKBK,4385.79,97.8,2,COMMERCIAL_DISPUTE
OTP_TIMEOUT,"customer ne OTP time par enter nahi kiya, session expire",MAGIC_CHECKOUT,HDFC,16443.74,99.4,0,TRANSIENT_TECHNICAL
GATEWAY_ERROR,"downstream gateway error, retry after clearing window",UPI_AUTOPAY,UTIB,8801.03,96.5,0,TRANSIENT_TECHNICAL
CHECKOUT_DROPPED_OFF,Customer abandoned session at shipping/payment step,MAGIC_CHECKOUT,ICIC,38030.24,98.9,0,BEHAVIORAL_DROPOFF
STOLEN_CARD,stolen card hotlisted by issuer,CARD_MANDATE,ICIC,39462.27,98.9,1,HARD_PERMANENT
CHECKOUT_DROPPED_OFF,OTP verification timed out during checkout,MAGIC_CHECKOUT,UTIB,7109.68,96.5,0,BEHAVIORAL_DROPOFF
FRAUD_DETECTED,"suspicious activity, fraud check fail",CARD_MANDATE,HDFC,18605.88,99.4,2,HARD_PERMANENT
INSUFFICIENT_FUNDS,Mandate debit declined due to low card account balance,UPI_AUTOPAY,KKBK,12964.06,97.8,2,SOFT_FINANCIAL
PAYMENT_METHOD_UNAVAILABLE,selected UPI method unavailable at checkout,MAGIC_CHECKOUT,KKBK,10913.99,97.8,3,BEHAVIORAL_DROPOFF
PURCHASE_ORDER_MISMATCH,"PO amount mismatch, reconciliation on hold",B2B_INVOICE,ICIC,30587.82,98.9,1,COMMERCIAL_DISPUTE
PAYMENT_METHOD_UNAVAILABLE,payment option show nahi ho raha tha,MAGIC_CHECKOUT,ICIC,35059.73,98.9,1,BEHAVIORAL_DROPOFF
STOLEN_CARD,"chori ka card report hua, block hai",CARD_MANDATE,SBIN,36796.54,78.2,3,HARD_PERMANENT
CHECKOUT_DROPPED_OFF,user ne checkout beech me chhod diya,MAGIC_CHECKOUT,HDFC,28924.46,99.4,3,BEHAVIORAL_DROPOFF
MANDATE_AMOUNT_EXCEEDS_CAP,"mandate amount exceeds NPCI cap of Rs.1,00,000",UPI_AUTOPAY,KKBK,38332.09,97.8,0,SOFT_FINANCIAL
CARD_EXPIRED,Mandate card token expired; bank declined authorization,CARD_MANDATE,ICIC,20328.95,98.9,1,HARD_PERMANENT
CHECKOUT_DROPPED_OFF,user ne checkout beech me chhod diya,MAGIC_CHECKOUT,HDFC,42599.26,99.4,0,BEHAVIORAL_DROPOFF
PAYMENT_METHOD_UNAVAILABLE,payment option show nahi ho raha tha,MAGIC_CHECKOUT,HDFC,18786.8,99.4,1,BEHAVIORAL_DROPOFF
STOLEN_CARD,"chori ka card report hua, block hai",CARD_MANDATE,SBIN,17499.63,78.2,0,HARD_PERMANENT
MANDATE_AMOUNT_EXCEEDS_CAP,"mandate amount exceeds NPCI cap of Rs.1,00,000",UPI_AUTOPAY,HDFC,14476.4,99.4,0,SOFT_FINANCIAL
INVOICE_OVERDUE_30_DAYS,Net-30 invoice crossed due date without payment reconciliation,B2B_INVOICE,SBIN,1915.02,78.2,3,COMMERCIAL_DISPUTE
PURCHASE_ORDER_MISMATCH,"PO amount mismatch, reconciliation on hold",B2B_INVOICE,UTIB,20296.79,96.5,0,COMMERCIAL_DISPUTE
CARD_EXPIRED,Mandate card token expired; bank declined authorization,CARD_MANDATE,ICIC,9860.55,98.9,0,HARD_PERMANENT
TOKENIZATION_TIMEOUT,"tokenization service slow, mandate auth timed out",CARD_MANDATE,HDFC,34972.31,99.4,0,TRANSIENT_TECHNICAL
INVOICE_APPROVAL_PENDING,Invoice stuck in enterprise procurement approval workflow,B2B_INVOICE,HDFC,10881.33,99.4,2,COMMERCIAL_DISPUTE
PAYMENT_METHOD_UNAVAILABLE,selected UPI method unavailable at checkout,MAGIC_CHECKOUT,HDFC,37683.45,99.4,1,BEHAVIORAL_DROPOFF
TOKENIZATION_TIMEOUT,card token vault timeout during authorization,CARD_MANDATE,KKBK,25961.7,97.8,2,TRANSIENT_TECHNICAL
CHECKOUT_DROPPED_OFF,user ne checkout beech me chhod diya,MAGIC_CHECKOUT,UTIB,269.08,96.5,0,BEHAVIORAL_DROPOFF
INSUFFICIENT_FUNDS,Mandate debit declined due to low card account balance,UPI_AUTOPAY,SBIN,29963.5,78.2,0,SOFT_FINANCIAL
STOLEN_CARD,"chori ka card report hua, block hai",CARD_MANDATE,HDFC,42912.44,99.4,1,HARD_PERMANENT
STOLEN_CARD,stolen card hotlisted by issuer,CARD_MANDATE,UTIB,39325.12,96.5,0,HARD_PERMANENT
NPCI_TIMEOUT,Card network switch response timed out,UPI_AUTOPAY,ICIC,33679.53,98.9,0,TRANSIENT_TECHNICAL
CARD_EXPIRED,"card expiry ho gayi, naya card link karo",CARD_MANDATE,SBIN,33035.49,78.2,2,HARD_PERMANENT
CART_ABANDONED_SHIPPING_FRICTION,shipping fee dekh kar customer ne cart chhod diya,MAGIC_CHECKOUT,SBIN,2185.28,78.2,1,BEHAVIORAL_DROPOFF
INVOICE_OVERDUE_30_DAYS,Net-30 invoice crossed due date without payment reconciliation,B2B_INVOICE,UTIB,44140.68,96.5,1,COMMERCIAL_DISPUTE
FRAUD_DETECTED,High-risk score flagged by issuer fraud detection switch,CARD_MANDATE,HDFC,32278.53,99.4,1,HARD_PERMANENT
BANK_DEBIT_FAILED_TECHNICAL,"bank server busy, auto-debit fail ho gaya technical issue se",UPI_AUTOPAY,SBIN,2161.56,78.2,0,TRANSIENT_TECHNICAL
BANK_DEBIT_FAILED_TECHNICAL,"bank server busy, auto-debit fail ho gaya technical issue se",UPI_AUTOPAY,ICIC,23288.7,98.9,3,TRANSIENT_TECHNICAL
TOKENIZATION_TIMEOUT,"tokenization service slow, mandate auth timed out",CARD_MANDATE,ICIC,1839.65,98.9,2,TRANSIENT_TECHNICAL
GATEWAY_ERROR,"downstream gateway error, retry after clearing window",UPI_AUTOPAY,ICIC,38823.67,98.9,0,TRANSIENT_TECHNICAL
INVOICE_OVERDUE_30_DAYS,"30 din se payment pending, accounts se approval nahi aaya",B2B_INVOICE,HDFC,36010.34,99.4,1,COMMERCIAL_DISPUTE
NPCI_TIMEOUT,"NPCI timeout, bank se confirmation nahi aaya",UPI_AUTOPAY,UTIB,40279.65,96.5,1,TRANSIENT_TECHNICAL
INVOICE_OVERDUE_30_DAYS,Net-30 invoice crossed due date without payment reconciliation,B2B_INVOICE,UTIB,31204.36,96.5,0,COMMERCIAL_DISPUTE
STOLEN_CARD,"chori ka card report hua, block hai",CARD_MANDATE,HDFC,32772.97,99.4,0,HARD_PERMANENT
OTP_TIMEOUT,OTP verification timed out during checkout,MAGIC_CHECKOUT,KKBK,13360.03,97.8,0,TRANSIENT_TECHNICAL
CARD_EXPIRED,"card expiry ho gayi, naya card link karo",CARD_MANDATE,ICIC,13930.32,98.9,1,HARD_PERMANENT
OTP_TIMEOUT,OTP verification timed out during checkout,MAGIC_CHECKOUT,UTIB,15948.66,96.5,0,TRANSIENT_TECHNICAL
MANDATE_AMOUNT_EXCEEDS_CAP,"autopay cap se zyada amount, bank ne decline kiya",UPI_AUTOPAY,ICIC,28847.86,98.9,3,SOFT_FINANCIAL
BANK_DEBIT_FAILED_TECHNICAL,Downstream bank gateway timeout during debit attempt,UPI_AUTOPAY,UTIB,16475.7,96.5,3,TRANSIENT_TECHNICAL
FRAUD_DETECTED,High-risk score flagged by issuer fraud detection switch,CARD_MANDATE,SBIN,38220.23,78.2,2,HARD_PERMANENT
PAYMENT_METHOD_UNAVAILABLE,selected UPI method unavailable at checkout,MAGIC_CHECKOUT,SBIN,3211.12,78.2,3,BEHAVIORAL_DROPOFF
MANDATE_AMOUNT_EXCEEDS_CAP,"autopay cap se zyada amount, bank ne decline kiya",UPI_AUTOPAY,UTIB,42736.08,96.5,0,SOFT_FINANCIAL
CHECKOUT_DROPPED_OFF,OTP verification timed out during checkout,MAGIC_CHECKOUT,UTIB,42707.24,96.5,0,BEHAVIORAL_DROPOFF
PAYMENT_METHOD_UNAVAILABLE,selected UPI method unavailable at checkout,MAGIC_CHECKOUT,KKBK,6367.88,97.8,0,BEHAVIORAL_DROPOFF
NPCI_TIMEOUT,Card network switch response timed out,UPI_AUTOPAY,ICIC,11381.85,98.9,0,TRANSIENT_TECHNICAL
ACCOUNT_CLOSED,"customer account closed, debit returned",UPI_AUTOPAY,UTIB,23394.51,96.5,1,HARD_PERMANENT
CART_ABANDONED_SHIPPING_FRICTION,shipping fee dekh kar customer ne cart chhod diya,MAGIC_CHECKOUT,ICIC,31740.6,98.9,0,BEHAVIORAL_DROPOFF
INVOICE_APPROVAL_PENDING,procurement team se approval pending hai,B2B_INVOICE,SBIN,5693.28,78.2,3,COMMERCIAL_DISPUTE
CARD_EXPIRED,"card expiry ho gayi, naya card link karo",CARD_MANDATE,SBIN,40460.72,78.2,1,HARD_PERMANENT
CARD_EXPIRED,"card expiry ho gayi, naya card link karo",CARD_MANDATE,ICIC,31987.12,98.9,1,HARD_PERMANENT
TOKENIZATION_TIMEOUT,"tokenization service slow, mandate auth timed out",CARD_MANDATE,ICIC,38340.87,98.9,2,TRANSIENT_TECHNICAL
FRAUD_DETECTED,"suspicious activity, fraud check fail",CARD_MANDATE,KKBK,10245.25,97.8,0,HARD_PERMANENT
CHECKOUT_DROPPED_OFF,Customer abandoned session at shipping/payment step,MAGIC_CHECKOUT,UTIB,1376.55,96.5,1,BEHAVIORAL_DROPOFF
UPI_DAILY_LIMIT_EXCEEDED,"UPI daily cap khatam, kal retry karo",UPI_AUTOPAY,UTIB,36203.85,96.5,1,SOFT_FINANCIAL
CHECKOUT_DROPPED_OFF,OTP verification timed out during checkout,MAGIC_CHECKOUT,HDFC,3144.58,99.4,1,BEHAVIORAL_DROPOFF
PURCHASE_ORDER_MISMATCH,purchase order aur invoice me antar hai,B2B_INVOICE,UTIB,37085.43,96.5,0,COMMERCIAL_DISPUTE
CHECKOUT_DROPPED_OFF,user ne checkout beech me chhod diya,MAGIC_CHECKOUT,HDFC,20358.31,99.4,2,BEHAVIORAL_DROPOFF
STOLEN_CARD,"chori ka card report hua, block hai",CARD_MANDATE,SBIN,39532.49,78.2,3,HARD_PERMANENT
TOKENIZATION_TIMEOUT,card token vault timeout during authorization,CARD_MANDATE,SBIN,19580.73,78.2,3,TRANSIENT_TECHNICAL
BANK_DEBIT_FAILED_TECHNICAL,Downstream bank gateway timeout during debit attempt,UPI_AUTOPAY,KKBK,7054.25,97.8,0,TRANSIENT_TECHNICAL
FRAUD_DETECTED,"suspicious activity, fraud check fail",CARD_MANDATE,SBIN,15701.18,78.2,1,HARD_PERMANENT
INVOICE_APPROVAL_PENDING,Invoice stuck in enterprise procurement approval workflow,B2B_INVOICE,ICIC,8993.52,98.9,1,COMMERCIAL_DISPUTE
INVALID_VPA_PERMANENT,"VPA does not exist, invalid payee address",UPI_AUTOPAY,ICIC,27726.0,98.9,0,HARD_PERMANENT
STOLEN_CARD,stolen card hotlisted by issuer,CARD_MANDATE,KKBK,42383.93,97.8,0,HARD_PERMANENT
FRAUD_DETECTED,"suspicious activity, fraud check fail",CARD_MANDATE,KKBK,2044.55,97.8,3,HARD_PERMANENT
ACCOUNT_CLOSED,"customer account closed, debit returned",UPI_AUTOPAY,HDFC,42694.85,99.4,3,HARD_PERMANENT
UPI_DAILY_LIMIT_EXCEEDED,"UPI daily cap khatam, kal retry karo",UPI_AUTOPAY,SBIN,34559.53,78.2,1,SOFT_FINANCIAL
ACCOUNT_CLOSED,"account band ho gaya hai, retry bekar hai",UPI_AUTOPAY,KKBK,13176.58,97.8,0,HARD_PERMANENT
PURCHASE_ORDER_MISMATCH,"PO amount mismatch, reconciliation on hold",B2B_INVOICE,UTIB,13524.33,96.5,0,COMMERCIAL_DISPUTE
BANK_DEBIT_FAILED_TECHNICAL,Issuer node degradation during 02:00 AM auto-debit window,UPI_AUTOPAY,UTIB,18819.27,96.5,1,TRANSIENT_TECHNICAL
GATEWAY_ERROR,"downstream gateway error, retry after clearing window",UPI_AUTOPAY,KKBK,6635.5,97.8,3,TRANSIENT_TECHNICAL
INVOICE_OVERDUE_30_DAYS,"30 din se payment pending, accounts se approval nahi aaya",B2B_INVOICE,UTIB,6057.45,96.5,0,COMMERCIAL_DISPUTE
STOLEN_CARD,stolen card hotlisted by issuer,CARD_MANDATE,ICIC,11029.1,98.9,0,HARD_PERMANENT
INVALID_VPA_PERMANENT,"galat UPI ID, ye VPA exist nahi karti",UPI_AUTOPAY,SBIN,6510.46,78.2,0,HARD_PERMANENT
INVOICE_APPROVAL_PENDING,procurement team se approval pending hai,B2B_INVOICE,KKBK,18931.85,97.8,3,COMMERCIAL_DISPUTE
FRAUD_DETECTED,"suspicious activity, fraud check fail",CARD_MANDATE,KKBK,32506.27,97.8,0,HARD_PERMANENT
FRAUD_DETECTED,"suspicious activity, fraud check fail",CARD_MANDATE,KKBK,21112.78,97.8,0,HARD_PERMANENT
PURCHASE_ORDER_MISMATCH,"PO amount mismatch, reconciliation on hold",B2B_INVOICE,HDFC,42546.37,99.4,1,COMMERCIAL_DISPUTE
PAYMENT_METHOD_UNAVAILABLE,selected UPI method unavailable at checkout,MAGIC_CHECKOUT,SBIN,26333.4,78.2,0,BEHAVIORAL_DROPOFF
BANK_DEBIT_FAILED_TECHNICAL,"bank server busy, auto-debit fail ho gaya technical issue se",UPI_AUTOPAY,UTIB,26968.44,96.5,3,TRANSIENT_TECHNICAL
PURCHASE_ORDER_MISMATCH,purchase order aur invoice me antar hai,B2B_INVOICE,KKBK,565.36,97.8,0,COMMERCIAL_DISPUTE
OTP_TIMEOUT,OTP verification timed out during checkout,MAGIC_CHECKOUT,ICIC,32792.09,98.9,3,TRANSIENT_TECHNICAL
NPCI_TIMEOUT,Card network switch response timed out,UPI_AUTOPAY,HDFC,18145.46,99.4,1,TRANSIENT_TECHNICAL
TOKENIZATION_TIMEOUT,card token vault timeout during authorization,CARD_MANDATE,ICIC,24983.94,98.9,0,TRANSIENT_TECHNICAL
NPCI_TIMEOUT,"NPCI timeout, bank se confirmation nahi aaya",UPI_AUTOPAY,UTIB,34445.07,96.5,0,TRANSIENT_TECHNICAL
CART_ABANDONED_SHIPPING_FRICTION,User exited after shipping charge calculated,MAGIC_CHECKOUT,HDFC,17846.28,99.4,3,BEHAVIORAL_DROPOFF
INVOICE_OVERDUE_30_DAYS,"30 din se payment pending, accounts se approval nahi aaya",B2B_INVOICE,SBIN,9116.99,78.2,1,COMMERCIAL_DISPUTE
NPCI_TIMEOUT,"NPCI timeout, bank se confirmation nahi aaya",UPI_AUTOPAY,HDFC,2228.64,99.4,0,TRANSIENT_TECHNICAL
INVOICE_OVERDUE_30_DAYS,"30 din se payment pending, accounts se approval nahi aaya",B2B_INVOICE,KKBK,20672.54,97.8,1,COMMERCIAL_DISPUTE
STOLEN_CARD,stolen card hotlisted by issuer,CARD_MANDATE,ICIC,41925.25,98.9,0,HARD_PERMANENT
FRAUD_DETECTED,"suspicious activity, fraud check fail",CARD_MANDATE,KKBK,33321.25,97.8,0,HARD_PERMANENT
UPI_DAILY_LIMIT_EXCEEDED,"UPI daily cap khatam, kal retry karo",UPI_AUTOPAY,KKBK,37307.19,97.8,1,SOFT_FINANCIAL
PURCHASE_ORDER_MISMATCH,purchase order aur invoice me antar hai,B2B_INVOICE,UTIB,36745.36,96.5,0,COMMERCIAL_DISPUTE
INVOICE_OVERDUE_30_DAYS,Net-30 invoice crossed due date without payment reconciliation,B2B_INVOICE,UTIB,26349.44,96.5,3,COMMERCIAL_DISPUTE
ACCOUNT_CLOSED,"account band ho gaya hai, retry bekar hai",UPI_AUTOPAY,ICIC,43524.73,98.9,3,HARD_PERMANENT
UPI_DAILY_LIMIT_EXCEEDED,"limit exceed, transaction declined by bank",UPI_AUTOPAY,SBIN,32518.45,78.2,1,SOFT_FINANCIAL
PURCHASE_ORDER_MISMATCH,"PO amount mismatch, reconciliation on hold",B2B_INVOICE,KKBK,28379.96,97.8,1,COMMERCIAL_DISPUTE
NPCI_TIMEOUT,UPI switch response timed out after 30 seconds,UPI_AUTOPAY,SBIN,1613.39,78.2,2,TRANSIENT_TECHNICAL
CART_ABANDONED_SHIPPING_FRICTION,User exited after shipping charge calculated,MAGIC_CHECKOUT,HDFC,19957.97,99.4,1,BEHAVIORAL_DROPOFF
CHECKOUT_DROPPED_OFF,user ne checkout beech me chhod diya,MAGIC_CHECKOUT,SBIN,18584.32,78.2,3,BEHAVIORAL_DROPOFF
PURCHASE_ORDER_MISMATCH,"PO amount mismatch, reconciliation on hold",B2B_INVOICE,SBIN,23436.53,78.2,1,COMMERCIAL_DISPUTE
INVOICE_OVERDUE_30_DAYS,"30 din se payment pending, accounts se approval nahi aaya",B2B_INVOICE,KKBK,17081.13,97.8,0,COMMERCIAL_DISPUTE
PAYMENT_METHOD_UNAVAILABLE,payment option show nahi ho raha tha,MAGIC_CHECKOUT,KKBK,16071.41,97.8,3,BEHAVIORAL_DROPOFF
INVALID_VPA_PERMANENT,"galat UPI ID, ye VPA exist nahi karti",UPI_AUTOPAY,SBIN,43088.67,78.2,0,HARD_PERMANENT
TOKENIZATION_TIMEOUT,"tokenization service slow, mandate auth timed out",CARD_MANDATE,SBIN,42378.49,78.2,0,TRANSIENT_TECHNICAL
INVOICE_APPROVAL_PENDING,Invoice stuck in enterprise procurement approval workflow,B2B_INVOICE,UTIB,14402.74,96.5,0,COMMERCIAL_DISPUTE
TOKENIZATION_TIMEOUT,"tokenization service slow, mandate auth timed out",CARD_MANDATE,ICIC,5659.08,98.9,2,TRANSIENT_TECHNICAL
TOKENIZATION_TIMEOUT,"tokenization service slow, mandate auth timed out",CARD_MANDATE,UTIB,36863.13,96.5,3,TRANSIENT_TECHNICAL
CHECKOUT_DROPPED_OFF,user ne checkout beech me chhod diya,MAGIC_CHECKOUT,HDFC,13085.13,99.4,2,BEHAVIORAL_DROPOFF
CARD_EXPIRED,"card expiry ho gayi, naya card link karo",CARD_MANDATE,UTIB,29587.2,96.5,2,HARD_PERMANENT
PURCHASE_ORDER_MISMATCH,"PO amount mismatch, reconciliation on hold",B2B_INVOICE,SBIN,37292.06,78.2,0,COMMERCIAL_DISPUTE
TOKENIZATION_TIMEOUT,"tokenization service slow, mandate auth timed out",CARD_MANDATE,SBIN,5092.46,78.2,2,TRANSIENT_TECHNICAL
UPI_DAILY_LIMIT_EXCEEDED,"Customer reached daily UPI transaction limit of Rs.1,00,000",UPI_AUTOPAY,SBIN,2473.34,78.2,1,SOFT_FINANCIAL
INSUFFICIENT_FUNDS,Salary credit not yet posted; balance too low for auto-debit,UPI_AUTOPAY,HDFC,4687.97,99.4,0,SOFT_FINANCIAL
PURCHASE_ORDER_MISMATCH,"PO amount mismatch, reconciliation on hold",B2B_INVOICE,SBIN,431.13,78.2,1,COMMERCIAL_DISPUTE
FRAUD_DETECTED,"suspicious activity, fraud check fail",CARD_MANDATE,UTIB,21589.17,96.5,0,HARD_PERMANENT
INVOICE_APPROVAL_PENDING,procurement team se approval pending hai,B2B_INVOICE,ICIC,29135.87,98.9,3,COMMERCIAL_DISPUTE
CARD_EXPIRED,Mandate card token expired; bank declined authorization,CARD_MANDATE,KKBK,33292.89,97.8,3,HARD_PERMANENT
BANK_DEBIT_FAILED_TECHNICAL,Issuer node degradation during 02:00 AM auto-debit window,UPI_AUTOPAY,UTIB,39724.46,96.5,0,TRANSIENT_TECHNICAL
BANK_DEBIT_FAILED_TECHNICAL,debit attempt failed due to issuer switch congestion,UPI_AUTOPAY,UTIB,8545.95,96.5,2,TRANSIENT_TECHNICAL
INVOICE_APPROVAL_PENDING,Invoice stuck in enterprise procurement approval workflow,B2B_INVOICE,HDFC,13567.27,99.4,1,COMMERCIAL_DISPUTE
CART_ABANDONED_SHIPPING_FRICTION,shipping fee dekh kar customer ne cart chhod diya,MAGIC_CHECKOUT,ICIC,20554.29,98.9,2,BEHAVIORAL_DROPOFF
TOKENIZATION_TIMEOUT,"tokenization service slow, mandate auth timed out",CARD_MANDATE,SBIN,38327.33,78.2,1,TRANSIENT_TECHNICAL
INVALID_VPA_PERMANENT,"VPA does not exist, invalid payee address",UPI_AUTOPAY,HDFC,15013.98,99.4,2,HARD_PERMANENT
PAYMENT_METHOD_UNAVAILABLE,payment option show nahi ho raha tha,MAGIC_CHECKOUT,SBIN,829.99,78.2,0,BEHAVIORAL_DROPOFF
INVOICE_APPROVAL_PENDING,Invoice stuck in enterprise procurement approval workflow,B2B_INVOICE,SBIN,27570.37,78.2,2,COMMERCIAL_DISPUTE
NPCI_TIMEOUT,Card network switch response timed out,UPI_AUTOPAY,KKBK,14890.44,97.8,1,TRANSIENT_TECHNICAL
CART_ABANDONED_SHIPPING_FRICTION,User exited after shipping charge calculated,MAGIC_CHECKOUT,SBIN,21589.42,78.2,0,BEHAVIORAL_DROPOFF
ACCOUNT_CLOSED,"account band ho gaya hai, retry bekar hai",UPI_AUTOPAY,UTIB,10750.59,96.5,3,HARD_PERMANENT
INVALID_VPA_PERMANENT,"galat UPI ID, ye VPA exist nahi karti",UPI_AUTOPAY,ICIC,26293.82,98.9,1,HARD_PERMANENT
ACCOUNT_CLOSED,"account band ho gaya hai, retry bekar hai",UPI_AUTOPAY,ICIC,31235.73,98.9,0,HARD_PERMANENT
CART_ABANDONED_SHIPPING_FRICTION,shipping fee dekh kar customer ne cart chhod diya,MAGIC_CHECKOUT,ICIC,7354.47,98.9,2,BEHAVIORAL_DROPOFF
STOLEN_CARD,"chori ka card report hua, block hai",CARD_MANDATE,HDFC,28813.91,99.4,0,HARD_PERMANENT
MANDATE_AMOUNT_EXCEEDS_CAP,"mandate amount exceeds NPCI cap of Rs.1,00,000",UPI_AUTOPAY,SBIN,43089.71,78.2,1,SOFT_FINANCIAL
CHECKOUT_DROPPED_OFF,user ne checkout beech me chhod diya,MAGIC_CHECKOUT,KKBK,16937.77,97.8,2,BEHAVIORAL_DROPOFF
TOKENIZATION_TIMEOUT,"tokenization service slow, mandate auth timed out",CARD_MANDATE,KKBK,36129.18,97.8,3,TRANSIENT_TECHNICAL
GATEWAY_ERROR,issuer node degraded during mandate authorization,UPI_AUTOPAY,KKBK,39316.32,97.8,0,TRANSIENT_TECHNICAL
STOLEN_CARD,"chori ka card report hua, block hai",CARD_MANDATE,KKBK,31728.43,97.8,0,HARD_PERMANENT
UPI_DAILY_LIMIT_EXCEEDED,"Customer reached daily UPI transaction limit of Rs.1,00,000",UPI_AUTOPAY,HDFC,37328.91,99.4,1,SOFT_FINANCIAL
GATEWAY_ERROR,issuer node degraded during mandate authorization,UPI_AUTOPAY,SBIN,14899.0,78.2,1,TRANSIENT_TECHNICAL
PAYMENT_METHOD_UNAVAILABLE,selected UPI method unavailable at checkout,MAGIC_CHECKOUT,SBIN,32317.64,78.2,1,BEHAVIORAL_DROPOFF
CARD_EXPIRED,"card expiry ho gayi, naya card link karo",CARD_MANDATE,HDFC,20513.22,99.4,1,HARD_PERMANENT
OTP_TIMEOUT,"customer ne OTP time par enter nahi kiya, session expire",MAGIC_CHECKOUT,KKBK,2785.67,97.8,1,TRANSIENT_TECHNICAL
INVOICE_APPROVAL_PENDING,Invoice stuck in enterprise procurement approval workflow,B2B_INVOICE,UTIB,11598.94,96.5,0,COMMERCIAL_DISPUTE
GATEWAY_ERROR,504 Gateway Timeout from NPCI switch,UPI_AUTOPAY,HDFC,19181.07,99.4,2,TRANSIENT_TECHNICAL
CARD_EXPIRED,Mandate card token expired; bank declined authorization,CARD_MANDATE,HDFC,44378.93,99.4,1,HARD_PERMANENT
BANK_DEBIT_FAILED_TECHNICAL,"bank server busy, auto-debit fail ho gaya technical issue se",UPI_AUTOPAY,UTIB,8262.34,96.5,0,TRANSIENT_TECHNICAL
OTP_TIMEOUT,"customer ne OTP time par enter nahi kiya, session expire",MAGIC_CHECKOUT,UTIB,20293.91,96.5,1,TRANSIENT_TECHNICAL
NPCI_TIMEOUT,UPI switch response timed out after 30 seconds,UPI_AUTOPAY,KKBK,6157.08,97.8,3,TRANSIENT_TECHNICAL
MANDATE_AMOUNT_EXCEEDS_CAP,"mandate amount exceeds NPCI cap of Rs.1,00,000",UPI_AUTOPAY,SBIN,44679.53,78.2,1,SOFT_FINANCIAL
STOLEN_CARD,stolen card hotlisted by issuer,CARD_MANDATE,SBIN,37599.84,78.2,3,HARD_PERMANENT
ACCOUNT_CLOSED,"account band ho gaya hai, retry bekar hai",UPI_AUTOPAY,UTIB,30372.47,96.5,1,HARD_PERMANENT
OTP_TIMEOUT,"customer ne OTP time par enter nahi kiya, session expire",MAGIC_CHECKOUT,SBIN,11287.79,78.2,0,TRANSIENT_TECHNICAL
CHECKOUT_DROPPED_OFF,user ne checkout beech me chhod diya,MAGIC_CHECKOUT,SBIN,42195.92,78.2,2,BEHAVIORAL_DROPOFF
CART_ABANDONED_SHIPPING_FRICTION,User exited after shipping charge calculated,MAGIC_CHECKOUT,UTIB,27748.17,96.5,0,BEHAVIORAL_DROPOFF
INSUFFICIENT_FUNDS,Salary credit not yet posted; balance too low for auto-debit,UPI_AUTOPAY,HDFC,4719.27,99.4,0,SOFT_FINANCIAL
PAYMENT_METHOD_UNAVAILABLE,selected UPI method unavailable at checkout,MAGIC_CHECKOUT,SBIN,33375.98,78.2,1,BEHAVIORAL_DROPOFF
PAYMENT_METHOD_UNAVAILABLE,selected UPI method unavailable at checkout,MAGIC_CHECKOUT,KKBK,9932.88,97.8,3,BEHAVIORAL_DROPOFF
BANK_DEBIT_FAILED_TECHNICAL,Issuer node degradation during 02:00 AM auto-debit window,UPI_AUTOPAY,KKBK,44708.05,97.8,0,TRANSIENT_TECHNICAL
UPI_DAILY_LIMIT_EXCEEDED,"UPI daily cap khatam, kal retry karo",UPI_AUTOPAY,KKBK,26986.31,97.8,2,SOFT_FINANCIAL
INVOICE_OVERDUE_30_DAYS,Net-30 invoice crossed due date without payment reconciliation,B2B_INVOICE,ICIC,39456.25,98.9,2,COMMERCIAL_DISPUTE
STOLEN_CARD,stolen card hotlisted by issuer,CARD_MANDATE,UTIB,13661.74,96.5,0,HARD_PERMANENT
TOKENIZATION_TIMEOUT,card token vault timeout during authorization,CARD_MANDATE,UTIB,25101.67,96.5,0,TRANSIENT_TECHNICAL
MANDATE_AMOUNT_EXCEEDS_CAP,"autopay cap se zyada amount, bank ne decline kiya",UPI_AUTOPAY,KKBK,14478.62,97.8,1,SOFT_FINANCIAL
OTP_TIMEOUT,OTP verification timed out during checkout,MAGIC_CHECKOUT,ICIC,17064.79,98.9,3,TRANSIENT_TECHNICAL
TOKENIZATION_TIMEOUT,"tokenization service slow, mandate auth timed out",CARD_MANDATE,SBIN,38250.32,78.2,0,TRANSIENT_TECHNICAL
CHECKOUT_DROPPED_OFF,user ne checkout beech me chhod diya,MAGIC_CHECKOUT,HDFC,25394.45,99.4,1,BEHAVIORAL_DROPOFF
TOKENIZATION_TIMEOUT,card token vault timeout during authorization,CARD_MANDATE,UTIB,11079.3,96.5,0,TRANSIENT_TECHNICAL
INVOICE_OVERDUE_30_DAYS,Net-30 invoice crossed due date without payment reconciliation,B2B_INVOICE,UTIB,38151.42,96.5,0,COMMERCIAL_DISPUTE
TOKENIZATION_TIMEOUT,card token vault timeout during authorization,CARD_MANDATE,HDFC,12226.35,99.4,2,TRANSIENT_TECHNICAL
BANK_DEBIT_FAILED_TECHNICAL,Downstream bank gateway timeout during debit attempt,UPI_AUTOPAY,SBIN,36248.15,78.2,1,TRANSIENT_TECHNICAL
TOKENIZATION_TIMEOUT,card token vault timeout during authorization,CARD_MANDATE,UTIB,9557.44,96.5,0,TRANSIENT_TECHNICAL
INVOICE_APPROVAL_PENDING,Invoice stuck in enterprise procurement approval workflow,B2B_INVOICE,SBIN,42184.69,78.2,2,COMMERCIAL_DISPUTE
CART_ABANDONED_SHIPPING_FRICTION,shipping fee dekh kar customer ne cart chhod diya,MAGIC_CHECKOUT,SBIN,31363.75,78.2,2,BEHAVIORAL_DROPOFF
GATEWAY_ERROR,"payment gateway ne response nahi diya, timeout ho gaya",UPI_AUTOPAY,SBIN,24932.7,78.2,3,TRANSIENT_TECHNICAL
INVOICE_APPROVAL_PENDING,procurement team se approval pending hai,B2B_INVOICE,UTIB,24107.06,96.5,0,COMMERCIAL_DISPUTE
INVOICE_APPROVAL_PENDING,procurement team se approval pending hai,B2B_INVOICE,ICIC,23173.69,98.9,1,COMMERCIAL_DISPUTE
PAYMENT_METHOD_UNAVAILABLE,selected UPI method unavailable at checkout,MAGIC_CHECKOUT,UTIB,34320.74,96.5,0,BEHAVIORAL_DROPOFF
GATEWAY_ERROR,"downstream gateway error, retry after clearing window",UPI_AUTOPAY,ICIC,18743.49,98.9,1,TRANSIENT_TECHNICAL
INSUFFICIENT_FUNDS,Salary credit not yet posted; balance too low for auto-debit,UPI_AUTOPAY,HDFC,11881.94,99.4,1,SOFT_FINANCIAL
UPI_DAILY_LIMIT_EXCEEDED,"limit exceed, transaction declined by bank",UPI_AUTOPAY,UTIB,13423.91,96.5,0,SOFT_FINANCIAL
INVOICE_OVERDUE_30_DAYS,Net-30 invoice crossed due date without payment reconciliation,B2B_INVOICE,UTIB,25726.14,96.5,0,COMMERCIAL_DISPUTE
PURCHASE_ORDER_MISMATCH,purchase order aur invoice me antar hai,B2B_INVOICE,ICIC,34398.32,98.9,1,COMMERCIAL_DISPUTE
PURCHASE_ORDER_MISMATCH,purchase order aur invoice me antar hai,B2B_INVOICE,SBIN,33027.93,78.2,0,COMMERCIAL_DISPUTE
FRAUD_DETECTED,High-risk score flagged by issuer fraud detection switch,CARD_MANDATE,KKBK,22076.06,97.8,1,HARD_PERMANENT
BANK_DEBIT_FAILED_TECHNICAL,Downstream bank gateway timeout during debit attempt,UPI_AUTOPAY,HDFC,42544.37,99.4,2,TRANSIENT_TECHNICAL
BANK_DEBIT_FAILED_TECHNICAL,Downstream bank gateway timeout during debit attempt,UPI_AUTOPAY,UTIB,6358.76,96.5,2,TRANSIENT_TECHNICAL
INSUFFICIENT_FUNDS,Declined by customer bank due to low balance,UPI_AUTOPAY,SBIN,608.55,78.2,1,SOFT_FINANCIAL
PAYMENT_METHOD_UNAVAILABLE,payment option show nahi ho raha tha,MAGIC_CHECKOUT,HDFC,27878.64,99.4,2,BEHAVIORAL_DROPOFF
PURCHASE_ORDER_MISMATCH,purchase order aur invoice me antar hai,B2B_INVOICE,HDFC,495.24,99.4,1,COMMERCIAL_DISPUTE
OTP_TIMEOUT,OTP verification timed out during checkout,MAGIC_CHECKOUT,HDFC,23917.44,99.4,0,TRANSIENT_TECHNICAL
TOKENIZATION_TIMEOUT,"tokenization service slow, mandate auth timed out",CARD_MANDATE,HDFC,22698.78,99.4,2,TRANSIENT_TECHNICAL
OTP_TIMEOUT,OTP verification timed out during checkout,MAGIC_CHECKOUT,HDFC,41328.51,99.4,1,TRANSIENT_TECHNICAL
CHECKOUT_DROPPED_OFF,Customer abandoned session at shipping/payment step,MAGIC_CHECKOUT,SBIN,27965.8,78.2,0,BEHAVIORAL_DROPOFF
MANDATE_AMOUNT_EXCEEDS_CAP,"autopay cap se zyada amount, bank ne decline kiya",UPI_AUTOPAY,UTIB,3739.14,96.5,1,SOFT_FINANCIAL
PAYMENT_METHOD_UNAVAILABLE,selected UPI method unavailable at checkout,MAGIC_CHECKOUT,SBIN,13638.16,78.2,3,BEHAVIORAL_DROPOFF
CARD_EXPIRED,Mandate card token expired; bank declined authorization,CARD_MANDATE,HDFC,18355.87,99.4,1,HARD_PERMANENT
TOKENIZATION_TIMEOUT,"tokenization service slow, mandate auth timed out",CARD_MANDATE,HDFC,28725.95,99.4,2,TRANSIENT_TECHNICAL
FRAUD_DETECTED,High-risk score flagged by issuer fraud detection switch,CARD_MANDATE,UTIB,38070.62,96.5,2,HARD_PERMANENT
INVOICE_OVERDUE_30_DAYS,Net-30 invoice crossed due date without payment reconciliation,B2B_INVOICE,KKBK,41377.94,97.8,0,COMMERCIAL_DISPUTE
GATEWAY_ERROR,"payment gateway ne response nahi diya, timeout ho gaya",UPI_AUTOPAY,ICIC,2285.02,98.9,0,TRANSIENT_TECHNICAL
INVALID_VPA_PERMANENT,"VPA does not exist, invalid payee address",UPI_AUTOPAY,SBIN,41808.66,78.2,0,HARD_PERMANENT
ACCOUNT_CLOSED,"customer account closed, debit returned",UPI_AUTOPAY,KKBK,6658.93,97.8,3,HARD_PERMANENT
NPCI_TIMEOUT,UPI switch response timed out after 30 seconds,UPI_AUTOPAY,ICIC,7476.93,98.9,0,TRANSIENT_TECHNICAL
UPI_DAILY_LIMIT_EXCEEDED,"UPI daily cap khatam, kal retry karo",UPI_AUTOPAY,KKBK,15060.83,97.8,3,SOFT_FINANCIAL
CHECKOUT_DROPPED_OFF,OTP verification timed out during checkout,MAGIC_CHECKOUT,HDFC,22635.02,99.4,0,BEHAVIORAL_DROPOFF
BANK_DEBIT_FAILED_TECHNICAL,Downstream bank gateway timeout during debit attempt,UPI_AUTOPAY,UTIB,10599.28,96.5,0,TRANSIENT_TECHNICAL
INVOICE_OVERDUE_30_DAYS,"30 din se payment pending, accounts se approval nahi aaya",B2B_INVOICE,ICIC,1526.26,98.9,0,COMMERCIAL_DISPUTE
PAYMENT_METHOD_UNAVAILABLE,payment option show nahi ho raha tha,MAGIC_CHECKOUT,SBIN,16139.7,78.2,1,BEHAVIORAL_DROPOFF
OTP_TIMEOUT,OTP verification timed out during checkout,MAGIC_CHECKOUT,KKBK,29797.76,97.8,0,TRANSIENT_TECHNICAL
INVOICE_APPROVAL_PENDING,Invoice stuck in enterprise procurement approval workflow,B2B_INVOICE,HDFC,3874.38,99.4,0,COMMERCIAL_DISPUTE
NPCI_TIMEOUT,"NPCI timeout, bank se confirmation nahi aaya",UPI_AUTOPAY,SBIN,33336.3,78.2,0,TRANSIENT_TECHNICAL
MANDATE_AMOUNT_EXCEEDS_CAP,"mandate amount exceeds NPCI cap of Rs.1,00,000",UPI_AUTOPAY,HDFC,431.75,99.4,0,SOFT_FINANCIAL
PAYMENT_METHOD_UNAVAILABLE,payment option show nahi ho raha tha,MAGIC_CHECKOUT,ICIC,4779.07,98.9,0,BEHAVIORAL_DROPOFF
FRAUD_DETECTED,"suspicious activity, fraud check fail",CARD_MANDATE,UTIB,25152.49,96.5,1,HARD_PERMANENT
OTP_TIMEOUT,OTP verification timed out during checkout,MAGIC_CHECKOUT,HDFC,4214.01,99.4,1,TRANSIENT_TECHNICAL
CARD_EXPIRED,"card expiry ho gayi, naya card link karo",CARD_MANDATE,UTIB,751.87,96.5,1,HARD_PERMANENT
NPCI_TIMEOUT,UPI switch response timed out after 30 seconds,UPI_AUTOPAY,KKBK,40753.2,97.8,0,TRANSIENT_TECHNICAL
UPI_DAILY_LIMIT_EXCEEDED,"limit exceed, transaction declined by bank",UPI_AUTOPAY,SBIN,30901.84,78.2,0,SOFT_FINANCIAL
CHECKOUT_DROPPED_OFF,user ne checkout beech me chhod diya,MAGIC_CHECKOUT,ICIC,12223.89,98.9,0,BEHAVIORAL_DROPOFF
CARD_EXPIRED,Mandate card token expired; bank declined authorization,CARD_MANDATE,UTIB,12562.37,96.5,0,HARD_PERMANENT
PURCHASE_ORDER_MISMATCH,"PO amount mismatch, reconciliation on hold",B2B_INVOICE,ICIC,11475.4,98.9,0,COMMERCIAL_DISPUTE
PURCHASE_ORDER_MISMATCH,"PO amount mismatch, reconciliation on hold",B2B_INVOICE,UTIB,4991.47,96.5,0,COMMERCIAL_DISPUTE
ACCOUNT_CLOSED,"account band ho gaya hai, retry bekar hai",UPI_AUTOPAY,ICIC,37904.12,98.9,1,HARD_PERMANENT
INVOICE_OVERDUE_30_DAYS,"30 din se payment pending, accounts se approval nahi aaya",B2B_INVOICE,ICIC,19491.04,98.9,3,COMMERCIAL_DISPUTE
CHECKOUT_DROPPED_OFF,user ne checkout beech me chhod diya,MAGIC_CHECKOUT,ICIC,27223.47,98.9,2,BEHAVIORAL_DROPOFF
GATEWAY_ERROR,"payment gateway ne response nahi diya, timeout ho gaya",UPI_AUTOPAY,ICIC,8157.33,98.9,1,TRANSIENT_TECHNICAL
INVOICE_OVERDUE_30_DAYS,"30 din se payment pending, accounts se approval nahi aaya",B2B_INVOICE,UTIB,43555.75,96.5,3,COMMERCIAL_DISPUTE
INSUFFICIENT_FUNDS,"account me paise nahi hai, balance insufficient",UPI_AUTOPAY,UTIB,12756.73,96.5,3,SOFT_FINANCIAL
NPCI_TIMEOUT,Card network switch response timed out,UPI_AUTOPAY,HDFC,41956.54,99.4,0,TRANSIENT_TECHNICAL
UPI_DAILY_LIMIT_EXCEEDED,"limit exceed, transaction declined by bank",UPI_AUTOPAY,SBIN,30740.41,78.2,1,SOFT_FINANCIAL
ACCOUNT_CLOSED,"account band ho gaya hai, retry bekar hai",UPI_AUTOPAY,SBIN,19842.22,78.2,0,HARD_PERMANENT
CARD_EXPIRED,"card expiry ho gayi, naya card link karo",CARD_MANDATE,UTIB,6434.36,96.5,0,HARD_PERMANENT
INSUFFICIENT_FUNDS,"account me paise nahi hai, balance insufficient",UPI_AUTOPAY,SBIN,32242.31,78.2,3,SOFT_FINANCIAL
NPCI_TIMEOUT,UPI switch response timed out after 30 seconds,UPI_AUTOPAY,UTIB,44583.38,96.5,1,TRANSIENT_TECHNICAL
UPI_DAILY_LIMIT_EXCEEDED,"UPI daily cap khatam, kal retry karo",UPI_AUTOPAY,KKBK,22895.75,97.8,3,SOFT_FINANCIAL
OTP_TIMEOUT,OTP verification timed out during checkout,MAGIC_CHECKOUT,ICIC,31632.92,98.9,3,TRANSIENT_TECHNICAL
TOKENIZATION_TIMEOUT,card token vault timeout during authorization,CARD_MANDATE,HDFC,34648.91,99.4,2,TRANSIENT_TECHNICAL
MANDATE_AMOUNT_EXCEEDS_CAP,"mandate amount exceeds NPCI cap of Rs.1,00,000",UPI_AUTOPAY,KKBK,2183.54,97.8,2,SOFT_FINANCIAL
NPCI_TIMEOUT,Card network switch response timed out,UPI_AUTOPAY,UTIB,4945.42,96.5,0,TRANSIENT_TECHNICAL
INVALID_VPA_PERMANENT,"VPA does not exist, invalid payee address",UPI_AUTOPAY,KKBK,33658.76,97.8,1,HARD_PERMANENT
UPI_DAILY_LIMIT_EXCEEDED,"limit exceed, transaction declined by bank",UPI_AUTOPAY,KKBK,10101.44,97.8,0,SOFT_FINANCIAL
NPCI_TIMEOUT,Card network switch response timed out,UPI_AUTOPAY,KKBK,31131.28,97.8,0,TRANSIENT_TECHNICAL
MANDATE_AMOUNT_EXCEEDS_CAP,"mandate amount exceeds NPCI cap of Rs.1,00,000",UPI_AUTOPAY,UTIB,4882.92,96.5,1,SOFT_FINANCIAL
CARD_EXPIRED,Mandate card token expired; bank declined authorization,CARD_MANDATE,SBIN,15804.47,78.2,0,HARD_PERMANENT
PAYMENT_METHOD_UNAVAILABLE,selected UPI method unavailable at checkout,MAGIC_CHECKOUT,KKBK,21834.57,97.8,1,BEHAVIORAL_DROPOFF
CART_ABANDONED_SHIPPING_FRICTION,shipping fee dekh kar customer ne cart chhod diya,MAGIC_CHECKOUT,UTIB,14486.46,96.5,0,BEHAVIORAL_DROPOFF
BANK_DEBIT_FAILED_TECHNICAL,Downstream bank gateway timeout during debit attempt,UPI_AUTOPAY,HDFC,38243.11,99.4,2,TRANSIENT_TECHNICAL
CART_ABANDONED_SHIPPING_FRICTION,User exited after shipping charge calculated,MAGIC_CHECKOUT,SBIN,23316.04,78.2,1,BEHAVIORAL_DROPOFF
FRAUD_DETECTED,"suspicious activity, fraud check fail",CARD_MANDATE,KKBK,19300.77,97.8,1,HARD_PERMANENT
INSUFFICIENT_FUNDS,Mandate debit declined due to low card account balance,UPI_AUTOPAY,SBIN,8549.32,78.2,2,SOFT_FINANCIAL
OTP_TIMEOUT,"customer ne OTP time par enter nahi kiya, session expire",MAGIC_CHECKOUT,HDFC,33234.74,99.4,0,TRANSIENT_TECHNICAL
PAYMENT_METHOD_UNAVAILABLE,payment option show nahi ho raha tha,MAGIC_CHECKOUT,UTIB,398.37,96.5,0,BEHAVIORAL_DROPOFF
GATEWAY_ERROR,"downstream gateway error, retry after clearing window",UPI_AUTOPAY,HDFC,26064.76,99.4,3,TRANSIENT_TECHNICAL
TOKENIZATION_TIMEOUT,card token vault timeout during authorization,CARD_MANDATE,ICIC,14803.45,98.9,1,TRANSIENT_TECHNICAL
CART_ABANDONED_SHIPPING_FRICTION,shipping fee dekh kar customer ne cart chhod diya,MAGIC_CHECKOUT,UTIB,23841.16,96.5,2,BEHAVIORAL_DROPOFF
INVOICE_OVERDUE_30_DAYS,"30 din se payment pending, accounts se approval nahi aaya",B2B_INVOICE,KKBK,17785.36,97.8,0,COMMERCIAL_DISPUTE
MANDATE_AMOUNT_EXCEEDS_CAP,"autopay cap se zyada amount, bank ne decline kiya",UPI_AUTOPAY,UTIB,27857.47,96.5,3,SOFT_FINANCIAL
INVOICE_APPROVAL_PENDING,Invoice stuck in enterprise procurement approval workflow,B2B_INVOICE,SBIN,14230.03,78.2,0,COMMERCIAL_DISPUTE
INVOICE_APPROVAL_PENDING,Invoice stuck in enterprise procurement approval workflow,B2B_INVOICE,SBIN,16923.49,78.2,0,COMMERCIAL_DISPUTE
STOLEN_CARD,"chori ka card report hua, block hai",CARD_MANDATE,UTIB,26919.47,96.5,1,HARD_PERMANENT
NPCI_TIMEOUT,Card network switch response timed out,UPI_AUTOPAY,SBIN,22002.31,78.2,1,TRANSIENT_TECHNICAL
FRAUD_DETECTED,High-risk score flagged by issuer fraud detection switch,CARD_MANDATE,UTIB,13139.09,96.5,0,HARD_PERMANENT
INVOICE_OVERDUE_30_DAYS,"30 din se payment pending, accounts se approval nahi aaya",B2B_INVOICE,KKBK,2600.84,97.8,0,COMMERCIAL_DISPUTE
ACCOUNT_CLOSED,"account band ho gaya hai, retry bekar hai",UPI_AUTOPAY,SBIN,8940.95,78.2,1,HARD_PERMANENT
TOKENIZATION_TIMEOUT,"tokenization service slow, mandate auth timed out",CARD_MANDATE,UTIB,30874.1,96.5,1,TRANSIENT_TECHNICAL
PAYMENT_METHOD_UNAVAILABLE,payment option show nahi ho raha tha,MAGIC_CHECKOUT,SBIN,3902.73,78.2,0,BEHAVIORAL_DROPOFF
INSUFFICIENT_FUNDS,"account me paise nahi hai, balance insufficient",UPI_AUTOPAY,HDFC,12512.69,99.4,1,SOFT_FINANCIAL
INVOICE_APPROVAL_PENDING,Invoice stuck in enterprise procurement approval workflow,B2B_INVOICE,UTIB,25540.71,96.5,3,COMMERCIAL_DISPUTE
PURCHASE_ORDER_MISMATCH,"PO amount mismatch, reconciliation on hold",B2B_INVOICE,KKBK,5315.57,97.8,3,COMMERCIAL_DISPUTE
TOKENIZATION_TIMEOUT,"tokenization service slow, mandate auth timed out",CARD_MANDATE,KKBK,37052.79,97.8,0,TRANSIENT_TECHNICAL
PAYMENT_METHOD_UNAVAILABLE,selected UPI method unavailable at checkout,MAGIC_CHECKOUT,UTIB,4787.36,96.5,3,BEHAVIORAL_DROPOFF
INSUFFICIENT_FUNDS,"account me paise nahi hai, balance insufficient",UPI_AUTOPAY,HDFC,20347.46,99.4,0,SOFT_FINANCIAL
CARD_EXPIRED,"card expiry ho gayi, naya card link karo",CARD_MANDATE,HDFC,34948.07,99.4,0,HARD_PERMANENT
GATEWAY_ERROR,"downstream gateway error, retry after clearing window",UPI_AUTOPAY,KKBK,28547.76,97.8,0,TRANSIENT_TECHNICAL
CHECKOUT_DROPPED_OFF,Customer abandoned session at shipping/payment step,MAGIC_CHECKOUT,SBIN,36283.54,78.2,1,BEHAVIORAL_DROPOFF
MANDATE_AMOUNT_EXCEEDS_CAP,"autopay cap se zyada amount, bank ne decline kiya",UPI_AUTOPAY,KKBK,24336.37,97.8,0,SOFT_FINANCIAL
INVOICE_APPROVAL_PENDING,procurement team se approval pending hai,B2B_INVOICE,KKBK,12176.24,97.8,3,COMMERCIAL_DISPUTE
STOLEN_CARD,stolen card hotlisted by issuer,CARD_MANDATE,SBIN,43332.15,78.2,3,HARD_PERMANENT
OTP_TIMEOUT,OTP verification timed out during checkout,MAGIC_CHECKOUT,ICIC,39043.6,98.9,0,TRANSIENT_TECHNICAL
CHECKOUT_DROPPED_OFF,Customer abandoned session at shipping/payment step,MAGIC_CHECKOUT,SBIN,32070.2,78.2,3,BEHAVIORAL_DROPOFF
INSUFFICIENT_FUNDS,Mandate debit declined due to low card account balance,UPI_AUTOPAY,UTIB,6568.43,96.5,2,SOFT_FINANCIAL
INVALID_VPA_PERMANENT,"galat UPI ID, ye VPA exist nahi karti",UPI_AUTOPAY,UTIB,20448.68,96.5,2,HARD_PERMANENT
CARD_EXPIRED,"card expiry ho gayi, naya card link karo",CARD_MANDATE,KKBK,33790.9,97.8,2,HARD_PERMANENT
MANDATE_AMOUNT_EXCEEDS_CAP,"autopay cap se zyada amount, bank ne decline kiya",UPI_AUTOPAY,UTIB,14861.89,96.5,0,SOFT_FINANCIAL
CARD_EXPIRED,"card expiry ho gayi, naya card link karo",CARD_MANDATE,ICIC,38284.61,98.9,3,HARD_PERMANENT
TOKENIZATION_TIMEOUT,"tokenization service slow, mandate auth timed out",CARD_MANDATE,SBIN,43572.13,78.2,3,TRANSIENT_TECHNICAL
GATEWAY_ERROR,"payment gateway ne response nahi diya, timeout ho gaya",UPI_AUTOPAY,ICIC,14663.68,98.9,0,TRANSIENT_TECHNICAL
INVOICE_OVERDUE_30_DAYS,Net-30 invoice crossed due date without payment reconciliation,B2B_INVOICE,KKBK,38388.38,97.8,3,COMMERCIAL_DISPUTE
INVOICE_OVERDUE_30_DAYS,Net-30 invoice crossed due date without payment reconciliation,B2B_INVOICE,HDFC,4660.05,99.4,3,COMMERCIAL_DISPUTE
PAYMENT_METHOD_UNAVAILABLE,selected UPI method unavailable at checkout,MAGIC_CHECKOUT,HDFC,41838.52,99.4,0,BEHAVIORAL_DROPOFF
PAYMENT_METHOD_UNAVAILABLE,payment option show nahi ho raha tha,MAGIC_CHECKOUT,HDFC,44634.34,99.4,1,BEHAVIORAL_DROPOFF
GATEWAY_ERROR,issuer node degraded during mandate authorization,UPI_AUTOPAY,ICIC,7321.35,98.9,0,TRANSIENT_TECHNICAL
CARD_EXPIRED,"card expiry ho gayi, naya card link karo",CARD_MANDATE,ICIC,3891.52,98.9,2,HARD_PERMANENT
FRAUD_DETECTED,High-risk score flagged by issuer fraud detection switch,CARD_MANDATE,UTIB,28226.7,96.5,2,HARD_PERMANENT
INSUFFICIENT_FUNDS,Mandate debit declined due to low card account balance,UPI_AUTOPAY,HDFC,31725.38,99.4,0,SOFT_FINANCIAL
GATEWAY_ERROR,"payment gateway ne response nahi diya, timeout ho gaya",UPI_AUTOPAY,HDFC,6144.08,99.4,0,TRANSIENT_TECHNICAL
STOLEN_CARD,"chori ka card report hua, block hai",CARD_MANDATE,HDFC,560.21,99.4,0,HARD_PERMANENT
CART_ABANDONED_SHIPPING_FRICTION,shipping fee dekh kar customer ne cart chhod diya,MAGIC_CHECKOUT,SBIN,21600.45,78.2,0,BEHAVIORAL_DROPOFF
NPCI_TIMEOUT,UPI switch response timed out after 30 seconds,UPI_AUTOPAY,HDFC,4822.53,99.4,0,TRANSIENT_TECHNICAL
INVOICE_APPROVAL_PENDING,Invoice stuck in enterprise procurement approval workflow,B2B_INVOICE,UTIB,34850.8,96.5,3,COMMERCIAL_DISPUTE
CHECKOUT_DROPPED_OFF,OTP verification timed out during checkout,MAGIC_CHECKOUT,SBIN,3263.91,78.2,1,BEHAVIORAL_DROPOFF
ACCOUNT_CLOSED,"customer account closed, debit returned",UPI_AUTOPAY,UTIB,15932.56,96.5,0,HARD_PERMANENT
CHECKOUT_DROPPED_OFF,user ne checkout beech me chhod diya,MAGIC_CHECKOUT,KKBK,30957.85,97.8,3,BEHAVIORAL_DROPOFF
GATEWAY_ERROR,504 Gateway Timeout from NPCI switch,UPI_AUTOPAY,HDFC,6471.73,99.4,0,TRANSIENT_TECHNICAL
UPI_DAILY_LIMIT_EXCEEDED,"limit exceed, transaction declined by bank",UPI_AUTOPAY,UTIB,15948.15,96.5,1,SOFT_FINANCIAL
INVOICE_OVERDUE_30_DAYS,Net-30 invoice crossed due date without payment reconciliation,B2B_INVOICE,SBIN,12607.43,78.2,0,COMMERCIAL_DISPUTE
INSUFFICIENT_FUNDS,"account me paise nahi hai, balance insufficient",UPI_AUTOPAY,HDFC,38185.41,99.4,2,SOFT_FINANCIAL
INVOICE_APPROVAL_PENDING,Invoice stuck in enterprise procurement approval workflow,B2B_INVOICE,KKBK,27389.93,97.8,0,COMMERCIAL_DISPUTE
NPCI_TIMEOUT,Card network switch response timed out,UPI_AUTOPAY,HDFC,35314.1,99.4,3,TRANSIENT_TECHNICAL
INSUFFICIENT_FUNDS,Mandate debit declined due to low card account balance,UPI_AUTOPAY,UTIB,5250.03,96.5,1,SOFT_FINANCIAL
CARD_EXPIRED,Mandate card token expired; bank declined authorization,CARD_MANDATE,ICIC,42039.75,98.9,0,HARD_PERMANENT
NPCI_TIMEOUT,"NPCI timeout, bank se confirmation nahi aaya",UPI_AUTOPAY,UTIB,16569.84,96.5,2,TRANSIENT_TECHNICAL
FRAUD_DETECTED,"suspicious activity, fraud check fail",CARD_MANDATE,HDFC,946.7,99.4,0,HARD_PERMANENT
ACCOUNT_CLOSED,"account band ho gaya hai, retry bekar hai",UPI_AUTOPAY,SBIN,1983.28,78.2,0,HARD_PERMANENT
NPCI_TIMEOUT,"NPCI timeout, bank se confirmation nahi aaya",UPI_AUTOPAY,ICIC,28359.6,98.9,1,TRANSIENT_TECHNICAL
OTP_TIMEOUT,"customer ne OTP time par enter nahi kiya, session expire",MAGIC_CHECKOUT,UTIB,3891.85,96.5,1,TRANSIENT_TECHNICAL
TOKENIZATION_TIMEOUT,card token vault timeout during authorization,CARD_MANDATE,ICIC,3944.23,98.9,0,TRANSIENT_TECHNICAL
STOLEN_CARD,stolen card hotlisted by issuer,CARD_MANDATE,SBIN,24229.82,78.2,1,HARD_PERMANENT
UPI_DAILY_LIMIT_EXCEEDED,"limit exceed, transaction declined by bank",UPI_AUTOPAY,HDFC,14094.9,99.4,1,SOFT_FINANCIAL
INSUFFICIENT_FUNDS,Declined by customer bank due to low balance,UPI_AUTOPAY,SBIN,4061.42,78.2,1,SOFT_FINANCIAL
CART_ABANDONED_SHIPPING_FRICTION,shipping fee dekh kar customer ne cart chhod diya,MAGIC_CHECKOUT,KKBK,27475.3,97.8,0,BEHAVIORAL_DROPOFF
FRAUD_DETECTED,High-risk score flagged by issuer fraud detection switch,CARD_MANDATE,HDFC,31913.66,99.4,2,HARD_PERMANENT
ACCOUNT_CLOSED,"customer account closed, debit returned",UPI_AUTOPAY,UTIB,42895.08,96.5,1,HARD_PERMANENT
STOLEN_CARD,"chori ka card report hua, block hai",CARD_MANDATE,SBIN,16859.12,78.2,2,HARD_PERMANENT
INVALID_VPA_PERMANENT,"VPA does not exist, invalid payee address",UPI_AUTOPAY,HDFC,15207.83,99.4,1,HARD_PERMANENT
INVALID_VPA_PERMANENT,"VPA does not exist, invalid payee address",UPI_AUTOPAY,ICIC,32111.79,98.9,1,HARD_PERMANENT
CARD_EXPIRED,"card expiry ho gayi, naya card link karo",CARD_MANDATE,UTIB,23082.54,96.5,0,HARD_PERMANENT
PURCHASE_ORDER_MISMATCH,"PO amount mismatch, reconciliation on hold",B2B_INVOICE,ICIC,7246.64,98.9,3,COMMERCIAL_DISPUTE
CART_ABANDONED_SHIPPING_FRICTION,User exited after shipping charge calculated,MAGIC_CHECKOUT,SBIN,33386.68,78.2,0,BEHAVIORAL_DROPOFF
BANK_DEBIT_FAILED_TECHNICAL,Downstream bank gateway timeout during debit attempt,UPI_AUTOPAY,SBIN,2259.02,78.2,0,TRANSIENT_TECHNICAL
NPCI_TIMEOUT,UPI switch response timed out after 30 seconds,UPI_AUTOPAY,SBIN,41915.9,78.2,3,TRANSIENT_TECHNICAL
BANK_DEBIT_FAILED_TECHNICAL,debit attempt failed due to issuer switch congestion,UPI_AUTOPAY,SBIN,14616.05,78.2,1,TRANSIENT_TECHNICAL
INVOICE_OVERDUE_30_DAYS,"30 din se payment pending, accounts se approval nahi aaya",B2B_INVOICE,HDFC,25804.38,99.4,0,COMMERCIAL_DISPUTE
STOLEN_CARD,stolen card hotlisted by issuer,CARD_MANDATE,SBIN,10197.91,78.2,1,HARD_PERMANENT
BANK_DEBIT_FAILED_TECHNICAL,debit attempt failed due to issuer switch congestion,UPI_AUTOPAY,HDFC,39489.08,99.4,3,TRANSIENT_TECHNICAL
INVOICE_APPROVAL_PENDING,procurement team se approval pending hai,B2B_INVOICE,ICIC,4069.16,98.9,1,COMMERCIAL_DISPUTE
ACCOUNT_CLOSED,"account band ho gaya hai, retry bekar hai",UPI_AUTOPAY,SBIN,13262.75,78.2,3,HARD_PERMANENT
INVOICE_APPROVAL_PENDING,Invoice stuck in enterprise procurement approval workflow,B2B_INVOICE,UTIB,16698.03,96.5,1,COMMERCIAL_DISPUTE
GATEWAY_ERROR,issuer node degraded during mandate authorization,UPI_AUTOPAY,SBIN,484.74,78.2,1,TRANSIENT_TECHNICAL
ACCOUNT_CLOSED,"customer account closed, debit returned",UPI_AUTOPAY,KKBK,15719.13,97.8,3,HARD_PERMANENT
ACCOUNT_CLOSED,"account band ho gaya hai, retry bekar hai",UPI_AUTOPAY,HDFC,34199.78,99.4,1,HARD_PERMANENT
INVOICE_APPROVAL_PENDING,Invoice stuck in enterprise procurement approval workflow,B2B_INVOICE,SBIN,23935.22,78.2,0,COMMERCIAL_DISPUTE
OTP_TIMEOUT,"customer ne OTP time par enter nahi kiya, session expire",MAGIC_CHECKOUT,HDFC,43770.63,99.4,0,TRANSIENT_TECHNICAL
INVALID_VPA_PERMANENT,"VPA does not exist, invalid payee address",UPI_AUTOPAY,HDFC,41473.01,99.4,3,HARD_PERMANENT
STOLEN_CARD,"chori ka card report hua, block hai",CARD_MANDATE,ICIC,20738.38,98.9,2,HARD_PERMANENT
CARD_EXPIRED,Mandate card token expired; bank declined authorization,CARD_MANDATE,KKBK,6180.55,97.8,3,HARD_PERMANENT
NPCI_TIMEOUT,UPI switch response timed out after 30 seconds,UPI_AUTOPAY,KKBK,25637.94,97.8,1,TRANSIENT_TECHNICAL
CHECKOUT_DROPPED_OFF,Customer abandoned session at shipping/payment step,MAGIC_CHECKOUT,ICIC,11891.66,98.9,0,BEHAVIORAL_DROPOFF
NPCI_TIMEOUT,"NPCI timeout, bank se confirmation nahi aaya",UPI_AUTOPAY,ICIC,14448.3,98.9,0,TRANSIENT_TECHNICAL
INSUFFICIENT_FUNDS,Declined by customer bank due to low balance,UPI_AUTOPAY,SBIN,6296.95,78.2,3,SOFT_FINANCIAL
UPI_DAILY_LIMIT_EXCEEDED,"Customer reached daily UPI transaction limit of Rs.1,00,000",UPI_AUTOPAY,SBIN,4932.57,78.2,1,SOFT_FINANCIAL
PAYMENT_METHOD_UNAVAILABLE,payment option show nahi ho raha tha,MAGIC_CHECKOUT,UTIB,5608.13,96.5,0,BEHAVIORAL_DROPOFF
GATEWAY_ERROR,"payment gateway ne response nahi diya, timeout ho gaya",UPI_AUTOPAY,ICIC,20957.39,98.9,3,TRANSIENT_TECHNICAL
CART_ABANDONED_SHIPPING_FRICTION,User exited after shipping charge calculated,MAGIC_CHECKOUT,SBIN,36380.15,78.2,0,BEHAVIORAL_DROPOFF
BANK_DEBIT_FAILED_TECHNICAL,Issuer node degradation during 02:00 AM auto-debit window,UPI_AUTOPAY,ICIC,6844.05,98.9,2,TRANSIENT_TECHNICAL
INSUFFICIENT_FUNDS,"account me paise nahi hai, balance insufficient",UPI_AUTOPAY,UTIB,23202.51,96.5,2,SOFT_FINANCIAL
INVOICE_APPROVAL_PENDING,procurement team se approval pending hai,B2B_INVOICE,SBIN,1591.51,78.2,1,COMMERCIAL_DISPUTE
PAYMENT_METHOD_UNAVAILABLE,selected UPI method unavailable at checkout,MAGIC_CHECKOUT,HDFC,20899.0,99.4,3,BEHAVIORAL_DROPOFF
CHECKOUT_DROPPED_OFF,Customer abandoned session at shipping/payment step,MAGIC_CHECKOUT,HDFC,2961.84,99.4,3,BEHAVIORAL_DROPOFF
INSUFFICIENT_FUNDS,Salary credit not yet posted; balance too low for auto-debit,UPI_AUTOPAY,SBIN,37100.39,78.2,0,SOFT_FINANCIAL
CARD_EXPIRED,"card expiry ho gayi, naya card link karo",CARD_MANDATE,HDFC,1175.67,99.4,0,HARD_PERMANENT
GATEWAY_ERROR,"payment gateway ne response nahi diya, timeout ho gaya",UPI_AUTOPAY,SBIN,4319.73,78.2,3,TRANSIENT_TECHNICAL
INVOICE_OVERDUE_30_DAYS,Net-30 invoice crossed due date without payment reconciliation,B2B_INVOICE,HDFC,42414.12,99.4,0,COMMERCIAL_DISPUTE
FRAUD_DETECTED,"suspicious activity, fraud check fail",CARD_MANDATE,UTIB,22425.96,96.5,1,HARD_PERMANENT
OTP_TIMEOUT,OTP verification timed out during checkout,MAGIC_CHECKOUT,ICIC,9818.5,98.9,0,TRANSIENT_TECHNICAL
INVALID_VPA_PERMANENT,"galat UPI ID, ye VPA exist nahi karti",UPI_AUTOPAY,UTIB,39777.27,96.5,0,HARD_PERMANENT
INSUFFICIENT_FUNDS,"account me paise nahi hai, balance insufficient",UPI_AUTOPAY,UTIB,18656.66,96.5,1,SOFT_FINANCIAL
PURCHASE_ORDER_MISMATCH,"PO amount mismatch, reconciliation on hold",B2B_INVOICE,HDFC,12733.24,99.4,0,COMMERCIAL_DISPUTE
OTP_TIMEOUT,OTP verification timed out during checkout,MAGIC_CHECKOUT,KKBK,11361.07,97.8,3,TRANSIENT_TECHNICAL
TOKENIZATION_TIMEOUT,card token vault timeout during authorization,CARD_MANDATE,UTIB,35229.61,96.5,0,TRANSIENT_TECHNICAL
PURCHASE_ORDER_MISMATCH,purchase order aur invoice me antar hai,B2B_INVOICE,ICIC,41087.84,98.9,1,COMMERCIAL_DISPUTE
INVOICE_OVERDUE_30_DAYS,"30 din se payment pending, accounts se approval nahi aaya",B2B_INVOICE,ICIC,8254.93,98.9,0,COMMERCIAL_DISPUTE
INSUFFICIENT_FUNDS,Declined by customer bank due to low balance,UPI_AUTOPAY,ICIC,2823.95,98.9,1,SOFT_FINANCIAL
STOLEN_CARD,"chori ka card report hua, block hai",CARD_MANDATE,KKBK,44982.34,97.8,0,HARD_PERMANENT
CART_ABANDONED_SHIPPING_FRICTION,User exited after shipping charge calculated,MAGIC_CHECKOUT,SBIN,12139.68,78.2,3,BEHAVIORAL_DROPOFF
BANK_DEBIT_FAILED_TECHNICAL,Issuer node degradation during 02:00 AM auto-debit window,UPI_AUTOPAY,KKBK,38123.27,97.8,3,TRANSIENT_TECHNICAL
NPCI_TIMEOUT,Card network switch response timed out,UPI_AUTOPAY,SBIN,8088.47,78.2,1,TRANSIENT_TECHNICAL
INVOICE_OVERDUE_30_DAYS,"30 din se payment pending, accounts se approval nahi aaya",B2B_INVOICE,KKBK,1462.68,97.8,2,COMMERCIAL_DISPUTE
MANDATE_AMOUNT_EXCEEDS_CAP,"mandate amount exceeds NPCI cap of Rs.1,00,000",UPI_AUTOPAY,KKBK,42686.86,97.8,3,SOFT_FINANCIAL
PURCHASE_ORDER_MISMATCH,purchase order aur invoice me antar hai,B2B_INVOICE,SBIN,22171.04,78.2,0,COMMERCIAL_DISPUTE
BANK_DEBIT_FAILED_TECHNICAL,Issuer node degradation during 02:00 AM auto-debit window,UPI_AUTOPAY,KKBK,10001.86,97.8,1,TRANSIENT_TECHNICAL
PURCHASE_ORDER_MISMATCH,"PO amount mismatch, reconciliation on hold",B2B_INVOICE,ICIC,41321.67,98.9,0,COMMERCIAL_DISPUTE
CHECKOUT_DROPPED_OFF,user ne checkout beech me chhod diya,MAGIC_CHECKOUT,SBIN,41361.3,78.2,3,BEHAVIORAL_DROPOFF
INVOICE_OVERDUE_30_DAYS,Net-30 invoice crossed due date without payment reconciliation,B2B_INVOICE,HDFC,6816.65,99.4,2,COMMERCIAL_DISPUTE
CHECKOUT_DROPPED_OFF,Customer abandoned session at shipping/payment step,MAGIC_CHECKOUT,KKBK,38757.85,97.8,0,BEHAVIORAL_DROPOFF
MANDATE_AMOUNT_EXCEEDS_CAP,"autopay cap se zyada amount, bank ne decline kiya",UPI_AUTOPAY,KKBK,4725.34,97.8,0,SOFT_FINANCIAL
INVOICE_OVERDUE_30_DAYS,Net-30 invoice crossed due date without payment reconciliation,B2B_INVOICE,SBIN,33009.1,78.2,1,COMMERCIAL_DISPUTE
PURCHASE_ORDER_MISMATCH,purchase order aur invoice me antar hai,B2B_INVOICE,SBIN,31881.5,78.2,1,COMMERCIAL_DISPUTE
MANDATE_AMOUNT_EXCEEDS_CAP,"mandate amount exceeds NPCI cap of Rs.1,00,000",UPI_AUTOPAY,KKBK,36687.36,97.8,1,SOFT_FINANCIAL
INVOICE_APPROVAL_PENDING,procurement team se approval pending hai,B2B_INVOICE,SBIN,8160.51,78.2,0,COMMERCIAL_DISPUTE
UPI_DAILY_LIMIT_EXCEEDED,"UPI daily cap khatam, kal retry karo",UPI_AUTOPAY,KKBK,1649.78,97.8,1,SOFT_FINANCIAL
INVOICE_OVERDUE_30_DAYS,Net-30 invoice crossed due date without payment reconciliation,B2B_INVOICE,KKBK,4863.24,97.8,1,COMMERCIAL_DISPUTE
CHECKOUT_DROPPED_OFF,user ne checkout beech me chhod diya,MAGIC_CHECKOUT,HDFC,10861.46,99.4,0,BEHAVIORAL_DROPOFF
FRAUD_DETECTED,High-risk score flagged by issuer fraud detection switch,CARD_MANDATE,ICIC,20208.47,98.9,0,HARD_PERMANENT
GATEWAY_ERROR,issuer node degraded during mandate authorization,UPI_AUTOPAY,HDFC,15900.91,99.4,3,TRANSIENT_TECHNICAL
CART_ABANDONED_SHIPPING_FRICTION,User exited after shipping charge calculated,MAGIC_CHECKOUT,HDFC,17489.37,99.4,2,BEHAVIORAL_DROPOFF
OTP_TIMEOUT,OTP verification timed out during checkout,MAGIC_CHECKOUT,UTIB,22289.57,96.5,1,TRANSIENT_TECHNICAL
MANDATE_AMOUNT_EXCEEDS_CAP,"autopay cap se zyada amount, bank ne decline kiya",UPI_AUTOPAY,HDFC,37330.38,99.4,3,SOFT_FINANCIAL
UPI_DAILY_LIMIT_EXCEEDED,"limit exceed, transaction declined by bank",UPI_AUTOPAY,SBIN,7486.17,78.2,0,SOFT_FINANCIAL
BANK_DEBIT_FAILED_TECHNICAL,"bank server busy, auto-debit fail ho gaya technical issue se",UPI_AUTOPAY,HDFC,14477.84,99.4,0,TRANSIENT_TECHNICAL
CARD_EXPIRED,"card expiry ho gayi, naya card link karo",CARD_MANDATE,SBIN,39979.21,78.2,0,HARD_PERMANENT
CARD_EXPIRED,Mandate card token expired; bank declined authorization,CARD_MANDATE,ICIC,26812.16,98.9,1,HARD_PERMANENT
PURCHASE_ORDER_MISMATCH,"PO amount mismatch, reconciliation on hold",B2B_INVOICE,UTIB,42421.36,96.5,0,COMMERCIAL_DISPUTE
OTP_TIMEOUT,OTP verification timed out during checkout,MAGIC_CHECKOUT,HDFC,4735.45,99.4,0,TRANSIENT_TECHNICAL
GATEWAY_ERROR,"payment gateway ne response nahi diya, timeout ho gaya",UPI_AUTOPAY,KKBK,32547.03,97.8,2,TRANSIENT_TECHNICAL
TOKENIZATION_TIMEOUT,"tokenization service slow, mandate auth timed out",CARD_MANDATE,ICIC,13522.85,98.9,0,TRANSIENT_TECHNICAL
BANK_DEBIT_FAILED_TECHNICAL,debit attempt failed due to issuer switch congestion,UPI_AUTOPAY,KKBK,24824.44,97.8,1,TRANSIENT_TECHNICAL
CHECKOUT_DROPPED_OFF,Customer abandoned session at shipping/payment step,MAGIC_CHECKOUT,ICIC,369.94,98.9,0,BEHAVIORAL_DROPOFF
INVOICE_APPROVAL_PENDING,procurement team se approval pending hai,B2B_INVOICE,SBIN,4544.11,78.2,0,COMMERCIAL_DISPUTE
FRAUD_DETECTED,"suspicious activity, fraud check fail",CARD_MANDATE,HDFC,21415.44,99.4,0,HARD_PERMANENT
INVOICE_APPROVAL_PENDING,procurement team se approval pending hai,B2B_INVOICE,UTIB,22111.03,96.5,2,COMMERCIAL_DISPUTE
INVALID_VPA_PERMANENT,"VPA does not exist, invalid payee address",UPI_AUTOPAY,KKBK,17560.6,97.8,0,HARD_PERMANENT
NPCI_TIMEOUT,Card network switch response timed out,UPI_AUTOPAY,SBIN,20170.18,78.2,0,TRANSIENT_TECHNICAL
PAYMENT_METHOD_UNAVAILABLE,payment option show nahi ho raha tha,MAGIC_CHECKOUT,ICIC,10334.88,98.9,0,BEHAVIORAL_DROPOFF
UPI_DAILY_LIMIT_EXCEEDED,"Customer reached daily UPI transaction limit of Rs.1,00,000",UPI_AUTOPAY,SBIN,33899.89,78.2,2,SOFT_FINANCIAL
CART_ABANDONED_SHIPPING_FRICTION,User exited after shipping charge calculated,MAGIC_CHECKOUT,ICIC,36406.28,98.9,1,BEHAVIORAL_DROPOFF
UPI_DAILY_LIMIT_EXCEEDED,"Customer reached daily UPI transaction limit of Rs.1,00,000",UPI_AUTOPAY,KKBK,2931.13,97.8,1,SOFT_FINANCIAL
STOLEN_CARD,"chori ka card report hua, block hai",CARD_MANDATE,KKBK,30980.33,97.8,1,HARD_PERMANENT
UPI_DAILY_LIMIT_EXCEEDED,"Customer reached daily UPI transaction limit of Rs.1,00,000",UPI_AUTOPAY,UTIB,13587.87,96.5,1,SOFT_FINANCIAL
BANK_DEBIT_FAILED_TECHNICAL,Issuer node degradation during 02:00 AM auto-debit window,UPI_AUTOPAY,HDFC,42726.57,99.4,1,TRANSIENT_TECHNICAL
FRAUD_DETECTED,High-risk score flagged by issuer fraud detection switch,CARD_MANDATE,SBIN,36418.85,78.2,0,HARD_PERMANENT
BANK_DEBIT_FAILED_TECHNICAL,debit attempt failed due to issuer switch congestion,UPI_AUTOPAY,HDFC,44474.93,99.4,1,TRANSIENT_TECHNICAL
GATEWAY_ERROR,issuer node degraded during mandate authorization,UPI_AUTOPAY,KKBK,11752.57,97.8,2,TRANSIENT_TECHNICAL
CARD_EXPIRED,Mandate card token expired; bank declined authorization,CARD_MANDATE,UTIB,25124.67,96.5,1,HARD_PERMANENT
INVOICE_OVERDUE_30_DAYS,"30 din se payment pending, accounts se approval nahi aaya",B2B_INVOICE,KKBK,20724.9,97.8,3,COMMERCIAL_DISPUTE
ACCOUNT_CLOSED,"account band ho gaya hai, retry bekar hai",UPI_AUTOPAY,HDFC,18766.43,99.4,0,HARD_PERMANENT
UPI_DAILY_LIMIT_EXCEEDED,"limit exceed, transaction declined by bank",UPI_AUTOPAY,KKBK,34175.07,97.8,0,SOFT_FINANCIAL
CART_ABANDONED_SHIPPING_FRICTION,User exited after shipping charge calculated,MAGIC_CHECKOUT,ICIC,39062.76,98.9,0,BEHAVIORAL_DROPOFF
OTP_TIMEOUT,"customer ne OTP time par enter nahi kiya, session expire",MAGIC_CHECKOUT,UTIB,29534.14,96.5,1,TRANSIENT_TECHNICAL
PURCHASE_ORDER_MISMATCH,"PO amount mismatch, reconciliation on hold",B2B_INVOICE,SBIN,12537.83,78.2,0,COMMERCIAL_DISPUTE
NPCI_TIMEOUT,UPI switch response timed out after 30 seconds,UPI_AUTOPAY,UTIB,40052.81,96.5,0,TRANSIENT_TECHNICAL
INSUFFICIENT_FUNDS,Declined by customer bank due to low balance,UPI_AUTOPAY,UTIB,41453.33,96.5,0,SOFT_FINANCIAL
ACCOUNT_CLOSED,"account band ho gaya hai, retry bekar hai",UPI_AUTOPAY,ICIC,14129.84,98.9,3,HARD_PERMANENT
PURCHASE_ORDER_MISMATCH,"PO amount mismatch, reconciliation on hold",B2B_INVOICE,SBIN,6219.61,78.2,2,COMMERCIAL_DISPUTE
PAYMENT_METHOD_UNAVAILABLE,payment option show nahi ho raha tha,MAGIC_CHECKOUT,ICIC,32849.94,98.9,1,BEHAVIORAL_DROPOFF
CARD_EXPIRED,Mandate card token expired; bank declined authorization,CARD_MANDATE,UTIB,9669.51,96.5,3,HARD_PERMANENT
OTP_TIMEOUT,"customer ne OTP time par enter nahi kiya, session expire",MAGIC_CHECKOUT,KKBK,39049.93,97.8,3,TRANSIENT_TECHNICAL
BANK_DEBIT_FAILED_TECHNICAL,Issuer node degradation during 02:00 AM auto-debit window,UPI_AUTOPAY,HDFC,14137.63,99.4,1,TRANSIENT_TECHNICAL
NPCI_TIMEOUT,UPI switch response timed out after 30 seconds,UPI_AUTOPAY,KKBK,39593.98,97.8,0,TRANSIENT_TECHNICAL
FRAUD_DETECTED,High-risk score flagged by issuer fraud detection switch,CARD_MANDATE,SBIN,37696.39,78.2,0,HARD_PERMANENT
BANK_DEBIT_FAILED_TECHNICAL,debit attempt failed due to issuer switch congestion,UPI_AUTOPAY,HDFC,41327.71,99.4,2,TRANSIENT_TECHNICAL
GATEWAY_ERROR,"downstream gateway error, retry after clearing window",UPI_AUTOPAY,ICIC,37092.91,98.9,1,TRANSIENT_TECHNICAL
NPCI_TIMEOUT,"NPCI timeout, bank se confirmation nahi aaya",UPI_AUTOPAY,HDFC,30716.29,99.4,0,TRANSIENT_TECHNICAL
MANDATE_AMOUNT_EXCEEDS_CAP,"autopay cap se zyada amount, bank ne decline kiya",UPI_AUTOPAY,KKBK,20184.88,97.8,3,SOFT_FINANCIAL
PURCHASE_ORDER_MISMATCH,purchase order aur invoice me antar hai,B2B_INVOICE,ICIC,7524.57,98.9,0,COMMERCIAL_DISPUTE
CARD_EXPIRED,"card expiry ho gayi, naya card link karo",CARD_MANDATE,HDFC,17517.53,99.4,0,HARD_PERMANENT
UPI_DAILY_LIMIT_EXCEEDED,"Customer reached daily UPI transaction limit of Rs.1,00,000",UPI_AUTOPAY,SBIN,29202.27,78.2,2,SOFT_FINANCIAL
GATEWAY_ERROR,"downstream gateway error, retry after clearing window",UPI_AUTOPAY,UTIB,23194.51,96.5,3,TRANSIENT_TECHNICAL
ACCOUNT_CLOSED,"account band ho gaya hai, retry bekar hai",UPI_AUTOPAY,SBIN,29201.89,78.2,1,HARD_PERMANENT
ACCOUNT_CLOSED,"customer account closed, debit returned",UPI_AUTOPAY,ICIC,27453.41,98.9,0,HARD_PERMANENT
INVALID_VPA_PERMANENT,"galat UPI ID, ye VPA exist nahi karti",UPI_AUTOPAY,UTIB,38350.91,96.5,1,HARD_PERMANENT
INVALID_VPA_PERMANENT,"VPA does not exist, invalid payee address",UPI_AUTOPAY,UTIB,13735.4,96.5,1,HARD_PERMANENT
NPCI_TIMEOUT,"NPCI timeout, bank se confirmation nahi aaya",UPI_AUTOPAY,HDFC,528.18,99.4,2,TRANSIENT_TECHNICAL
MANDATE_AMOUNT_EXCEEDS_CAP,"autopay cap se zyada amount, bank ne decline kiya",UPI_AUTOPAY,ICIC,30861.39,98.9,1,SOFT_FINANCIAL
CARD_EXPIRED,"card expiry ho gayi, naya card link karo",CARD_MANDATE,ICIC,28898.29,98.9,3,HARD_PERMANENT
INVALID_VPA_PERMANENT,"galat UPI ID, ye VPA exist nahi karti",UPI_AUTOPAY,ICIC,8637.72,98.9,1,HARD_PERMANENT
INSUFFICIENT_FUNDS,Declined by customer bank due to low balance,UPI_AUTOPAY,KKBK,18303.01,97.8,0,SOFT_FINANCIAL
CHECKOUT_DROPPED_OFF,OTP verification timed out during checkout,MAGIC_CHECKOUT,HDFC,29561.6,99.4,0,BEHAVIORAL_DROPOFF
INVALID_VPA_PERMANENT,"galat UPI ID, ye VPA exist nahi karti",UPI_AUTOPAY,UTIB,17594.1,96.5,0,HARD_PERMANENT
UPI_DAILY_LIMIT_EXCEEDED,"limit exceed, transaction declined by bank",UPI_AUTOPAY,KKBK,36757.27,97.8,0,SOFT_FINANCIAL
INSUFFICIENT_FUNDS,Mandate debit declined due to low card account balance,UPI_AUTOPAY,ICIC,22927.21,98.9,3,SOFT_FINANCIAL
FRAUD_DETECTED,High-risk score flagged by issuer fraud detection switch,CARD_MANDATE,ICIC,4571.71,98.9,0,HARD_PERMANENT
INVALID_VPA_PERMANENT,"VPA does not exist, invalid payee address",UPI_AUTOPAY,ICIC,29518.33,98.9,0,HARD_PERMANENT
MANDATE_AMOUNT_EXCEEDS_CAP,"mandate amount exceeds NPCI cap of Rs.1,00,000",UPI_AUTOPAY,ICIC,19036.59,98.9,0,SOFT_FINANCIAL
MANDATE_AMOUNT_EXCEEDS_CAP,"autopay cap se zyada amount, bank ne decline kiya",UPI_AUTOPAY,KKBK,13372.78,97.8,3,SOFT_FINANCIAL
CART_ABANDONED_SHIPPING_FRICTION,shipping fee dekh kar customer ne cart chhod diya,MAGIC_CHECKOUT,HDFC,39014.29,99.4,1,BEHAVIORAL_DROPOFF
UPI_DAILY_LIMIT_EXCEEDED,"limit exceed, transaction declined by bank",UPI_AUTOPAY,HDFC,21354.91,99.4,0,SOFT_FINANCIAL
STOLEN_CARD,stolen card hotlisted by issuer,CARD_MANDATE,UTIB,23936.29,96.5,1,HARD_PERMANENT
BANK_DEBIT_FAILED_TECHNICAL,Issuer node degradation during 02:00 AM auto-debit window,UPI_AUTOPAY,SBIN,44657.18,78.2,0,TRANSIENT_TECHNICAL
OTP_TIMEOUT,"customer ne OTP time par enter nahi kiya, session expire",MAGIC_CHECKOUT,SBIN,14373.3,78.2,2,TRANSIENT_TECHNICAL
FRAUD_DETECTED,High-risk score flagged by issuer fraud detection switch,CARD_MANDATE,UTIB,15101.13,96.5,0,HARD_PERMANENT
INVOICE_OVERDUE_30_DAYS,Net-30 invoice crossed due date without payment reconciliation,B2B_INVOICE,HDFC,20451.44,99.4,0,COMMERCIAL_DISPUTE
FRAUD_DETECTED,High-risk score flagged by issuer fraud detection switch,CARD_MANDATE,UTIB,35377.23,96.5,3,HARD_PERMANENT
CARD_EXPIRED,Mandate card token expired; bank declined authorization,CARD_MANDATE,KKBK,19629.71,97.8,1,HARD_PERMANENT
NPCI_TIMEOUT,Card network switch response timed out,UPI_AUTOPAY,UTIB,17371.96,96.5,0,TRANSIENT_TECHNICAL
TOKENIZATION_TIMEOUT,card token vault timeout during authorization,CARD_MANDATE,ICIC,42763.02,98.9,0,TRANSIENT_TECHNICAL
STOLEN_CARD,stolen card hotlisted by issuer,CARD_MANDATE,HDFC,30517.99,99.4,2,HARD_PERMANENT
INSUFFICIENT_FUNDS,Salary credit not yet posted; balance too low for auto-debit,UPI_AUTOPAY,ICIC,14181.05,98.9,0,SOFT_FINANCIAL
NPCI_TIMEOUT,"NPCI timeout, bank se confirmation nahi aaya",UPI_AUTOPAY,KKBK,13913.26,97.8,0,TRANSIENT_TECHNICAL
BANK_DEBIT_FAILED_TECHNICAL,"bank server busy, auto-debit fail ho gaya technical issue se",UPI_AUTOPAY,ICIC,20624.95,98.9,1,TRANSIENT_TECHNICAL
STOLEN_CARD,"chori ka card report hua, block hai",CARD_MANDATE,UTIB,39981.13,96.5,0,HARD_PERMANENT
INVOICE_OVERDUE_30_DAYS,"30 din se payment pending, accounts se approval nahi aaya",B2B_INVOICE,ICIC,33804.93,98.9,0,COMMERCIAL_DISPUTE
NPCI_TIMEOUT,UPI switch response timed out after 30 seconds,UPI_AUTOPAY,SBIN,10248.82,78.2,0,TRANSIENT_TECHNICAL
GATEWAY_ERROR,504 Gateway Timeout from NPCI switch,UPI_AUTOPAY,KKBK,22807.09,97.8,0,TRANSIENT_TECHNICAL
MANDATE_AMOUNT_EXCEEDS_CAP,"mandate amount exceeds NPCI cap of Rs.1,00,000",UPI_AUTOPAY,UTIB,39469.05,96.5,0,SOFT_FINANCIAL
TOKENIZATION_TIMEOUT,card token vault timeout during authorization,CARD_MANDATE,KKBK,44761.67,97.8,2,TRANSIENT_TECHNICAL
CART_ABANDONED_SHIPPING_FRICTION,User exited after shipping charge calculated,MAGIC_CHECKOUT,HDFC,31100.48,99.4,1,BEHAVIORAL_DROPOFF
PAYMENT_METHOD_UNAVAILABLE,payment option show nahi ho raha tha,MAGIC_CHECKOUT,HDFC,24717.8,99.4,1,BEHAVIORAL_DROPOFF
CHECKOUT_DROPPED_OFF,Customer abandoned session at shipping/payment step,MAGIC_CHECKOUT,HDFC,13689.32,99.4,2,BEHAVIORAL_DROPOFF
CART_ABANDONED_SHIPPING_FRICTION,shipping fee dekh kar customer ne cart chhod diya,MAGIC_CHECKOUT,KKBK,27332.02,97.8,0,BEHAVIORAL_DROPOFF
OTP_TIMEOUT,OTP verification timed out during checkout,MAGIC_CHECKOUT,KKBK,32400.45,97.8,0,TRANSIENT_TECHNICAL
INVOICE_APPROVAL_PENDING,Invoice stuck in enterprise procurement approval workflow,B2B_INVOICE,HDFC,22498.21,99.4,1,COMMERCIAL_DISPUTE
GATEWAY_ERROR,"downstream gateway error, retry after clearing window",UPI_AUTOPAY,KKBK,43795.74,97.8,0,TRANSIENT_TECHNICAL
OTP_TIMEOUT,"customer ne OTP time par enter nahi kiya, session expire",MAGIC_CHECKOUT,SBIN,1964.42,78.2,1,TRANSIENT_TECHNICAL
GATEWAY_ERROR,"payment gateway ne response nahi diya, timeout ho gaya",UPI_AUTOPAY,ICIC,10705.07,98.9,0,TRANSIENT_TECHNICAL
CARD_EXPIRED,Mandate card token expired; bank declined authorization,CARD_MANDATE,KKBK,30171.85,97.8,0,HARD_PERMANENT
CARD_EXPIRED,Mandate card token expired; bank declined authorization,CARD_MANDATE,HDFC,40734.02,99.4,2,HARD_PERMANENT
INSUFFICIENT_FUNDS,Mandate debit declined due to low card account balance,UPI_AUTOPAY,ICIC,12032.07,98.9,0,SOFT_FINANCIAL
CART_ABANDONED_SHIPPING_FRICTION,User exited after shipping charge calculated,MAGIC_CHECKOUT,HDFC,38380.59,99.4,0,BEHAVIORAL_DROPOFF
INVOICE_OVERDUE_30_DAYS,"30 din se payment pending, accounts se approval nahi aaya",B2B_INVOICE,HDFC,4455.03,99.4,3,COMMERCIAL_DISPUTE
BANK_DEBIT_FAILED_TECHNICAL,Downstream bank gateway timeout during debit attempt,UPI_AUTOPAY,SBIN,29917.97,78.2,0,TRANSIENT_TECHNICAL
INVOICE_OVERDUE_30_DAYS,"30 din se payment pending, accounts se approval nahi aaya",B2B_INVOICE,UTIB,42987.95,96.5,0,COMMERCIAL_DISPUTE
CARD_EXPIRED,"card expiry ho gayi, naya card link karo",CARD_MANDATE,ICIC,8391.73,98.9,1,HARD_PERMANENT
NPCI_TIMEOUT,Card network switch response timed out,UPI_AUTOPAY,ICIC,37639.57,98.9,2,TRANSIENT_TECHNICAL
PURCHASE_ORDER_MISMATCH,purchase order aur invoice me antar hai,B2B_INVOICE,SBIN,5264.05,78.2,2,COMMERCIAL_DISPUTE
BANK_DEBIT_FAILED_TECHNICAL,Issuer node degradation during 02:00 AM auto-debit window,UPI_AUTOPAY,HDFC,18837.46,99.4,1,TRANSIENT_TECHNICAL
PURCHASE_ORDER_MISMATCH,purchase order aur invoice me antar hai,B2B_INVOICE,SBIN,27586.89,78.2,3,COMMERCIAL_DISPUTE
MANDATE_AMOUNT_EXCEEDS_CAP,"mandate amount exceeds NPCI cap of Rs.1,00,000",UPI_AUTOPAY,SBIN,21841.45,78.2,1,SOFT_FINANCIAL
CART_ABANDONED_SHIPPING_FRICTION,shipping fee dekh kar customer ne cart chhod diya,MAGIC_CHECKOUT,UTIB,2258.61,96.5,0,BEHAVIORAL_DROPOFF
INVOICE_OVERDUE_30_DAYS,Net-30 invoice crossed due date without payment reconciliation,B2B_INVOICE,KKBK,34585.05,97.8,1,COMMERCIAL_DISPUTE
UPI_DAILY_LIMIT_EXCEEDED,"Customer reached daily UPI transaction limit of Rs.1,00,000",UPI_AUTOPAY,ICIC,23455.18,98.9,2,SOFT_FINANCIAL
CART_ABANDONED_SHIPPING_FRICTION,shipping fee dekh kar customer ne cart chhod diya,MAGIC_CHECKOUT,SBIN,21789.93,78.2,2,BEHAVIORAL_DROPOFF
NPCI_TIMEOUT,UPI switch response timed out after 30 seconds,UPI_AUTOPAY,KKBK,40164.26,97.8,1,TRANSIENT_TECHNICAL
BANK_DEBIT_FAILED_TECHNICAL,Downstream bank gateway timeout during debit attempt,UPI_AUTOPAY,SBIN,22848.93,78.2,1,TRANSIENT_TECHNICAL
PURCHASE_ORDER_MISMATCH,"PO amount mismatch, reconciliation on hold",B2B_INVOICE,HDFC,33863.82,99.4,0,COMMERCIAL_DISPUTE
INSUFFICIENT_FUNDS,"account me paise nahi hai, balance insufficient",UPI_AUTOPAY,ICIC,2454.76,98.9,0,SOFT_FINANCIAL
TOKENIZATION_TIMEOUT,"tokenization service slow, mandate auth timed out",CARD_MANDATE,UTIB,36806.05,96.5,0,TRANSIENT_TECHNICAL
PAYMENT_METHOD_UNAVAILABLE,payment option show nahi ho raha tha,MAGIC_CHECKOUT,KKBK,20274.26,97.8,3,BEHAVIORAL_DROPOFF
PURCHASE_ORDER_MISMATCH,purchase order aur invoice me antar hai,B2B_INVOICE,ICIC,5517.19,98.9,1,COMMERCIAL_DISPUTE
ACCOUNT_CLOSED,"customer account closed, debit returned",UPI_AUTOPAY,UTIB,18672.18,96.5,1,HARD_PERMANENT
TOKENIZATION_TIMEOUT,card token vault timeout during authorization,CARD_MANDATE,HDFC,35671.68,99.4,1,TRANSIENT_TECHNICAL
INVOICE_APPROVAL_PENDING,Invoice stuck in enterprise procurement approval workflow,B2B_INVOICE,UTIB,42775.86,96.5,0,COMMERCIAL_DISPUTE
BANK_DEBIT_FAILED_TECHNICAL,Issuer node degradation during 02:00 AM auto-debit window,UPI_AUTOPAY,UTIB,15071.71,96.5,3,TRANSIENT_TECHNICAL
PURCHASE_ORDER_MISMATCH,purchase order aur invoice me antar hai,B2B_INVOICE,UTIB,5307.36,96.5,3,COMMERCIAL_DISPUTE
INSUFFICIENT_FUNDS,Declined by customer bank due to low balance,UPI_AUTOPAY,ICIC,16109.58,98.9,2,SOFT_FINANCIAL
INVOICE_APPROVAL_PENDING,procurement team se approval pending hai,B2B_INVOICE,HDFC,2249.91,99.4,0,COMMERCIAL_DISPUTE
PURCHASE_ORDER_MISMATCH,"PO amount mismatch, reconciliation on hold",B2B_INVOICE,UTIB,4990.98,96.5,1,COMMERCIAL_DISPUTE
GATEWAY_ERROR,issuer node degraded during mandate authorization,UPI_AUTOPAY,HDFC,41873.62,99.4,1,TRANSIENT_TECHNICAL
GATEWAY_ERROR,"payment gateway ne response nahi diya, timeout ho gaya",UPI_AUTOPAY,SBIN,32311.82,78.2,0,TRANSIENT_TECHNICAL
OTP_TIMEOUT,OTP verification timed out during checkout,MAGIC_CHECKOUT,KKBK,5719.34,97.8,1,TRANSIENT_TECHNICAL
PAYMENT_METHOD_UNAVAILABLE,selected UPI method unavailable at checkout,MAGIC_CHECKOUT,UTIB,393.33,96.5,2,BEHAVIORAL_DROPOFF
BANK_DEBIT_FAILED_TECHNICAL,debit attempt failed due to issuer switch congestion,UPI_AUTOPAY,KKBK,21834.83,97.8,1,TRANSIENT_TECHNICAL
FRAUD_DETECTED,High-risk score flagged by issuer fraud detection switch,CARD_MANDATE,SBIN,4838.32,78.2,2,HARD_PERMANENT
INVOICE_OVERDUE_30_DAYS,"30 din se payment pending, accounts se approval nahi aaya",B2B_INVOICE,UTIB,44081.61,96.5,2,COMMERCIAL_DISPUTE
INSUFFICIENT_FUNDS,"account me paise nahi hai, balance insufficient",UPI_AUTOPAY,UTIB,43368.95,96.5,0,SOFT_FINANCIAL
PAYMENT_METHOD_UNAVAILABLE,selected UPI method unavailable at checkout,MAGIC_CHECKOUT,SBIN,18690.41,78.2,2,BEHAVIORAL_DROPOFF
STOLEN_CARD,"chori ka card report hua, block hai",CARD_MANDATE,KKBK,38759.56,97.8,2,HARD_PERMANENT
TOKENIZATION_TIMEOUT,card token vault timeout during authorization,CARD_MANDATE,SBIN,9594.34,78.2,2,TRANSIENT_TECHNICAL
INVOICE_APPROVAL_PENDING,procurement team se approval pending hai,B2B_INVOICE,SBIN,44163.81,78.2,2,COMMERCIAL_DISPUTE
FRAUD_DETECTED,"suspicious activity, fraud check fail",CARD_MANDATE,HDFC,34282.48,99.4,1,HARD_PERMANENT
PURCHASE_ORDER_MISMATCH,purchase order aur invoice me antar hai,B2B_INVOICE,KKBK,13008.86,97.8,3,COMMERCIAL_DISPUTE
OTP_TIMEOUT,OTP verification timed out during checkout,MAGIC_CHECKOUT,KKBK,4968.98,97.8,1,TRANSIENT_TECHNICAL
CHECKOUT_DROPPED_OFF,Customer abandoned session at shipping/payment step,MAGIC_CHECKOUT,HDFC,9154.83,99.4,3,BEHAVIORAL_DROPOFF
FRAUD_DETECTED,"suspicious activity, fraud check fail",CARD_MANDATE,ICIC,6759.14,98.9,0,HARD_PERMANENT
INVOICE_APPROVAL_PENDING,Invoice stuck in enterprise procurement approval workflow,B2B_INVOICE,KKBK,1646.36,97.8,3,COMMERCIAL_DISPUTE
PAYMENT_METHOD_UNAVAILABLE,selected UPI method unavailable at checkout,MAGIC_CHECKOUT,KKBK,39087.85,97.8,2,BEHAVIORAL_DROPOFF
TOKENIZATION_TIMEOUT,card token vault timeout during authorization,CARD_MANDATE,KKBK,17621.51,97.8,1,TRANSIENT_TECHNICAL
INVOICE_APPROVAL_PENDING,Invoice stuck in enterprise procurement approval workflow,B2B_INVOICE,UTIB,17561.84,96.5,3,COMMERCIAL_DISPUTE
INVOICE_OVERDUE_30_DAYS,Net-30 invoice crossed due date without payment reconciliation,B2B_INVOICE,HDFC,33516.16,99.4,0,COMMERCIAL_DISPUTE
PAYMENT_METHOD_UNAVAILABLE,selected UPI method unavailable at checkout,MAGIC_CHECKOUT,ICIC,34028.58,98.9,1,BEHAVIORAL_DROPOFF
GATEWAY_ERROR,issuer node degraded during mandate authorization,UPI_AUTOPAY,ICIC,20306.36,98.9,2,TRANSIENT_TECHNICAL
CARD_EXPIRED,Mandate card token expired; bank declined authorization,CARD_MANDATE,SBIN,33131.3,78.2,0,HARD_PERMANENT
NPCI_TIMEOUT,UPI switch response timed out after 30 seconds,UPI_AUTOPAY,UTIB,12703.51,96.5,0,TRANSIENT_TECHNICAL
CHECKOUT_DROPPED_OFF,Customer abandoned session at shipping/payment step,MAGIC_CHECKOUT,KKBK,38101.28,97.8,0,BEHAVIORAL_DROPOFF
INVOICE_OVERDUE_30_DAYS,"30 din se payment pending, accounts se approval nahi aaya",B2B_INVOICE,SBIN,1988.38,78.2,0,COMMERCIAL_DISPUTE
BANK_DEBIT_FAILED_TECHNICAL,"bank server busy, auto-debit fail ho gaya technical issue se",UPI_AUTOPAY,UTIB,35587.68,96.5,1,TRANSIENT_TECHNICAL
MANDATE_AMOUNT_EXCEEDS_CAP,"mandate amount exceeds NPCI cap of Rs.1,00,000",UPI_AUTOPAY,ICIC,23737.22,98.9,0,SOFT_FINANCIAL
STOLEN_CARD,stolen card hotlisted by issuer,CARD_MANDATE,KKBK,7338.96,97.8,1,HARD_PERMANENT
TOKENIZATION_TIMEOUT,"tokenization service slow, mandate auth timed out",CARD_MANDATE,HDFC,15852.6,99.4,0,TRANSIENT_TECHNICAL
INVOICE_OVERDUE_30_DAYS,"30 din se payment pending, accounts se approval nahi aaya",B2B_INVOICE,ICIC,13351.42,98.9,3,COMMERCIAL_DISPUTE
STOLEN_CARD,"chori ka card report hua, block hai",CARD_MANDATE,KKBK,37101.06,97.8,2,HARD_PERMANENT
ACCOUNT_CLOSED,"customer account closed, debit returned",UPI_AUTOPAY,ICIC,20165.34,98.9,2,HARD_PERMANENT
INSUFFICIENT_FUNDS,Declined by customer bank due to low balance,UPI_AUTOPAY,ICIC,17284.87,98.9,3,SOFT_FINANCIAL
CART_ABANDONED_SHIPPING_FRICTION,shipping fee dekh kar customer ne cart chhod diya,MAGIC_CHECKOUT,ICIC,24402.17,98.9,0,BEHAVIORAL_DROPOFF
ACCOUNT_CLOSED,"account band ho gaya hai, retry bekar hai",UPI_AUTOPAY,KKBK,36165.99,97.8,1,HARD_PERMANENT
PURCHASE_ORDER_MISMATCH,"PO amount mismatch, reconciliation on hold",B2B_INVOICE,ICIC,40442.91,98.9,0,COMMERCIAL_DISPUTE
INVOICE_OVERDUE_30_DAYS,Net-30 invoice crossed due date without payment reconciliation,B2B_INVOICE,HDFC,7698.45,99.4,3,COMMERCIAL_DISPUTE
TOKENIZATION_TIMEOUT,card token vault timeout during authorization,CARD_MANDATE,HDFC,9642.22,99.4,2,TRANSIENT_TECHNICAL
GATEWAY_ERROR,"payment gateway ne response nahi diya, timeout ho gaya",UPI_AUTOPAY,HDFC,9409.17,99.4,3,TRANSIENT_TECHNICAL
OTP_TIMEOUT,OTP verification timed out during checkout,MAGIC_CHECKOUT,SBIN,1263.16,78.2,2,TRANSIENT_TECHNICAL
INVOICE_OVERDUE_30_DAYS,Net-30 invoice crossed due date without payment reconciliation,B2B_INVOICE,HDFC,3480.58,99.4,0,COMMERCIAL_DISPUTE
INVALID_VPA_PERMANENT,"VPA does not exist, invalid payee address",UPI_AUTOPAY,KKBK,37008.37,97.8,0,HARD_PERMANENT
OTP_TIMEOUT,"customer ne OTP time par enter nahi kiya, session expire",MAGIC_CHECKOUT,UTIB,28433.36,96.5,1,TRANSIENT_TECHNICAL
INVOICE_OVERDUE_30_DAYS,Net-30 invoice crossed due date without payment reconciliation,B2B_INVOICE,UTIB,30363.46,96.5,1,COMMERCIAL_DISPUTE
ACCOUNT_CLOSED,"customer account closed, debit returned",UPI_AUTOPAY,KKBK,2238.2,97.8,3,HARD_PERMANENT
CARD_EXPIRED,"card expiry ho gayi, naya card link karo",CARD_MANDATE,KKBK,4953.98,97.8,3,HARD_PERMANENT
INVOICE_APPROVAL_PENDING,Invoice stuck in enterprise procurement approval workflow,B2B_INVOICE,ICIC,34484.05,98.9,1,COMMERCIAL_DISPUTE
NPCI_TIMEOUT,Card network switch response timed out,UPI_AUTOPAY,HDFC,21434.12,99.4,1,TRANSIENT_TECHNICAL
INSUFFICIENT_FUNDS,Salary credit not yet posted; balance too low for auto-debit,UPI_AUTOPAY,UTIB,35895.11,96.5,3,SOFT_FINANCIAL
TOKENIZATION_TIMEOUT,"tokenization service slow, mandate auth timed out",CARD_MANDATE,SBIN,13552.23,78.2,3,TRANSIENT_TECHNICAL
MANDATE_AMOUNT_EXCEEDS_CAP,"mandate amount exceeds NPCI cap of Rs.1,00,000",UPI_AUTOPAY,KKBK,39389.43,97.8,0,SOFT_FINANCIAL
CART_ABANDONED_SHIPPING_FRICTION,User exited after shipping charge calculated,MAGIC_CHECKOUT,HDFC,25857.37,99.4,1,BEHAVIORAL_DROPOFF
TOKENIZATION_TIMEOUT,card token vault timeout during authorization,CARD_MANDATE,ICIC,9609.58,98.9,2,TRANSIENT_TECHNICAL
MANDATE_AMOUNT_EXCEEDS_CAP,"mandate amount exceeds NPCI cap of Rs.1,00,000",UPI_AUTOPAY,UTIB,40772.04,96.5,3,SOFT_FINANCIAL
STOLEN_CARD,stolen card hotlisted by issuer,CARD_MANDATE,SBIN,8442.06,78.2,1,HARD_PERMANENT
INVALID_VPA_PERMANENT,"VPA does not exist, invalid payee address",UPI_AUTOPAY,HDFC,8324.02,99.4,3,HARD_PERMANENT
UPI_DAILY_LIMIT_EXCEEDED,"Customer reached daily UPI transaction limit of Rs.1,00,000",UPI_AUTOPAY,KKBK,20864.14,97.8,1,SOFT_FINANCIAL
CARD_EXPIRED,"card expiry ho gayi, naya card link karo",CARD_MANDATE,HDFC,11430.06,99.4,0,HARD_PERMANENT
UPI_DAILY_LIMIT_EXCEEDED,"UPI daily cap khatam, kal retry karo",UPI_AUTOPAY,ICIC,16199.16,98.9,2,SOFT_FINANCIAL
INSUFFICIENT_FUNDS,Declined by customer bank due to low balance,UPI_AUTOPAY,ICIC,27953.93,98.9,0,SOFT_FINANCIAL
INVOICE_OVERDUE_30_DAYS,"30 din se payment pending, accounts se approval nahi aaya",B2B_INVOICE,UTIB,14909.23,96.5,2,COMMERCIAL_DISPUTE
INVOICE_APPROVAL_PENDING,Invoice stuck in enterprise procurement approval workflow,B2B_INVOICE,KKBK,25594.98,97.8,3,COMMERCIAL_DISPUTE
INVOICE_OVERDUE_30_DAYS,"30 din se payment pending, accounts se approval nahi aaya",B2B_INVOICE,SBIN,415.47,78.2,0,COMMERCIAL_DISPUTE
INSUFFICIENT_FUNDS,Mandate debit declined due to low card account balance,UPI_AUTOPAY,ICIC,37836.77,98.9,0,SOFT_FINANCIAL
INVOICE_OVERDUE_30_DAYS,"30 din se payment pending, accounts se approval nahi aaya",B2B_INVOICE,UTIB,20151.48,96.5,3,COMMERCIAL_DISPUTE
INVOICE_APPROVAL_PENDING,procurement team se approval pending hai,B2B_INVOICE,KKBK,5074.81,97.8,2,COMMERCIAL_DISPUTE
CARD_EXPIRED,"card expiry ho gayi, naya card link karo",CARD_MANDATE,SBIN,40130.0,78.2,0,HARD_PERMANENT
INVALID_VPA_PERMANENT,"VPA does not exist, invalid payee address",UPI_AUTOPAY,HDFC,40166.2,99.4,3,HARD_PERMANENT
STOLEN_CARD,stolen card hotlisted by issuer,CARD_MANDATE,KKBK,26134.33,97.8,3,HARD_PERMANENT
UPI_DAILY_LIMIT_EXCEEDED,"Customer reached daily UPI transaction limit of Rs.1,00,000",UPI_AUTOPAY,HDFC,24910.96,99.4,1,SOFT_FINANCIAL
TOKENIZATION_TIMEOUT,"tokenization service slow, mandate auth timed out",CARD_MANDATE,SBIN,16588.04,78.2,0,TRANSIENT_TECHNICAL
UPI_DAILY_LIMIT_EXCEEDED,"limit exceed, transaction declined by bank",UPI_AUTOPAY,ICIC,6197.01,98.9,1,SOFT_FINANCIAL
STOLEN_CARD,stolen card hotlisted by issuer,CARD_MANDATE,UTIB,16500.54,96.5,0,HARD_PERMANENT
INSUFFICIENT_FUNDS,Salary credit not yet posted; balance too low for auto-debit,UPI_AUTOPAY,KKBK,6487.75,97.8,0,SOFT_FINANCIAL
FRAUD_DETECTED,High-risk score flagged by issuer fraud detection switch,CARD_MANDATE,UTIB,42274.99,96.5,0,HARD_PERMANENT
INSUFFICIENT_FUNDS,Mandate debit declined due to low card account balance,UPI_AUTOPAY,SBIN,3015.24,78.2,0,SOFT_FINANCIAL
INSUFFICIENT_FUNDS,Declined by customer bank due to low balance,UPI_AUTOPAY,SBIN,23400.78,78.2,3,SOFT_FINANCIAL
MANDATE_AMOUNT_EXCEEDS_CAP,"autopay cap se zyada amount, bank ne decline kiya",UPI_AUTOPAY,UTIB,41321.92,96.5,0,SOFT_FINANCIAL
BANK_DEBIT_FAILED_TECHNICAL,"bank server busy, auto-debit fail ho gaya technical issue se",UPI_AUTOPAY,HDFC,31727.09,99.4,1,TRANSIENT_TECHNICAL
INVALID_VPA_PERMANENT,"galat UPI ID, ye VPA exist nahi karti",UPI_AUTOPAY,KKBK,24586.43,97.8,0,HARD_PERMANENT
NPCI_TIMEOUT,"NPCI timeout, bank se confirmation nahi aaya",UPI_AUTOPAY,UTIB,16564.66,96.5,2,TRANSIENT_TECHNICAL
CARD_EXPIRED,"card expiry ho gayi, naya card link karo",CARD_MANDATE,UTIB,43775.77,96.5,0,HARD_PERMANENT
STOLEN_CARD,"chori ka card report hua, block hai",CARD_MANDATE,ICIC,36812.02,98.9,0,HARD_PERMANENT
PURCHASE_ORDER_MISMATCH,purchase order aur invoice me antar hai,B2B_INVOICE,KKBK,494.58,97.8,0,COMMERCIAL_DISPUTE
PAYMENT_METHOD_UNAVAILABLE,selected UPI method unavailable at checkout,MAGIC_CHECKOUT,SBIN,3652.63,78.2,2,BEHAVIORAL_DROPOFF
INVALID_VPA_PERMANENT,"VPA does not exist, invalid payee address",UPI_AUTOPAY,SBIN,8572.56,78.2,0,HARD_PERMANENT
CART_ABANDONED_SHIPPING_FRICTION,User exited after shipping charge calculated,MAGIC_CHECKOUT,UTIB,36540.34,96.5,2,BEHAVIORAL_DROPOFF
CART_ABANDONED_SHIPPING_FRICTION,shipping fee dekh kar customer ne cart chhod diya,MAGIC_CHECKOUT,UTIB,21659.63,96.5,1,BEHAVIORAL_DROPOFF
FRAUD_DETECTED,"suspicious activity, fraud check fail",CARD_MANDATE,HDFC,11115.67,99.4,0,HARD_PERMANENT
UPI_DAILY_LIMIT_EXCEEDED,"limit exceed, transaction declined by bank",UPI_AUTOPAY,SBIN,6234.77,78.2,1,SOFT_FINANCIAL
BANK_DEBIT_FAILED_TECHNICAL,Issuer node degradation during 02:00 AM auto-debit window,UPI_AUTOPAY,HDFC,7651.26,99.4,0,TRANSIENT_TECHNICAL
STOLEN_CARD,"chori ka card report hua, block hai",CARD_MANDATE,KKBK,43622.09,97.8,2,HARD_PERMANENT
ACCOUNT_CLOSED,"account band ho gaya hai, retry bekar hai",UPI_AUTOPAY,HDFC,9902.6,99.4,1,HARD_PERMANENT
PURCHASE_ORDER_MISMATCH,purchase order aur invoice me antar hai,B2B_INVOICE,SBIN,10026.72,78.2,1,COMMERCIAL_DISPUTE
CHECKOUT_DROPPED_OFF,OTP verification timed out during checkout,MAGIC_CHECKOUT,SBIN,28119.51,78.2,1,BEHAVIORAL_DROPOFF
INVALID_VPA_PERMANENT,"VPA does not exist, invalid payee address",UPI_AUTOPAY,ICIC,41521.29,98.9,1,HARD_PERMANENT
UPI_DAILY_LIMIT_EXCEEDED,"Customer reached daily UPI transaction limit of Rs.1,00,000",UPI_AUTOPAY,SBIN,17143.25,78.2,0,SOFT_FINANCIAL
CART_ABANDONED_SHIPPING_FRICTION,User exited after shipping charge calculated,MAGIC_CHECKOUT,SBIN,23616.99,78.2,1,BEHAVIORAL_DROPOFF
OTP_TIMEOUT,OTP verification timed out during checkout,MAGIC_CHECKOUT,KKBK,4513.27,97.8,1,TRANSIENT_TECHNICAL
BANK_DEBIT_FAILED_TECHNICAL,Downstream bank gateway timeout during debit attempt,UPI_AUTOPAY,HDFC,21803.88,99.4,0,TRANSIENT_TECHNICAL
TOKENIZATION_TIMEOUT,card token vault timeout during authorization,CARD_MANDATE,UTIB,23587.1,96.5,0,TRANSIENT_TECHNICAL
BANK_DEBIT_FAILED_TECHNICAL,debit attempt failed due to issuer switch congestion,UPI_AUTOPAY,SBIN,42241.23,78.2,1,TRANSIENT_TECHNICAL
NPCI_TIMEOUT,Card network switch response timed out,UPI_AUTOPAY,KKBK,36246.83,97.8,3,TRANSIENT_TECHNICAL
UPI_DAILY_LIMIT_EXCEEDED,"Customer reached daily UPI transaction limit of Rs.1,00,000",UPI_AUTOPAY,UTIB,6197.1,96.5,1,SOFT_FINANCIAL
INSUFFICIENT_FUNDS,Declined by customer bank due to low balance,UPI_AUTOPAY,ICIC,27003.1,98.9,1,SOFT_FINANCIAL
OTP_TIMEOUT,"customer ne OTP time par enter nahi kiya, session expire",MAGIC_CHECKOUT,SBIN,444.04,78.2,2,TRANSIENT_TECHNICAL
ACCOUNT_CLOSED,"customer account closed, debit returned",UPI_AUTOPAY,KKBK,521.3,97.8,2,HARD_PERMANENT
GATEWAY_ERROR,"downstream gateway error, retry after clearing window",UPI_AUTOPAY,UTIB,16429.05,96.5,0,TRANSIENT_TECHNICAL
OTP_TIMEOUT,"customer ne OTP time par enter nahi kiya, session expire",MAGIC_CHECKOUT,ICIC,38502.82,98.9,1,TRANSIENT_TECHNICAL
UPI_DAILY_LIMIT_EXCEEDED,"UPI daily cap khatam, kal retry karo",UPI_AUTOPAY,KKBK,12544.39,97.8,2,SOFT_FINANCIAL
NPCI_TIMEOUT,UPI switch response timed out after 30 seconds,UPI_AUTOPAY,UTIB,24933.85,96.5,1,TRANSIENT_TECHNICAL
PURCHASE_ORDER_MISMATCH,"PO amount mismatch, reconciliation on hold",B2B_INVOICE,ICIC,25246.96,98.9,1,COMMERCIAL_DISPUTE
INVALID_VPA_PERMANENT,"galat UPI ID, ye VPA exist nahi karti",UPI_AUTOPAY,KKBK,15626.51,97.8,2,HARD_PERMANENT
NPCI_TIMEOUT,"NPCI timeout, bank se confirmation nahi aaya",UPI_AUTOPAY,SBIN,38503.81,78.2,2,TRANSIENT_TECHNICAL
CART_ABANDONED_SHIPPING_FRICTION,User exited after shipping charge calculated,MAGIC_CHECKOUT,UTIB,35283.08,96.5,0,BEHAVIORAL_DROPOFF
CART_ABANDONED_SHIPPING_FRICTION,User exited after shipping charge calculated,MAGIC_CHECKOUT,KKBK,18144.53,97.8,0,BEHAVIORAL_DROPOFF
TOKENIZATION_TIMEOUT,card token vault timeout during authorization,CARD_MANDATE,SBIN,17631.23,78.2,2,TRANSIENT_TECHNICAL
ACCOUNT_CLOSED,"customer account closed, debit returned",UPI_AUTOPAY,SBIN,21330.23,78.2,1,HARD_PERMANENT
OTP_TIMEOUT,OTP verification timed out during checkout,MAGIC_CHECKOUT,HDFC,11985.78,99.4,0,TRANSIENT_TECHNICAL
CARD_EXPIRED,Mandate card token expired; bank declined authorization,CARD_MANDATE,UTIB,41894.62,96.5,1,HARD_PERMANENT
STOLEN_CARD,"chori ka card report hua, block hai",CARD_MANDATE,KKBK,2773.4,97.8,3,HARD_PERMANENT
FRAUD_DETECTED,"suspicious activity, fraud check fail",CARD_MANDATE,UTIB,678.84,96.5,3,HARD_PERMANENT
STOLEN_CARD,"chori ka card report hua, block hai",CARD_MANDATE,SBIN,1704.73,78.2,1,HARD_PERMANENT
STOLEN_CARD,stolen card hotlisted by issuer,CARD_MANDATE,KKBK,7792.0,97.8,0,HARD_PERMANENT
MANDATE_AMOUNT_EXCEEDS_CAP,"mandate amount exceeds NPCI cap of Rs.1,00,000",UPI_AUTOPAY,HDFC,43908.91,99.4,0,SOFT_FINANCIAL
INVALID_VPA_PERMANENT,"galat UPI ID, ye VPA exist nahi karti",UPI_AUTOPAY,ICIC,30200.53,98.9,1,HARD_PERMANENT
UPI_DAILY_LIMIT_EXCEEDED,"Customer reached daily UPI transaction limit of Rs.1,00,000",UPI_AUTOPAY,KKBK,887.44,97.8,2,SOFT_FINANCIAL
CARD_EXPIRED,Mandate card token expired; bank declined authorization,CARD_MANDATE,KKBK,12944.61,97.8,3,HARD_PERMANENT
TOKENIZATION_TIMEOUT,"tokenization service slow, mandate auth timed out",CARD_MANDATE,ICIC,43355.25,98.9,0,TRANSIENT_TECHNICAL
INSUFFICIENT_FUNDS,Salary credit not yet posted; balance too low for auto-debit,UPI_AUTOPAY,UTIB,41851.11,96.5,1,SOFT_FINANCIAL
ACCOUNT_CLOSED,"account band ho gaya hai, retry bekar hai",UPI_AUTOPAY,SBIN,18439.04,78.2,0,HARD_PERMANENT
TOKENIZATION_TIMEOUT,card token vault timeout during authorization,CARD_MANDATE,KKBK,13381.78,97.8,0,TRANSIENT_TECHNICAL
STOLEN_CARD,"chori ka card report hua, block hai",CARD_MANDATE,KKBK,36628.81,97.8,1,HARD_PERMANENT
INVALID_VPA_PERMANENT,"galat UPI ID, ye VPA exist nahi karti",UPI_AUTOPAY,UTIB,25429.52,96.5,3,HARD_PERMANENT
INSUFFICIENT_FUNDS,"account me paise nahi hai, balance insufficient",UPI_AUTOPAY,UTIB,30735.12,96.5,1,SOFT_FINANCIAL
ACCOUNT_CLOSED,"account band ho gaya hai, retry bekar hai",UPI_AUTOPAY,HDFC,11749.58,99.4,1,HARD_PERMANENT
INSUFFICIENT_FUNDS,Salary credit not yet posted; balance too low for auto-debit,UPI_AUTOPAY,ICIC,18676.1,98.9,0,SOFT_FINANCIAL
STOLEN_CARD,stolen card hotlisted by issuer,CARD_MANDATE,ICIC,11321.19,98.9,0,HARD_PERMANENT
NPCI_TIMEOUT,"NPCI timeout, bank se confirmation nahi aaya",UPI_AUTOPAY,ICIC,3605.17,98.9,0,TRANSIENT_TECHNICAL
PURCHASE_ORDER_MISMATCH,purchase order aur invoice me antar hai,B2B_INVOICE,ICIC,9990.98,98.9,1,COMMERCIAL_DISPUTE
INVALID_VPA_PERMANENT,"VPA does not exist, invalid payee address",UPI_AUTOPAY,SBIN,22554.67,78.2,0,HARD_PERMANENT
INSUFFICIENT_FUNDS,Salary credit not yet posted; balance too low for auto-debit,UPI_AUTOPAY,ICIC,9462.89,98.9,0,SOFT_FINANCIAL
INSUFFICIENT_FUNDS,"account me paise nahi hai, balance insufficient",UPI_AUTOPAY,SBIN,35096.22,78.2,0,SOFT_FINANCIAL
CARD_EXPIRED,"card expiry ho gayi, naya card link karo",CARD_MANDATE,KKBK,495.75,97.8,3,HARD_PERMANENT
TOKENIZATION_TIMEOUT,card token vault timeout during authorization,CARD_MANDATE,UTIB,16828.98,96.5,0,TRANSIENT_TECHNICAL
PURCHASE_ORDER_MISMATCH,purchase order aur invoice me antar hai,B2B_INVOICE,UTIB,8391.84,96.5,3,COMMERCIAL_DISPUTE
STOLEN_CARD,"chori ka card report hua, block hai",CARD_MANDATE,UTIB,10148.98,96.5,1,HARD_PERMANENT
CHECKOUT_DROPPED_OFF,Customer abandoned session at shipping/payment step,MAGIC_CHECKOUT,KKBK,36007.09,97.8,1,BEHAVIORAL_DROPOFF
TOKENIZATION_TIMEOUT,card token vault timeout during authorization,CARD_MANDATE,KKBK,15757.89,97.8,3,TRANSIENT_TECHNICAL
FRAUD_DETECTED,"suspicious activity, fraud check fail",CARD_MANDATE,HDFC,31481.05,99.4,1,HARD_PERMANENT
INVOICE_OVERDUE_30_DAYS,Net-30 invoice crossed due date without payment reconciliation,B2B_INVOICE,HDFC,30399.49,99.4,1,COMMERCIAL_DISPUTE
UPI_DAILY_LIMIT_EXCEEDED,"Customer reached daily UPI transaction limit of Rs.1,00,000",UPI_AUTOPAY,ICIC,16399.15,98.9,3,SOFT_FINANCIAL
INVALID_VPA_PERMANENT,"VPA does not exist, invalid payee address",UPI_AUTOPAY,KKBK,11974.9,97.8,0,HARD_PERMANENT
PURCHASE_ORDER_MISMATCH,purchase order aur invoice me antar hai,B2B_INVOICE,ICIC,8438.52,98.9,1,COMMERCIAL_DISPUTE
GATEWAY_ERROR,"payment gateway ne response nahi diya, timeout ho gaya",UPI_AUTOPAY,ICIC,16554.86,98.9,1,TRANSIENT_TECHNICAL
INVALID_VPA_PERMANENT,"galat UPI ID, ye VPA exist nahi karti",UPI_AUTOPAY,SBIN,25798.73,78.2,1,HARD_PERMANENT
INSUFFICIENT_FUNDS,Declined by customer bank due to low balance,UPI_AUTOPAY,ICIC,36222.93,98.9,1,SOFT_FINANCIAL
OTP_TIMEOUT,"customer ne OTP time par enter nahi kiya, session expire",MAGIC_CHECKOUT,SBIN,6732.95,78.2,2,TRANSIENT_TECHNICAL
CHECKOUT_DROPPED_OFF,user ne checkout beech me chhod diya,MAGIC_CHECKOUT,HDFC,8111.18,99.4,1,BEHAVIORAL_DROPOFF
CHECKOUT_DROPPED_OFF,OTP verification timed out during checkout,MAGIC_CHECKOUT,KKBK,24121.95,97.8,0,BEHAVIORAL_DROPOFF
PURCHASE_ORDER_MISMATCH,purchase order aur invoice me antar hai,B2B_INVOICE,ICIC,25383.36,98.9,1,COMMERCIAL_DISPUTE
BANK_DEBIT_FAILED_TECHNICAL,debit attempt failed due to issuer switch congestion,UPI_AUTOPAY,HDFC,31136.02,99.4,0,TRANSIENT_TECHNICAL
GATEWAY_ERROR,"downstream gateway error, retry after clearing window",UPI_AUTOPAY,UTIB,37785.77,96.5,0,TRANSIENT_TECHNICAL
PAYMENT_METHOD_UNAVAILABLE,payment option show nahi ho raha tha,MAGIC_CHECKOUT,ICIC,16370.46,98.9,1,BEHAVIORAL_DROPOFF
TOKENIZATION_TIMEOUT,"tokenization service slow, mandate auth timed out",CARD_MANDATE,ICIC,1087.64,98.9,0,TRANSIENT_TECHNICAL
MANDATE_AMOUNT_EXCEEDS_CAP,"mandate amount exceeds NPCI cap of Rs.1,00,000",UPI_AUTOPAY,KKBK,25999.65,97.8,2,SOFT_FINANCIAL
TOKENIZATION_TIMEOUT,card token vault timeout during authorization,CARD_MANDATE,ICIC,16108.24,98.9,2,TRANSIENT_TECHNICAL
STOLEN_CARD,"chori ka card report hua, block hai",CARD_MANDATE,UTIB,40055.42,96.5,1,HARD_PERMANENT
INVOICE_APPROVAL_PENDING,procurement team se approval pending hai,B2B_INVOICE,SBIN,39097.81,78.2,2,COMMERCIAL_DISPUTE
INVOICE_OVERDUE_30_DAYS,"30 din se payment pending, accounts se approval nahi aaya",B2B_INVOICE,KKBK,25808.93,97.8,3,COMMERCIAL_DISPUTE
CARD_EXPIRED,Mandate card token expired; bank declined authorization,CARD_MANDATE,SBIN,15593.77,78.2,0,HARD_PERMANENT
INVOICE_OVERDUE_30_DAYS,"30 din se payment pending, accounts se approval nahi aaya",B2B_INVOICE,ICIC,27320.85,98.9,1,COMMERCIAL_DISPUTE
INVALID_VPA_PERMANENT,"galat UPI ID, ye VPA exist nahi karti",UPI_AUTOPAY,ICIC,33705.47,98.9,1,HARD_PERMANENT
PAYMENT_METHOD_UNAVAILABLE,payment option show nahi ho raha tha,MAGIC_CHECKOUT,SBIN,8437.29,78.2,0,BEHAVIORAL_DROPOFF
CHECKOUT_DROPPED_OFF,OTP verification timed out during checkout,MAGIC_CHECKOUT,SBIN,29858.27,78.2,2,BEHAVIORAL_DROPOFF
CARD_EXPIRED,Mandate card token expired; bank declined authorization,CARD_MANDATE,SBIN,17987.04,78.2,0,HARD_PERMANENT
CARD_EXPIRED,"card expiry ho gayi, naya card link karo",CARD_MANDATE,KKBK,2610.43,97.8,3,HARD_PERMANENT
NPCI_TIMEOUT,"NPCI timeout, bank se confirmation nahi aaya",UPI_AUTOPAY,HDFC,4855.1,99.4,1,TRANSIENT_TECHNICAL
CHECKOUT_DROPPED_OFF,Customer abandoned session at shipping/payment step,MAGIC_CHECKOUT,UTIB,14059.11,96.5,0,BEHAVIORAL_DROPOFF
INVOICE_APPROVAL_PENDING,procurement team se approval pending hai,B2B_INVOICE,SBIN,6080.35,78.2,3,COMMERCIAL_DISPUTE
FRAUD_DETECTED,High-risk score flagged by issuer fraud detection switch,CARD_MANDATE,HDFC,29926.66,99.4,3,HARD_PERMANENT
INVOICE_OVERDUE_30_DAYS,"30 din se payment pending, accounts se approval nahi aaya",B2B_INVOICE,UTIB,43879.15,96.5,1,COMMERCIAL_DISPUTE
INVALID_VPA_PERMANENT,"galat UPI ID, ye VPA exist nahi karti",UPI_AUTOPAY,SBIN,43635.46,78.2,2,HARD_PERMANENT
TOKENIZATION_TIMEOUT,card token vault timeout during authorization,CARD_MANDATE,KKBK,26971.37,97.8,2,TRANSIENT_TECHNICAL
UPI_DAILY_LIMIT_EXCEEDED,"UPI daily cap khatam, kal retry karo",UPI_AUTOPAY,KKBK,28862.08,97.8,1,SOFT_FINANCIAL
INVOICE_APPROVAL_PENDING,procurement team se approval pending hai,B2B_INVOICE,UTIB,24376.67,96.5,3,COMMERCIAL_DISPUTE
CARD_EXPIRED,"card expiry ho gayi, naya card link karo",CARD_MANDATE,ICIC,16586.46,98.9,0,HARD_PERMANENT
CHECKOUT_DROPPED_OFF,user ne checkout beech me chhod diya,MAGIC_CHECKOUT,HDFC,203.14,99.4,3,BEHAVIORAL_DROPOFF
CHECKOUT_DROPPED_OFF,user ne checkout beech me chhod diya,MAGIC_CHECKOUT,ICIC,21219.54,98.9,0,BEHAVIORAL_DROPOFF
PURCHASE_ORDER_MISMATCH,purchase order aur invoice me antar hai,B2B_INVOICE,ICIC,608.15,98.9,1,COMMERCIAL_DISPUTE
INVOICE_APPROVAL_PENDING,Invoice stuck in enterprise procurement approval workflow,B2B_INVOICE,HDFC,24759.45,99.4,0,COMMERCIAL_DISPUTE
OTP_TIMEOUT,"customer ne OTP time par enter nahi kiya, session expire",MAGIC_CHECKOUT,UTIB,11394.6,96.5,2,TRANSIENT_TECHNICAL
NPCI_TIMEOUT,Card network switch response timed out,UPI_AUTOPAY,SBIN,11980.78,78.2,1,TRANSIENT_TECHNICAL
INSUFFICIENT_FUNDS,"account me paise nahi hai, balance insufficient",UPI_AUTOPAY,ICIC,29250.52,98.9,1,SOFT_FINANCIAL
INVALID_VPA_PERMANENT,"galat UPI ID, ye VPA exist nahi karti",UPI_AUTOPAY,SBIN,38435.85,78.2,0,HARD_PERMANENT
CHECKOUT_DROPPED_OFF,user ne checkout beech me chhod diya,MAGIC_CHECKOUT,HDFC,28732.43,99.4,1,BEHAVIORAL_DROPOFF
PAYMENT_METHOD_UNAVAILABLE,payment option show nahi ho raha tha,MAGIC_CHECKOUT,KKBK,22240.91,97.8,0,BEHAVIORAL_DROPOFF
ACCOUNT_CLOSED,"customer account closed, debit returned",UPI_AUTOPAY,HDFC,43643.26,99.4,0,HARD_PERMANENT
FRAUD_DETECTED,High-risk score flagged by issuer fraud detection switch,CARD_MANDATE,ICIC,12259.21,98.9,2,HARD_PERMANENT
PAYMENT_METHOD_UNAVAILABLE,selected UPI method unavailable at checkout,MAGIC_CHECKOUT,SBIN,4239.92,78.2,0,BEHAVIORAL_DROPOFF
PURCHASE_ORDER_MISMATCH,"PO amount mismatch, reconciliation on hold",B2B_INVOICE,ICIC,19026.31,98.9,3,COMMERCIAL_DISPUTE
PURCHASE_ORDER_MISMATCH,purchase order aur invoice me antar hai,B2B_INVOICE,UTIB,31422.38,96.5,0,COMMERCIAL_DISPUTE
INVOICE_OVERDUE_30_DAYS,Net-30 invoice crossed due date without payment reconciliation,B2B_INVOICE,SBIN,2709.57,78.2,3,COMMERCIAL_DISPUTE
NPCI_TIMEOUT,UPI switch response timed out after 30 seconds,UPI_AUTOPAY,KKBK,21262.05,97.8,0,TRANSIENT_TECHNICAL
INVALID_VPA_PERMANENT,"galat UPI ID, ye VPA exist nahi karti",UPI_AUTOPAY,HDFC,5663.0,99.4,3,HARD_PERMANENT
INSUFFICIENT_FUNDS,Mandate debit declined due to low card account balance,UPI_AUTOPAY,UTIB,11272.11,96.5,0,SOFT_FINANCIAL
GATEWAY_ERROR,"payment gateway ne response nahi diya, timeout ho gaya",UPI_AUTOPAY,HDFC,23546.55,99.4,0,TRANSIENT_TECHNICAL
PURCHASE_ORDER_MISMATCH,purchase order aur invoice me antar hai,B2B_INVOICE,ICIC,42142.38,98.9,0,COMMERCIAL_DISPUTE
BANK_DEBIT_FAILED_TECHNICAL,Downstream bank gateway timeout during debit attempt,UPI_AUTOPAY,ICIC,21758.57,98.9,0,TRANSIENT_TECHNICAL
GATEWAY_ERROR,"downstream gateway error, retry after clearing window",UPI_AUTOPAY,HDFC,38891.73,99.4,0,TRANSIENT_TECHNICAL
CART_ABANDONED_SHIPPING_FRICTION,User exited after shipping charge calculated,MAGIC_CHECKOUT,UTIB,14737.53,96.5,0,BEHAVIORAL_DROPOFF
INVALID_VPA_PERMANENT,"VPA does not exist, invalid payee address",UPI_AUTOPAY,UTIB,35553.43,96.5,0,HARD_PERMANENT
BANK_DEBIT_FAILED_TECHNICAL,debit attempt failed due to issuer switch congestion,UPI_AUTOPAY,KKBK,7142.79,97.8,3,TRANSIENT_TECHNICAL
CARD_EXPIRED,Mandate card token expired; bank declined authorization,CARD_MANDATE,SBIN,22595.88,78.2,2,HARD_PERMANENT
INVOICE_OVERDUE_30_DAYS,Net-30 invoice crossed due date without payment reconciliation,B2B_INVOICE,HDFC,16126.55,99.4,0,COMMERCIAL_DISPUTE
TOKENIZATION_TIMEOUT,card token vault timeout during authorization,CARD_MANDATE,SBIN,22054.85,78.2,0,TRANSIENT_TECHNICAL
TOKENIZATION_TIMEOUT,"tokenization service slow, mandate auth timed out",CARD_MANDATE,UTIB,33046.59,96.5,0,TRANSIENT_TECHNICAL
NPCI_TIMEOUT,Card network switch response timed out,UPI_AUTOPAY,SBIN,11430.44,78.2,0,TRANSIENT_TECHNICAL
PURCHASE_ORDER_MISMATCH,purchase order aur invoice me antar hai,B2B_INVOICE,KKBK,13402.51,97.8,2,COMMERCIAL_DISPUTE
PURCHASE_ORDER_MISMATCH,"PO amount mismatch, reconciliation on hold",B2B_INVOICE,KKBK,8560.06,97.8,0,COMMERCIAL_DISPUTE
INVOICE_OVERDUE_30_DAYS,"30 din se payment pending, accounts se approval nahi aaya",B2B_INVOICE,ICIC,39071.12,98.9,1,COMMERCIAL_DISPUTE
TOKENIZATION_TIMEOUT,card token vault timeout during authorization,CARD_MANDATE,HDFC,23994.49,99.4,1,TRANSIENT_TECHNICAL
INVOICE_APPROVAL_PENDING,procurement team se approval pending hai,B2B_INVOICE,KKBK,16646.02,97.8,0,COMMERCIAL_DISPUTE
STOLEN_CARD,"chori ka card report hua, block hai",CARD_MANDATE,SBIN,39755.25,78.2,1,HARD_PERMANENT
MANDATE_AMOUNT_EXCEEDS_CAP,"mandate amount exceeds NPCI cap of Rs.1,00,000",UPI_AUTOPAY,ICIC,32500.68,98.9,2,SOFT_FINANCIAL
TOKENIZATION_TIMEOUT,"tokenization service slow, mandate auth timed out",CARD_MANDATE,SBIN,23677.85,78.2,1,TRANSIENT_TECHNICAL
TOKENIZATION_TIMEOUT,card token vault timeout during authorization,CARD_MANDATE,KKBK,12883.47,97.8,1,TRANSIENT_TECHNICAL
INVOICE_OVERDUE_30_DAYS,Net-30 invoice crossed due date without payment reconciliation,B2B_INVOICE,HDFC,23638.91,99.4,0,COMMERCIAL_DISPUTE
BANK_DEBIT_FAILED_TECHNICAL,Issuer node degradation during 02:00 AM auto-debit window,UPI_AUTOPAY,SBIN,39332.35,78.2,0,TRANSIENT_TECHNICAL
CART_ABANDONED_SHIPPING_FRICTION,shipping fee dekh kar customer ne cart chhod diya,MAGIC_CHECKOUT,SBIN,4623.26,78.2,1,BEHAVIORAL_DROPOFF
NPCI_TIMEOUT,"NPCI timeout, bank se confirmation nahi aaya",UPI_AUTOPAY,UTIB,23756.32,96.5,2,TRANSIENT_TECHNICAL
UPI_DAILY_LIMIT_EXCEEDED,"UPI daily cap khatam, kal retry karo",UPI_AUTOPAY,HDFC,16612.03,99.4,1,SOFT_FINANCIAL
CARD_EXPIRED,Mandate card token expired; bank declined authorization,CARD_MANDATE,SBIN,29577.23,78.2,3,HARD_PERMANENT
CARD_EXPIRED,"card expiry ho gayi, naya card link karo",CARD_MANDATE,HDFC,16368.85,99.4,2,HARD_PERMANENT
OTP_TIMEOUT,"customer ne OTP time par enter nahi kiya, session expire",MAGIC_CHECKOUT,HDFC,37099.03,99.4,0,TRANSIENT_TECHNICAL
STOLEN_CARD,stolen card hotlisted by issuer,CARD_MANDATE,HDFC,37583.49,99.4,0,HARD_PERMANENT
GATEWAY_ERROR,504 Gateway Timeout from NPCI switch,UPI_AUTOPAY,HDFC,32687.43,99.4,1,TRANSIENT_TECHNICAL
NPCI_TIMEOUT,UPI switch response timed out after 30 seconds,UPI_AUTOPAY,SBIN,23772.93,78.2,0,TRANSIENT_TECHNICAL
UPI_DAILY_LIMIT_EXCEEDED,"limit exceed, transaction declined by bank",UPI_AUTOPAY,SBIN,25216.93,78.2,1,SOFT_FINANCIAL
OTP_TIMEOUT,OTP verification timed out during checkout,MAGIC_CHECKOUT,KKBK,16236.12,97.8,1,TRANSIENT_TECHNICAL
OTP_TIMEOUT,OTP verification timed out during checkout,MAGIC_CHECKOUT,SBIN,35702.07,78.2,1,TRANSIENT_TECHNICAL
NPCI_TIMEOUT,"NPCI timeout, bank se confirmation nahi aaya",UPI_AUTOPAY,ICIC,29657.09,98.9,1,TRANSIENT_TECHNICAL
PAYMENT_METHOD_UNAVAILABLE,payment option show nahi ho raha tha,MAGIC_CHECKOUT,ICIC,24843.19,98.9,0,BEHAVIORAL_DROPOFF
MANDATE_AMOUNT_EXCEEDS_CAP,"autopay cap se zyada amount, bank ne decline kiya",UPI_AUTOPAY,UTIB,37211.57,96.5,0,SOFT_FINANCIAL
INSUFFICIENT_FUNDS,Salary credit not yet posted; balance too low for auto-debit,UPI_AUTOPAY,UTIB,34503.49,96.5,2,SOFT_FINANCIAL
INVALID_VPA_PERMANENT,"galat UPI ID, ye VPA exist nahi karti",UPI_AUTOPAY,UTIB,20247.44,96.5,1,HARD_PERMANENT
ACCOUNT_CLOSED,"customer account closed, debit returned",UPI_AUTOPAY,ICIC,26889.77,98.9,1,HARD_PERMANENT
CHECKOUT_DROPPED_OFF,user ne checkout beech me chhod diya,MAGIC_CHECKOUT,HDFC,13654.26,99.4,0,BEHAVIORAL_DROPOFF
GATEWAY_ERROR,"downstream gateway error, retry after clearing window",UPI_AUTOPAY,HDFC,34764.01,99.4,2,TRANSIENT_TECHNICAL
INVALID_VPA_PERMANENT,"VPA does not exist, invalid payee address",UPI_AUTOPAY,HDFC,1889.62,99.4,0,HARD_PERMANENT
CHECKOUT_DROPPED_OFF,Customer abandoned session at shipping/payment step,MAGIC_CHECKOUT,ICIC,16644.68,98.9,1,BEHAVIORAL_DROPOFF
INSUFFICIENT_FUNDS,Salary credit not yet posted; balance too low for auto-debit,UPI_AUTOPAY,ICIC,36535.94,98.9,0,SOFT_FINANCIAL
UPI_DAILY_LIMIT_EXCEEDED,"UPI daily cap khatam, kal retry karo",UPI_AUTOPAY,KKBK,41321.02,97.8,2,SOFT_FINANCIAL
CARD_EXPIRED,"card expiry ho gayi, naya card link karo",CARD_MANDATE,UTIB,7945.2,96.5,3,HARD_PERMANENT
UPI_DAILY_LIMIT_EXCEEDED,"Customer reached daily UPI transaction limit of Rs.1,00,000",UPI_AUTOPAY,KKBK,28972.65,97.8,0,SOFT_FINANCIAL
UPI_DAILY_LIMIT_EXCEEDED,"UPI daily cap khatam, kal retry karo",UPI_AUTOPAY,HDFC,35149.24,99.4,3,SOFT_FINANCIAL
INVOICE_OVERDUE_30_DAYS,"30 din se payment pending, accounts se approval nahi aaya",B2B_INVOICE,UTIB,18859.59,96.5,3,COMMERCIAL_DISPUTE
CART_ABANDONED_SHIPPING_FRICTION,User exited after shipping charge calculated,MAGIC_CHECKOUT,KKBK,41803.59,97.8,2,BEHAVIORAL_DROPOFF
NPCI_TIMEOUT,UPI switch response timed out after 30 seconds,UPI_AUTOPAY,ICIC,23691.9,98.9,0,TRANSIENT_TECHNICAL
TOKENIZATION_TIMEOUT,card token vault timeout during authorization,CARD_MANDATE,ICIC,22707.09,98.9,0,TRANSIENT_TECHNICAL
CHECKOUT_DROPPED_OFF,Customer abandoned session at shipping/payment step,MAGIC_CHECKOUT,UTIB,43702.57,96.5,3,BEHAVIORAL_DROPOFF
UPI_DAILY_LIMIT_EXCEEDED,"limit exceed, transaction declined by bank",UPI_AUTOPAY,HDFC,10148.66,99.4,0,SOFT_FINANCIAL
NPCI_TIMEOUT,UPI switch response timed out after 30 seconds,UPI_AUTOPAY,SBIN,15259.67,78.2,1,TRANSIENT_TECHNICAL
UPI_DAILY_LIMIT_EXCEEDED,"limit exceed, transaction declined by bank",UPI_AUTOPAY,HDFC,24756.78,99.4,0,SOFT_FINANCIAL
CARD_EXPIRED,"card expiry ho gayi, naya card link karo",CARD_MANDATE,KKBK,19664.64,97.8,2,HARD_PERMANENT
CHECKOUT_DROPPED_OFF,Customer abandoned session at shipping/payment step,MAGIC_CHECKOUT,UTIB,25256.03,96.5,1,BEHAVIORAL_DROPOFF
NPCI_TIMEOUT,"NPCI timeout, bank se confirmation nahi aaya",UPI_AUTOPAY,KKBK,8984.44,97.8,1,TRANSIENT_TECHNICAL
STOLEN_CARD,stolen card hotlisted by issuer,CARD_MANDATE,SBIN,3408.72,78.2,3,HARD_PERMANENT
OTP_TIMEOUT,"customer ne OTP time par enter nahi kiya, session expire",MAGIC_CHECKOUT,KKBK,4212.93,97.8,2,TRANSIENT_TECHNICAL
OTP_TIMEOUT,"customer ne OTP time par enter nahi kiya, session expire",MAGIC_CHECKOUT,ICIC,15803.54,98.9,0,TRANSIENT_TECHNICAL
MANDATE_AMOUNT_EXCEEDS_CAP,"mandate amount exceeds NPCI cap of Rs.1,00,000",UPI_AUTOPAY,ICIC,7781.81,98.9,0,SOFT_FINANCIAL
PAYMENT_METHOD_UNAVAILABLE,selected UPI method unavailable at checkout,MAGIC_CHECKOUT,UTIB,2209.56,96.5,3,BEHAVIORAL_DROPOFF
INSUFFICIENT_FUNDS,Salary credit not yet posted; balance too low for auto-debit,UPI_AUTOPAY,ICIC,7187.56,98.9,2,SOFT_FINANCIAL
CARD_EXPIRED,Mandate card token expired; bank declined authorization,CARD_MANDATE,HDFC,11087.81,99.4,1,HARD_PERMANENT
CHECKOUT_DROPPED_OFF,user ne checkout beech me chhod diya,MAGIC_CHECKOUT,HDFC,15577.9,99.4,3,BEHAVIORAL_DROPOFF
CART_ABANDONED_SHIPPING_FRICTION,shipping fee dekh kar customer ne cart chhod diya,MAGIC_CHECKOUT,UTIB,21308.8,96.5,0,BEHAVIORAL_DROPOFF
GATEWAY_ERROR,issuer node degraded during mandate authorization,UPI_AUTOPAY,SBIN,24679.35,78.2,3,TRANSIENT_TECHNICAL
INVALID_VPA_PERMANENT,"galat UPI ID, ye VPA exist nahi karti",UPI_AUTOPAY,KKBK,32900.31,97.8,0,HARD_PERMANENT
ACCOUNT_CLOSED,"account band ho gaya hai, retry bekar hai",UPI_AUTOPAY,KKBK,40790.51,97.8,1,HARD_PERMANENT
BANK_DEBIT_FAILED_TECHNICAL,"bank server busy, auto-debit fail ho gaya technical issue se",UPI_AUTOPAY,SBIN,2891.99,78.2,0,TRANSIENT_TECHNICAL
INVALID_VPA_PERMANENT,"VPA does not exist, invalid payee address",UPI_AUTOPAY,UTIB,29532.81,96.5,0,HARD_PERMANENT
CARD_EXPIRED,"card expiry ho gayi, naya card link karo",CARD_MANDATE,ICIC,29901.24,98.9,2,HARD_PERMANENT
MANDATE_AMOUNT_EXCEEDS_CAP,"mandate amount exceeds NPCI cap of Rs.1,00,000",UPI_AUTOPAY,HDFC,13303.09,99.4,2,SOFT_FINANCIAL
NPCI_TIMEOUT,UPI switch response timed out after 30 seconds,UPI_AUTOPAY,UTIB,22982.12,96.5,2,TRANSIENT_TECHNICAL
CART_ABANDONED_SHIPPING_FRICTION,shipping fee dekh kar customer ne cart chhod diya,MAGIC_CHECKOUT,UTIB,39031.29,96.5,1,BEHAVIORAL_DROPOFF
CARD_EXPIRED,Mandate card token expired; bank declined authorization,CARD_MANDATE,SBIN,22628.66,78.2,1,HARD_PERMANENT
TOKENIZATION_TIMEOUT,card token vault timeout during authorization,CARD_MANDATE,HDFC,11282.42,99.4,1,TRANSIENT_TECHNICAL
INVOICE_APPROVAL_PENDING,procurement team se approval pending hai,B2B_INVOICE,UTIB,17823.71,96.5,0,COMMERCIAL_DISPUTE
ACCOUNT_CLOSED,"account band ho gaya hai, retry bekar hai",UPI_AUTOPAY,ICIC,16120.3,98.9,0,HARD_PERMANENT
INSUFFICIENT_FUNDS,"account me paise nahi hai, balance insufficient",UPI_AUTOPAY,HDFC,28235.12,99.4,1,SOFT_FINANCIAL
ACCOUNT_CLOSED,"account band ho gaya hai, retry bekar hai",UPI_AUTOPAY,SBIN,6995.68,78.2,1,HARD_PERMANENT
CHECKOUT_DROPPED_OFF,Customer abandoned session at shipping/payment step,MAGIC_CHECKOUT,UTIB,23527.68,96.5,2,BEHAVIORAL_DROPOFF
INSUFFICIENT_FUNDS,Mandate debit declined due to low card account balance,UPI_AUTOPAY,SBIN,25865.43,78.2,1,SOFT_FINANCIAL
INVOICE_APPROVAL_PENDING,procurement team se approval pending hai,B2B_INVOICE,UTIB,24491.61,96.5,0,COMMERCIAL_DISPUTE
CHECKOUT_DROPPED_OFF,OTP verification timed out during checkout,MAGIC_CHECKOUT,KKBK,30845.06,97.8,0,BEHAVIORAL_DROPOFF
CHECKOUT_DROPPED_OFF,user ne checkout beech me chhod diya,MAGIC_CHECKOUT,KKBK,40948.32,97.8,1,BEHAVIORAL_DROPOFF
CHECKOUT_DROPPED_OFF,OTP verification timed out during checkout,MAGIC_CHECKOUT,KKBK,41286.54,97.8,0,BEHAVIORAL_DROPOFF
CARD_EXPIRED,Mandate card token expired; bank declined authorization,CARD_MANDATE,SBIN,14427.69,78.2,0,HARD_PERMANENT
ACCOUNT_CLOSED,"account band ho gaya hai, retry bekar hai",UPI_AUTOPAY,UTIB,43261.55,96.5,0,HARD_PERMANENT
PAYMENT_METHOD_UNAVAILABLE,payment option show nahi ho raha tha,MAGIC_CHECKOUT,SBIN,35103.81,78.2,0,BEHAVIORAL_DROPOFF
CHECKOUT_DROPPED_OFF,Customer abandoned session at shipping/payment step,MAGIC_CHECKOUT,HDFC,34357.41,99.4,1,BEHAVIORAL_DROPOFF
INVALID_VPA_PERMANENT,"VPA does not exist, invalid payee address",UPI_AUTOPAY,KKBK,10601.01,97.8,2,HARD_PERMANENT
ACCOUNT_CLOSED,"account band ho gaya hai, retry bekar hai",UPI_AUTOPAY,HDFC,31028.42,99.4,1,HARD_PERMANENT
CHECKOUT_DROPPED_OFF,OTP verification timed out during checkout,MAGIC_CHECKOUT,KKBK,21200.07,97.8,2,BEHAVIORAL_DROPOFF
MANDATE_AMOUNT_EXCEEDS_CAP,"mandate amount exceeds NPCI cap of Rs.1,00,000",UPI_AUTOPAY,UTIB,22216.25,96.5,0,SOFT_FINANCIAL
FRAUD_DETECTED,High-risk score flagged by issuer fraud detection switch,CARD_MANDATE,SBIN,1642.92,78.2,3,HARD_PERMANENT
ACCOUNT_CLOSED,"account band ho gaya hai, retry bekar hai",UPI_AUTOPAY,UTIB,10169.65,96.5,2,HARD_PERMANENT
GATEWAY_ERROR,issuer node degraded during mandate authorization,UPI_AUTOPAY,HDFC,8132.28,99.4,1,TRANSIENT_TECHNICAL
PURCHASE_ORDER_MISMATCH,purchase order aur invoice me antar hai,B2B_INVOICE,UTIB,39963.78,96.5,1,COMMERCIAL_DISPUTE
NPCI_TIMEOUT,UPI switch response timed out after 30 seconds,UPI_AUTOPAY,KKBK,33142.6,97.8,1,TRANSIENT_TECHNICAL
INVOICE_OVERDUE_30_DAYS,"30 din se payment pending, accounts se approval nahi aaya",B2B_INVOICE,KKBK,42273.37,97.8,1,COMMERCIAL_DISPUTE
TOKENIZATION_TIMEOUT,card token vault timeout during authorization,CARD_MANDATE,KKBK,5096.48,97.8,1,TRANSIENT_TECHNICAL
BANK_DEBIT_FAILED_TECHNICAL,Issuer node degradation during 02:00 AM auto-debit window,UPI_AUTOPAY,KKBK,24296.08,97.8,2,TRANSIENT_TECHNICAL
BANK_DEBIT_FAILED_TECHNICAL,debit attempt failed due to issuer switch congestion,UPI_AUTOPAY,KKBK,34478.93,97.8,0,TRANSIENT_TECHNICAL
GATEWAY_ERROR,"downstream gateway error, retry after clearing window",UPI_AUTOPAY,UTIB,18031.59,96.5,0,TRANSIENT_TECHNICAL
INVOICE_APPROVAL_PENDING,procurement team se approval pending hai,B2B_INVOICE,SBIN,19125.73,78.2,1,COMMERCIAL_DISPUTE
BANK_DEBIT_FAILED_TECHNICAL,Issuer node degradation during 02:00 AM auto-debit window,UPI_AUTOPAY,UTIB,37379.06,96.5,1,TRANSIENT_TECHNICAL
CARD_EXPIRED,Mandate card token expired; bank declined authorization,CARD_MANDATE,SBIN,35086.93,78.2,2,HARD_PERMANENT
TOKENIZATION_TIMEOUT,card token vault timeout during authorization,CARD_MANDATE,UTIB,18726.87,96.5,1,TRANSIENT_TECHNICAL
ACCOUNT_CLOSED,"customer account closed, debit returned",UPI_AUTOPAY,UTIB,26645.72,96.5,2,HARD_PERMANENT
GATEWAY_ERROR,"payment gateway ne response nahi diya, timeout ho gaya",UPI_AUTOPAY,HDFC,11402.94,99.4,2,TRANSIENT_TECHNICAL
FRAUD_DETECTED,High-risk score flagged by issuer fraud detection switch,CARD_MANDATE,HDFC,5313.7,99.4,1,HARD_PERMANENT
MANDATE_AMOUNT_EXCEEDS_CAP,"mandate amount exceeds NPCI cap of Rs.1,00,000",UPI_AUTOPAY,KKBK,31885.81,97.8,2,SOFT_FINANCIAL
STOLEN_CARD,stolen card hotlisted by issuer,CARD_MANDATE,UTIB,24855.05,96.5,0,HARD_PERMANENT
FRAUD_DETECTED,"suspicious activity, fraud check fail",CARD_MANDATE,KKBK,39234.35,97.8,3,HARD_PERMANENT
CHECKOUT_DROPPED_OFF,Customer abandoned session at shipping/payment step,MAGIC_CHECKOUT,SBIN,8212.41,78.2,2,BEHAVIORAL_DROPOFF
BANK_DEBIT_FAILED_TECHNICAL,debit attempt failed due to issuer switch congestion,UPI_AUTOPAY,ICIC,14065.73,98.9,3,TRANSIENT_TECHNICAL
PAYMENT_METHOD_UNAVAILABLE,payment option show nahi ho raha tha,MAGIC_CHECKOUT,SBIN,5465.54,78.2,0,BEHAVIORAL_DROPOFF
GATEWAY_ERROR,504 Gateway Timeout from NPCI switch,UPI_AUTOPAY,KKBK,34489.5,97.8,0,TRANSIENT_TECHNICAL
PAYMENT_METHOD_UNAVAILABLE,payment option show nahi ho raha tha,MAGIC_CHECKOUT,UTIB,24548.4,96.5,0,BEHAVIORAL_DROPOFF
PURCHASE_ORDER_MISMATCH,"PO amount mismatch, reconciliation on hold",B2B_INVOICE,SBIN,26580.62,78.2,1,COMMERCIAL_DISPUTE
PAYMENT_METHOD_UNAVAILABLE,payment option show nahi ho raha tha,MAGIC_CHECKOUT,UTIB,3756.42,96.5,1,BEHAVIORAL_DROPOFF
ACCOUNT_CLOSED,"customer account closed, debit returned",UPI_AUTOPAY,KKBK,12658.74,97.8,2,HARD_PERMANENT
TOKENIZATION_TIMEOUT,card token vault timeout during authorization,CARD_MANDATE,HDFC,8480.02,99.4,0,TRANSIENT_TECHNICAL
MANDATE_AMOUNT_EXCEEDS_CAP,"mandate amount exceeds NPCI cap of Rs.1,00,000",UPI_AUTOPAY,SBIN,38451.41,78.2,2,SOFT_FINANCIAL
UPI_DAILY_LIMIT_EXCEEDED,"limit exceed, transaction declined by bank",UPI_AUTOPAY,ICIC,15033.11,98.9,0,SOFT_FINANCIAL
BANK_DEBIT_FAILED_TECHNICAL,Downstream bank gateway timeout during debit attempt,UPI_AUTOPAY,UTIB,44719.33,96.5,0,TRANSIENT_TECHNICAL
INVOICE_APPROVAL_PENDING,Invoice stuck in enterprise procurement approval workflow,B2B_INVOICE,UTIB,33769.95,96.5,0,COMMERCIAL_DISPUTE
BANK_DEBIT_FAILED_TECHNICAL,Downstream bank gateway timeout during debit attempt,UPI_AUTOPAY,ICIC,14661.74,98.9,1,TRANSIENT_TECHNICAL
CARD_EXPIRED,"card expiry ho gayi, naya card link karo",CARD_MANDATE,KKBK,3107.74,97.8,1,HARD_PERMANENT
CHECKOUT_DROPPED_OFF,Customer abandoned session at shipping/payment step,MAGIC_CHECKOUT,ICIC,14947.87,98.9,1,BEHAVIORAL_DROPOFF
STOLEN_CARD,stolen card hotlisted by issuer,CARD_MANDATE,SBIN,27619.62,78.2,0,HARD_PERMANENT
UPI_DAILY_LIMIT_EXCEEDED,"limit exceed, transaction declined by bank",UPI_AUTOPAY,KKBK,44426.07,97.8,1,SOFT_FINANCIAL
INVOICE_APPROVAL_PENDING,procurement team se approval pending hai,B2B_INVOICE,KKBK,38181.2,97.8,0,COMMERCIAL_DISPUTE
STOLEN_CARD,"chori ka card report hua, block hai",CARD_MANDATE,SBIN,27719.81,78.2,1,HARD_PERMANENT
STOLEN_CARD,"chori ka card report hua, block hai",CARD_MANDATE,UTIB,36397.33,96.5,1,HARD_PERMANENT
INSUFFICIENT_FUNDS,"account me paise nahi hai, balance insufficient",UPI_AUTOPAY,SBIN,269.83,78.2,0,SOFT_FINANCIAL
PAYMENT_METHOD_UNAVAILABLE,selected UPI method unavailable at checkout,MAGIC_CHECKOUT,SBIN,36020.28,78.2,1,BEHAVIORAL_DROPOFF
OTP_TIMEOUT,OTP verification timed out during checkout,MAGIC_CHECKOUT,ICIC,15863.67,98.9,3,TRANSIENT_TECHNICAL
GATEWAY_ERROR,504 Gateway Timeout from NPCI switch,UPI_AUTOPAY,SBIN,31112.45,78.2,0,TRANSIENT_TECHNICAL
CARD_EXPIRED,"card expiry ho gayi, naya card link karo",CARD_MANDATE,ICIC,22899.2,98.9,0,HARD_PERMANENT
ACCOUNT_CLOSED,"customer account closed, debit returned",UPI_AUTOPAY,ICIC,15492.34,98.9,2,HARD_PERMANENT
UPI_DAILY_LIMIT_EXCEEDED,"limit exceed, transaction declined by bank",UPI_AUTOPAY,HDFC,37475.35,99.4,0,SOFT_FINANCIAL
INVOICE_OVERDUE_30_DAYS,"30 din se payment pending, accounts se approval nahi aaya",B2B_INVOICE,UTIB,41244.02,96.5,3,COMMERCIAL_DISPUTE
BANK_DEBIT_FAILED_TECHNICAL,Issuer node degradation during 02:00 AM auto-debit window,UPI_AUTOPAY,UTIB,7160.46,96.5,1,TRANSIENT_TECHNICAL
TOKENIZATION_TIMEOUT,"tokenization service slow, mandate auth timed out",CARD_MANDATE,UTIB,35322.49,96.5,1,TRANSIENT_TECHNICAL
BANK_DEBIT_FAILED_TECHNICAL,"bank server busy, auto-debit fail ho gaya technical issue se",UPI_AUTOPAY,KKBK,32678.12,97.8,0,TRANSIENT_TECHNICAL
TOKENIZATION_TIMEOUT,card token vault timeout during authorization,CARD_MANDATE,SBIN,26066.99,78.2,0,TRANSIENT_TECHNICAL
MANDATE_AMOUNT_EXCEEDS_CAP,"mandate amount exceeds NPCI cap of Rs.1,00,000",UPI_AUTOPAY,SBIN,12763.89,78.2,0,SOFT_FINANCIAL
INVOICE_OVERDUE_30_DAYS,"30 din se payment pending, accounts se approval nahi aaya",B2B_INVOICE,KKBK,37939.62,97.8,1,COMMERCIAL_DISPUTE
NPCI_TIMEOUT,UPI switch response timed out after 30 seconds,UPI_AUTOPAY,KKBK,5433.76,97.8,3,TRANSIENT_TECHNICAL
INVOICE_APPROVAL_PENDING,procurement team se approval pending hai,B2B_INVOICE,HDFC,12362.36,99.4,0,COMMERCIAL_DISPUTE
PURCHASE_ORDER_MISMATCH,"PO amount mismatch, reconciliation on hold",B2B_INVOICE,ICIC,20444.86,98.9,0,COMMERCIAL_DISPUTE
GATEWAY_ERROR,"downstream gateway error, retry after clearing window",UPI_AUTOPAY,SBIN,5227.07,78.2,3,TRANSIENT_TECHNICAL
BANK_DEBIT_FAILED_TECHNICAL,Issuer node degradation during 02:00 AM auto-debit window,UPI_AUTOPAY,HDFC,20080.52,99.4,0,TRANSIENT_TECHNICAL
PURCHASE_ORDER_MISMATCH,"PO amount mismatch, reconciliation on hold",B2B_INVOICE,SBIN,15436.53,78.2,1,COMMERCIAL_DISPUTE
STOLEN_CARD,"chori ka card report hua, block hai",CARD_MANDATE,ICIC,6618.76,98.9,3,HARD_PERMANENT
CART_ABANDONED_SHIPPING_FRICTION,User exited after shipping charge calculated,MAGIC_CHECKOUT,SBIN,32660.49,78.2,1,BEHAVIORAL_DROPOFF
NPCI_TIMEOUT,"NPCI timeout, bank se confirmation nahi aaya",UPI_AUTOPAY,KKBK,5388.57,97.8,0,TRANSIENT_TECHNICAL
BANK_DEBIT_FAILED_TECHNICAL,Downstream bank gateway timeout during debit attempt,UPI_AUTOPAY,ICIC,21115.51,98.9,0,TRANSIENT_TECHNICAL
CART_ABANDONED_SHIPPING_FRICTION,shipping fee dekh kar customer ne cart chhod diya,MAGIC_CHECKOUT,HDFC,26074.26,99.4,0,BEHAVIORAL_DROPOFF
GATEWAY_ERROR,"downstream gateway error, retry after clearing window",UPI_AUTOPAY,SBIN,8825.24,78.2,0,TRANSIENT_TECHNICAL
TOKENIZATION_TIMEOUT,"tokenization service slow, mandate auth timed out",CARD_MANDATE,UTIB,30266.03,96.5,0,TRANSIENT_TECHNICAL
CHECKOUT_DROPPED_OFF,Customer abandoned session at shipping/payment step,MAGIC_CHECKOUT,ICIC,5326.94,98.9,1,BEHAVIORAL_DROPOFF
TOKENIZATION_TIMEOUT,card token vault timeout during authorization,CARD_MANDATE,SBIN,24504.83,78.2,1,TRANSIENT_TECHNICAL
INVOICE_OVERDUE_30_DAYS,"30 din se payment pending, accounts se approval nahi aaya",B2B_INVOICE,SBIN,42458.79,78.2,3,COMMERCIAL_DISPUTE
INVOICE_APPROVAL_PENDING,Invoice stuck in enterprise procurement approval workflow,B2B_INVOICE,SBIN,3390.75,78.2,1,COMMERCIAL_DISPUTE
INVOICE_OVERDUE_30_DAYS,"30 din se payment pending, accounts se approval nahi aaya",B2B_INVOICE,HDFC,6026.45,99.4,1,COMMERCIAL_DISPUTE
BANK_DEBIT_FAILED_TECHNICAL,Downstream bank gateway timeout during debit attempt,UPI_AUTOPAY,UTIB,2609.29,96.5,1,TRANSIENT_TECHNICAL
NPCI_TIMEOUT,UPI switch response timed out after 30 seconds,UPI_AUTOPAY,KKBK,40129.05,97.8,2,TRANSIENT_TECHNICAL
PAYMENT_METHOD_UNAVAILABLE,payment option show nahi ho raha tha,MAGIC_CHECKOUT,ICIC,15087.81,98.9,0,BEHAVIORAL_DROPOFF
TOKENIZATION_TIMEOUT,card token vault timeout during authorization,CARD_MANDATE,UTIB,25636.53,96.5,0,TRANSIENT_TECHNICAL
PAYMENT_METHOD_UNAVAILABLE,selected UPI method unavailable at checkout,MAGIC_CHECKOUT,UTIB,14104.86,96.5,2,BEHAVIORAL_DROPOFF
PAYMENT_METHOD_UNAVAILABLE,payment option show nahi ho raha tha,MAGIC_CHECKOUT,SBIN,42645.63,78.2,0,BEHAVIORAL_DROPOFF
INVALID_VPA_PERMANENT,"galat UPI ID, ye VPA exist nahi karti",UPI_AUTOPAY,UTIB,8413.4,96.5,2,HARD_PERMANENT
INVOICE_OVERDUE_30_DAYS,"30 din se payment pending, accounts se approval nahi aaya",B2B_INVOICE,UTIB,22039.79,96.5,0,COMMERCIAL_DISPUTE
PURCHASE_ORDER_MISMATCH,"PO amount mismatch, reconciliation on hold",B2B_INVOICE,ICIC,21643.09,98.9,3,COMMERCIAL_DISPUTE
FRAUD_DETECTED,"suspicious activity, fraud check fail",CARD_MANDATE,ICIC,27278.53,98.9,0,HARD_PERMANENT
STOLEN_CARD,stolen card hotlisted by issuer,CARD_MANDATE,UTIB,36826.19,96.5,3,HARD_PERMANENT
CART_ABANDONED_SHIPPING_FRICTION,shipping fee dekh kar customer ne cart chhod diya,MAGIC_CHECKOUT,KKBK,29295.07,97.8,3,BEHAVIORAL_DROPOFF
INVOICE_APPROVAL_PENDING,procurement team se approval pending hai,B2B_INVOICE,UTIB,26655.6,96.5,0,COMMERCIAL_DISPUTE
INSUFFICIENT_FUNDS,Salary credit not yet posted; balance too low for auto-debit,UPI_AUTOPAY,UTIB,17394.36,96.5,0,SOFT_FINANCIAL
GATEWAY_ERROR,"payment gateway ne response nahi diya, timeout ho gaya",UPI_AUTOPAY,UTIB,25610.63,96.5,0,TRANSIENT_TECHNICAL
TOKENIZATION_TIMEOUT,card token vault timeout during authorization,CARD_MANDATE,SBIN,29884.69,78.2,0,TRANSIENT_TECHNICAL
UPI_DAILY_LIMIT_EXCEEDED,"UPI daily cap khatam, kal retry karo",UPI_AUTOPAY,HDFC,26728.5,99.4,1,SOFT_FINANCIAL
INVOICE_OVERDUE_30_DAYS,Net-30 invoice crossed due date without payment reconciliation,B2B_INVOICE,UTIB,8091.77,96.5,1,COMMERCIAL_DISPUTE
CARD_EXPIRED,Mandate card token expired; bank declined authorization,CARD_MANDATE,KKBK,34755.95,97.8,1,HARD_PERMANENT
INVOICE_OVERDUE_30_DAYS,"30 din se payment pending, accounts se approval nahi aaya",B2B_INVOICE,HDFC,4254.97,99.4,3,COMMERCIAL_DISPUTE
CHECKOUT_DROPPED_OFF,OTP verification timed out during checkout,MAGIC_CHECKOUT,HDFC,34116.84,99.4,2,BEHAVIORAL_DROPOFF
CHECKOUT_DROPPED_OFF,user ne checkout beech me chhod diya,MAGIC_CHECKOUT,KKBK,13258.64,97.8,1,BEHAVIORAL_DROPOFF
UPI_DAILY_LIMIT_EXCEEDED,"UPI daily cap khatam, kal retry karo",UPI_AUTOPAY,SBIN,9412.85,78.2,0,SOFT_FINANCIAL
INVOICE_APPROVAL_PENDING,procurement team se approval pending hai,B2B_INVOICE,UTIB,32356.76,96.5,0,COMMERCIAL_DISPUTE
CARD_EXPIRED,Mandate card token expired; bank declined authorization,CARD_MANDATE,KKBK,44391.68,97.8,1,HARD_PERMANENT
CHECKOUT_DROPPED_OFF,user ne checkout beech me chhod diya,MAGIC_CHECKOUT,HDFC,16740.55,99.4,1,BEHAVIORAL_DROPOFF
BANK_DEBIT_FAILED_TECHNICAL,Downstream bank gateway timeout during debit attempt,UPI_AUTOPAY,KKBK,36969.57,97.8,0,TRANSIENT_TECHNICAL
CART_ABANDONED_SHIPPING_FRICTION,shipping fee dekh kar customer ne cart chhod diya,MAGIC_CHECKOUT,HDFC,10738.04,99.4,2,BEHAVIORAL_DROPOFF
UPI_DAILY_LIMIT_EXCEEDED,"UPI daily cap khatam, kal retry karo",UPI_AUTOPAY,ICIC,32087.17,98.9,1,SOFT_FINANCIAL
NPCI_TIMEOUT,Card network switch response timed out,UPI_AUTOPAY,KKBK,9661.69,97.8,0,TRANSIENT_TECHNICAL
PURCHASE_ORDER_MISMATCH,"PO amount mismatch, reconciliation on hold",B2B_INVOICE,SBIN,25082.44,78.2,3,COMMERCIAL_DISPUTE
MANDATE_AMOUNT_EXCEEDS_CAP,"autopay cap se zyada amount, bank ne decline kiya",UPI_AUTOPAY,SBIN,13122.78,78.2,3,SOFT_FINANCIAL
CHECKOUT_DROPPED_OFF,Customer abandoned session at shipping/payment step,MAGIC_CHECKOUT,HDFC,3413.29,99.4,0,BEHAVIORAL_DROPOFF
CHECKOUT_DROPPED_OFF,OTP verification timed out during checkout,MAGIC_CHECKOUT,UTIB,29674.77,96.5,0,BEHAVIORAL_DROPOFF
CARD_EXPIRED,Mandate card token expired; bank declined authorization,CARD_MANDATE,UTIB,38734.7,96.5,3,HARD_PERMANENT
OTP_TIMEOUT,OTP verification timed out during checkout,MAGIC_CHECKOUT,UTIB,23021.3,96.5,1,TRANSIENT_TECHNICAL
PAYMENT_METHOD_UNAVAILABLE,payment option show nahi ho raha tha,MAGIC_CHECKOUT,ICIC,10312.42,98.9,1,BEHAVIORAL_DROPOFF
ACCOUNT_CLOSED,"account band ho gaya hai, retry bekar hai",UPI_AUTOPAY,SBIN,32103.14,78.2,0,HARD_PERMANENT
OTP_TIMEOUT,"customer ne OTP time par enter nahi kiya, session expire",MAGIC_CHECKOUT,HDFC,44024.84,99.4,1,TRANSIENT_TECHNICAL
PURCHASE_ORDER_MISMATCH,purchase order aur invoice me antar hai,B2B_INVOICE,HDFC,26195.62,99.4,2,COMMERCIAL_DISPUTE
CARD_EXPIRED,Mandate card token expired; bank declined authorization,CARD_MANDATE,KKBK,44264.33,97.8,3,HARD_PERMANENT
INVALID_VPA_PERMANENT,"galat UPI ID, ye VPA exist nahi karti",UPI_AUTOPAY,KKBK,3703.99,97.8,1,HARD_PERMANENT
CARD_EXPIRED,Mandate card token expired; bank declined authorization,CARD_MANDATE,UTIB,28453.33,96.5,2,HARD_PERMANENT
CARD_EXPIRED,"card expiry ho gayi, naya card link karo",CARD_MANDATE,KKBK,2563.34,97.8,0,HARD_PERMANENT
TOKENIZATION_TIMEOUT,card token vault timeout during authorization,CARD_MANDATE,UTIB,20540.21,96.5,1,TRANSIENT_TECHNICAL
UPI_DAILY_LIMIT_EXCEEDED,"limit exceed, transaction declined by bank",UPI_AUTOPAY,ICIC,19060.94,98.9,3,SOFT_FINANCIAL
INVOICE_APPROVAL_PENDING,procurement team se approval pending hai,B2B_INVOICE,SBIN,1781.65,78.2,1,COMMERCIAL_DISPUTE
INVOICE_APPROVAL_PENDING,procurement team se approval pending hai,B2B_INVOICE,HDFC,28392.27,99.4,1,COMMERCIAL_DISPUTE
FRAUD_DETECTED,High-risk score flagged by issuer fraud detection switch,CARD_MANDATE,ICIC,36438.34,98.9,1,HARD_PERMANENT
ACCOUNT_CLOSED,"account band ho gaya hai, retry bekar hai",UPI_AUTOPAY,UTIB,3895.54,96.5,1,HARD_PERMANENT
CARD_EXPIRED,"card expiry ho gayi, naya card link karo",CARD_MANDATE,ICIC,6136.87,98.9,0,HARD_PERMANENT
INVALID_VPA_PERMANENT,"galat UPI ID, ye VPA exist nahi karti",UPI_AUTOPAY,HDFC,33415.77,99.4,1,HARD_PERMANENT
FRAUD_DETECTED,High-risk score flagged by issuer fraud detection switch,CARD_MANDATE,UTIB,16764.92,96.5,0,HARD_PERMANENT
INVALID_VPA_PERMANENT,"VPA does not exist, invalid payee address",UPI_AUTOPAY,UTIB,8299.43,96.5,1,HARD_PERMANENT
BANK_DEBIT_FAILED_TECHNICAL,"bank server busy, auto-debit fail ho gaya technical issue se",UPI_AUTOPAY,HDFC,43537.05,99.4,1,TRANSIENT_TECHNICAL
CHECKOUT_DROPPED_OFF,user ne checkout beech me chhod diya,MAGIC_CHECKOUT,UTIB,34712.25,96.5,0,BEHAVIORAL_DROPOFF
PAYMENT_METHOD_UNAVAILABLE,selected UPI method unavailable at checkout,MAGIC_CHECKOUT,SBIN,26083.11,78.2,3,BEHAVIORAL_DROPOFF
MANDATE_AMOUNT_EXCEEDS_CAP,"mandate amount exceeds NPCI cap of Rs.1,00,000",UPI_AUTOPAY,ICIC,34045.44,98.9,0,SOFT_FINANCIAL
BANK_DEBIT_FAILED_TECHNICAL,Issuer node degradation during 02:00 AM auto-debit window,UPI_AUTOPAY,UTIB,18063.17,96.5,0,TRANSIENT_TECHNICAL
PURCHASE_ORDER_MISMATCH,"PO amount mismatch, reconciliation on hold",B2B_INVOICE,UTIB,30820.93,96.5,1,COMMERCIAL_DISPUTE
PURCHASE_ORDER_MISMATCH,purchase order aur invoice me antar hai,B2B_INVOICE,SBIN,23963.34,78.2,1,COMMERCIAL_DISPUTE
ACCOUNT_CLOSED,"account band ho gaya hai, retry bekar hai",UPI_AUTOPAY,UTIB,17313.17,96.5,0,HARD_PERMANENT
STOLEN_CARD,stolen card hotlisted by issuer,CARD_MANDATE,HDFC,41313.42,99.4,2,HARD_PERMANENT
MANDATE_AMOUNT_EXCEEDS_CAP,"autopay cap se zyada amount, bank ne decline kiya",UPI_AUTOPAY,KKBK,41328.2,97.8,3,SOFT_FINANCIAL
INVALID_VPA_PERMANENT,"galat UPI ID, ye VPA exist nahi karti",UPI_AUTOPAY,ICIC,12164.8,98.9,0,HARD_PERMANENT
INVALID_VPA_PERMANENT,"galat UPI ID, ye VPA exist nahi karti",UPI_AUTOPAY,UTIB,34836.94,96.5,2,HARD_PERMANENT
INSUFFICIENT_FUNDS,Salary credit not yet posted; balance too low for auto-debit,UPI_AUTOPAY,KKBK,15315.15,97.8,2,SOFT_FINANCIAL
FRAUD_DETECTED,"suspicious activity, fraud check fail",CARD_MANDATE,KKBK,672.9,97.8,0,HARD_PERMANENT
CARD_EXPIRED,Mandate card token expired; bank declined authorization,CARD_MANDATE,UTIB,4576.0,96.5,0,HARD_PERMANENT
PAYMENT_METHOD_UNAVAILABLE,payment option show nahi ho raha tha,MAGIC_CHECKOUT,SBIN,32690.95,78.2,0,BEHAVIORAL_DROPOFF
GATEWAY_ERROR,504 Gateway Timeout from NPCI switch,UPI_AUTOPAY,HDFC,27948.62,99.4,0,TRANSIENT_TECHNICAL
GATEWAY_ERROR,504 Gateway Timeout from NPCI switch,UPI_AUTOPAY,HDFC,4069.2,99.4,1,TRANSIENT_TECHNICAL
CHECKOUT_DROPPED_OFF,user ne checkout beech me chhod diya,MAGIC_CHECKOUT,KKBK,36183.17,97.8,0,BEHAVIORAL_DROPOFF
CART_ABANDONED_SHIPPING_FRICTION,User exited after shipping charge calculated,MAGIC_CHECKOUT,ICIC,13395.97,98.9,2,BEHAVIORAL_DROPOFF
CARD_EXPIRED,"card expiry ho gayi, naya card link karo",CARD_MANDATE,ICIC,34667.06,98.9,2,HARD_PERMANENT
INVOICE_OVERDUE_30_DAYS,"30 din se payment pending, accounts se approval nahi aaya",B2B_INVOICE,SBIN,35176.54,78.2,0,COMMERCIAL_DISPUTE
BANK_DEBIT_FAILED_TECHNICAL,debit attempt failed due to issuer switch congestion,UPI_AUTOPAY,UTIB,15102.26,96.5,0,TRANSIENT_TECHNICAL
INVALID_VPA_PERMANENT,"galat UPI ID, ye VPA exist nahi karti",UPI_AUTOPAY,SBIN,19937.19,78.2,1,HARD_PERMANENT
GATEWAY_ERROR,"payment gateway ne response nahi diya, timeout ho gaya",UPI_AUTOPAY,SBIN,29117.29,78.2,0,TRANSIENT_TECHNICAL
CHECKOUT_DROPPED_OFF,OTP verification timed out during checkout,MAGIC_CHECKOUT,UTIB,9982.93,96.5,2,BEHAVIORAL_DROPOFF
CART_ABANDONED_SHIPPING_FRICTION,shipping fee dekh kar customer ne cart chhod diya,MAGIC_CHECKOUT,ICIC,4826.37,98.9,0,BEHAVIORAL_DROPOFF
CARD_EXPIRED,"card expiry ho gayi, naya card link karo",CARD_MANDATE,UTIB,1039.68,96.5,1,HARD_PERMANENT
CHECKOUT_DROPPED_OFF,OTP verification timed out during checkout,MAGIC_CHECKOUT,HDFC,41993.57,99.4,2,BEHAVIORAL_DROPOFF
NPCI_TIMEOUT,Card network switch response timed out,UPI_AUTOPAY,SBIN,31562.17,78.2,1,TRANSIENT_TECHNICAL
UPI_DAILY_LIMIT_EXCEEDED,"Customer reached daily UPI transaction limit of Rs.1,00,000",UPI_AUTOPAY,KKBK,31900.44,97.8,3,SOFT_FINANCIAL
PURCHASE_ORDER_MISMATCH,purchase order aur invoice me antar hai,B2B_INVOICE,UTIB,18294.7,96.5,2,COMMERCIAL_DISPUTE
CARD_EXPIRED,Mandate card token expired; bank declined authorization,CARD_MANDATE,HDFC,17421.57,99.4,2,HARD_PERMANENT
PURCHASE_ORDER_MISMATCH,"PO amount mismatch, reconciliation on hold",B2B_INVOICE,KKBK,24181.16,97.8,0,COMMERCIAL_DISPUTE
INVOICE_OVERDUE_30_DAYS,"30 din se payment pending, accounts se approval nahi aaya",B2B_INVOICE,UTIB,2671.78,96.5,2,COMMERCIAL_DISPUTE
CARD_EXPIRED,"card expiry ho gayi, naya card link karo",CARD_MANDATE,KKBK,38429.58,97.8,0,HARD_PERMANENT
CARD_EXPIRED,"card expiry ho gayi, naya card link karo",CARD_MANDATE,ICIC,29220.76,98.9,0,HARD_PERMANENT
TOKENIZATION_TIMEOUT,card token vault timeout during authorization,CARD_MANDATE,UTIB,29800.55,96.5,0,TRANSIENT_TECHNICAL
NPCI_TIMEOUT,UPI switch response timed out after 30 seconds,UPI_AUTOPAY,ICIC,21994.85,98.9,2,TRANSIENT_TECHNICAL
PAYMENT_METHOD_UNAVAILABLE,selected UPI method unavailable at checkout,MAGIC_CHECKOUT,SBIN,1798.32,78.2,0,BEHAVIORAL_DROPOFF
UPI_DAILY_LIMIT_EXCEEDED,"Customer reached daily UPI transaction limit of Rs.1,00,000",UPI_AUTOPAY,UTIB,17616.17,96.5,3,SOFT_FINANCIAL
TOKENIZATION_TIMEOUT,"tokenization service slow, mandate auth timed out",CARD_MANDATE,UTIB,24120.05,96.5,3,TRANSIENT_TECHNICAL
PAYMENT_METHOD_UNAVAILABLE,selected UPI method unavailable at checkout,MAGIC_CHECKOUT,HDFC,15399.31,99.4,0,BEHAVIORAL_DROPOFF
BANK_DEBIT_FAILED_TECHNICAL,debit attempt failed due to issuer switch congestion,UPI_AUTOPAY,HDFC,9682.39,99.4,2,TRANSIENT_TECHNICAL
STOLEN_CARD,"chori ka card report hua, block hai",CARD_MANDATE,KKBK,6872.27,97.8,1,HARD_PERMANENT
INSUFFICIENT_FUNDS,Declined by customer bank due to low balance,UPI_AUTOPAY,HDFC,33148.33,99.4,1,SOFT_FINANCIAL
ACCOUNT_CLOSED,"account band ho gaya hai, retry bekar hai",UPI_AUTOPAY,KKBK,2250.96,97.8,2,HARD_PERMANENT
CHECKOUT_DROPPED_OFF,Customer abandoned session at shipping/payment step,MAGIC_CHECKOUT,SBIN,28542.87,78.2,0,BEHAVIORAL_DROPOFF
CART_ABANDONED_SHIPPING_FRICTION,shipping fee dekh kar customer ne cart chhod diya,MAGIC_CHECKOUT,KKBK,7846.06,97.8,1,BEHAVIORAL_DROPOFF
CARD_EXPIRED,Mandate card token expired; bank declined authorization,CARD_MANDATE,HDFC,22471.53,99.4,3,HARD_PERMANENT
INSUFFICIENT_FUNDS,Declined by customer bank due to low balance,UPI_AUTOPAY,SBIN,19293.7,78.2,3,SOFT_FINANCIAL
NPCI_TIMEOUT,Card network switch response timed out,UPI_AUTOPAY,HDFC,43918.2,99.4,1,TRANSIENT_TECHNICAL
TOKENIZATION_TIMEOUT,card token vault timeout during authorization,CARD_MANDATE,ICIC,37671.77,98.9,3,TRANSIENT_TECHNICAL
GATEWAY_ERROR,504 Gateway Timeout from NPCI switch,UPI_AUTOPAY,KKBK,7969.63,97.8,0,TRANSIENT_TECHNICAL
CART_ABANDONED_SHIPPING_FRICTION,shipping fee dekh kar customer ne cart chhod diya,MAGIC_CHECKOUT,SBIN,34138.0,78.2,0,BEHAVIORAL_DROPOFF
MANDATE_AMOUNT_EXCEEDS_CAP,"mandate amount exceeds NPCI cap of Rs.1,00,000",UPI_AUTOPAY,UTIB,11114.52,96.5,1,SOFT_FINANCIAL
BANK_DEBIT_FAILED_TECHNICAL,Issuer node degradation during 02:00 AM auto-debit window,UPI_AUTOPAY,HDFC,35638.93,99.4,2,TRANSIENT_TECHNICAL
NPCI_TIMEOUT,UPI switch response timed out after 30 seconds,UPI_AUTOPAY,HDFC,39607.17,99.4,0,TRANSIENT_TECHNICAL
ACCOUNT_CLOSED,"customer account closed, debit returned",UPI_AUTOPAY,SBIN,41690.86,78.2,2,HARD_PERMANENT
UPI_DAILY_LIMIT_EXCEEDED,"UPI daily cap khatam, kal retry karo",UPI_AUTOPAY,UTIB,31268.65,96.5,3,SOFT_FINANCIAL
PURCHASE_ORDER_MISMATCH,"PO amount mismatch, reconciliation on hold",B2B_INVOICE,SBIN,6609.48,78.2,0,COMMERCIAL_DISPUTE
STOLEN_CARD,"chori ka card report hua, block hai",CARD_MANDATE,UTIB,10917.81,96.5,0,HARD_PERMANENT
BANK_DEBIT_FAILED_TECHNICAL,Issuer node degradation during 02:00 AM auto-debit window,UPI_AUTOPAY,UTIB,27619.44,96.5,0,TRANSIENT_TECHNICAL
INVOICE_APPROVAL_PENDING,procurement team se approval pending hai,B2B_INVOICE,UTIB,403.74,96.5,0,COMMERCIAL_DISPUTE
GATEWAY_ERROR,504 Gateway Timeout from NPCI switch,UPI_AUTOPAY,KKBK,43960.24,97.8,1,TRANSIENT_TECHNICAL
MANDATE_AMOUNT_EXCEEDS_CAP,"mandate amount exceeds NPCI cap of Rs.1,00,000",UPI_AUTOPAY,UTIB,34710.61,96.5,2,SOFT_FINANCIAL
GATEWAY_ERROR,"downstream gateway error, retry after clearing window",UPI_AUTOPAY,HDFC,8877.8,99.4,3,TRANSIENT_TECHNICAL
CHECKOUT_DROPPED_OFF,OTP verification timed out during checkout,MAGIC_CHECKOUT,UTIB,22488.16,96.5,0,BEHAVIORAL_DROPOFF
BANK_DEBIT_FAILED_TECHNICAL,Downstream bank gateway timeout during debit attempt,UPI_AUTOPAY,ICIC,12970.18,98.9,1,TRANSIENT_TECHNICAL
INVALID_VPA_PERMANENT,"galat UPI ID, ye VPA exist nahi karti",UPI_AUTOPAY,KKBK,36270.69,97.8,3,HARD_PERMANENT
PAYMENT_METHOD_UNAVAILABLE,selected UPI method unavailable at checkout,MAGIC_CHECKOUT,HDFC,33370.42,99.4,1,BEHAVIORAL_DROPOFF
FRAUD_DETECTED,High-risk score flagged by issuer fraud detection switch,CARD_MANDATE,HDFC,21930.24,99.4,0,HARD_PERMANENT
CARD_EXPIRED,Mandate card token expired; bank declined authorization,CARD_MANDATE,UTIB,26752.85,96.5,0,HARD_PERMANENT
OTP_TIMEOUT,OTP verification timed out during checkout,MAGIC_CHECKOUT,ICIC,10506.06,98.9,0,TRANSIENT_TECHNICAL
INVOICE_OVERDUE_30_DAYS,Net-30 invoice crossed due date without payment reconciliation,B2B_INVOICE,HDFC,10822.14,99.4,1,COMMERCIAL_DISPUTE
GATEWAY_ERROR,"payment gateway ne response nahi diya, timeout ho gaya",UPI_AUTOPAY,SBIN,3493.2,78.2,1,TRANSIENT_TECHNICAL
PURCHASE_ORDER_MISMATCH,"PO amount mismatch, reconciliation on hold",B2B_INVOICE,UTIB,6692.51,96.5,1,COMMERCIAL_DISPUTE
PAYMENT_METHOD_UNAVAILABLE,selected UPI method unavailable at checkout,MAGIC_CHECKOUT,UTIB,16931.51,96.5,1,BEHAVIORAL_DROPOFF
GATEWAY_ERROR,"downstream gateway error, retry after clearing window",UPI_AUTOPAY,ICIC,9258.25,98.9,0,TRANSIENT_TECHNICAL
BANK_DEBIT_FAILED_TECHNICAL,Downstream bank gateway timeout during debit attempt,UPI_AUTOPAY,ICIC,6314.4,98.9,3,TRANSIENT_TECHNICAL
PAYMENT_METHOD_UNAVAILABLE,payment option show nahi ho raha tha,MAGIC_CHECKOUT,UTIB,7868.99,96.5,0,BEHAVIORAL_DROPOFF
INSUFFICIENT_FUNDS,"account me paise nahi hai, balance insufficient",UPI_AUTOPAY,KKBK,7223.26,97.8,3,SOFT_FINANCIAL
FRAUD_DETECTED,High-risk score flagged by issuer fraud detection switch,CARD_MANDATE,HDFC,18643.4,99.4,1,HARD_PERMANENT
PURCHASE_ORDER_MISMATCH,"PO amount mismatch, reconciliation on hold",B2B_INVOICE,KKBK,21411.78,97.8,1,COMMERCIAL_DISPUTE
INVALID_VPA_PERMANENT,"VPA does not exist, invalid payee address",UPI_AUTOPAY,UTIB,33180.55,96.5,0,HARD_PERMANENT
INSUFFICIENT_FUNDS,"account me paise nahi hai, balance insufficient",UPI_AUTOPAY,UTIB,26159.7,96.5,1,SOFT_FINANCIAL
CHECKOUT_DROPPED_OFF,OTP verification timed out during checkout,MAGIC_CHECKOUT,HDFC,18915.6,99.4,0,BEHAVIORAL_DROPOFF
BANK_DEBIT_FAILED_TECHNICAL,debit attempt failed due to issuer switch congestion,UPI_AUTOPAY,KKBK,1705.23,97.8,1,TRANSIENT_TECHNICAL
NPCI_TIMEOUT,Card network switch response timed out,UPI_AUTOPAY,HDFC,20468.83,99.4,0,TRANSIENT_TECHNICAL
CARD_EXPIRED,Mandate card token expired; bank declined authorization,CARD_MANDATE,UTIB,42756.99,96.5,0,HARD_PERMANENT
MANDATE_AMOUNT_EXCEEDS_CAP,"autopay cap se zyada amount, bank ne decline kiya",UPI_AUTOPAY,SBIN,29213.93,78.2,0,SOFT_FINANCIAL
ACCOUNT_CLOSED,"account band ho gaya hai, retry bekar hai",UPI_AUTOPAY,ICIC,7447.93,98.9,1,HARD_PERMANENT
UPI_DAILY_LIMIT_EXCEEDED,"limit exceed, transaction declined by bank",UPI_AUTOPAY,KKBK,1292.75,97.8,1,SOFT_FINANCIAL
PAYMENT_METHOD_UNAVAILABLE,selected UPI method unavailable at checkout,MAGIC_CHECKOUT,UTIB,8484.75,96.5,3,BEHAVIORAL_DROPOFF
MANDATE_AMOUNT_EXCEEDS_CAP,"autopay cap se zyada amount, bank ne decline kiya",UPI_AUTOPAY,HDFC,38745.0,99.4,0,SOFT_FINANCIAL
NPCI_TIMEOUT,"NPCI timeout, bank se confirmation nahi aaya",UPI_AUTOPAY,ICIC,23984.76,98.9,0,TRANSIENT_TECHNICAL
OTP_TIMEOUT,"customer ne OTP time par enter nahi kiya, session expire",MAGIC_CHECKOUT,KKBK,24500.64,97.8,3,TRANSIENT_TECHNICAL
GATEWAY_ERROR,504 Gateway Timeout from NPCI switch,UPI_AUTOPAY,KKBK,39661.84,97.8,2,TRANSIENT_TECHNICAL
BANK_DEBIT_FAILED_TECHNICAL,"bank server busy, auto-debit fail ho gaya technical issue se",UPI_AUTOPAY,HDFC,5170.41,99.4,0,TRANSIENT_TECHNICAL
PAYMENT_METHOD_UNAVAILABLE,selected UPI method unavailable at checkout,MAGIC_CHECKOUT,ICIC,16615.56,98.9,2,BEHAVIORAL_DROPOFF
TOKENIZATION_TIMEOUT,card token vault timeout during authorization,CARD_MANDATE,KKBK,31978.01,97.8,0,TRANSIENT_TECHNICAL
CHECKOUT_DROPPED_OFF,user ne checkout beech me chhod diya,MAGIC_CHECKOUT,SBIN,24375.14,78.2,2,BEHAVIORAL_DROPOFF
PURCHASE_ORDER_MISMATCH,"PO amount mismatch, reconciliation on hold",B2B_INVOICE,SBIN,14556.1,78.2,0,COMMERCIAL_DISPUTE
STOLEN_CARD,"chori ka card report hua, block hai",CARD_MANDATE,ICIC,2638.86,98.9,0,HARD_PERMANENT
MANDATE_AMOUNT_EXCEEDS_CAP,"autopay cap se zyada amount, bank ne decline kiya",UPI_AUTOPAY,UTIB,22664.47,96.5,3,SOFT_FINANCIAL
CART_ABANDONED_SHIPPING_FRICTION,shipping fee dekh kar customer ne cart chhod diya,MAGIC_CHECKOUT,KKBK,30587.89,97.8,1,BEHAVIORAL_DROPOFF
INVOICE_APPROVAL_PENDING,procurement team se approval pending hai,B2B_INVOICE,KKBK,16692.3,97.8,2,COMMERCIAL_DISPUTE
CARD_EXPIRED,Mandate card token expired; bank declined authorization,CARD_MANDATE,UTIB,4110.52,96.5,1,HARD_PERMANENT
FRAUD_DETECTED,"suspicious activity, fraud check fail",CARD_MANDATE,HDFC,5098.66,99.4,0,HARD_PERMANENT
CART_ABANDONED_SHIPPING_FRICTION,User exited after shipping charge calculated,MAGIC_CHECKOUT,UTIB,6941.46,96.5,0,BEHAVIORAL_DROPOFF
STOLEN_CARD,stolen card hotlisted by issuer,CARD_MANDATE,ICIC,18860.26,98.9,2,HARD_PERMANENT
TOKENIZATION_TIMEOUT,card token vault timeout during authorization,CARD_MANDATE,UTIB,15731.52,96.5,1,TRANSIENT_TECHNICAL
ACCOUNT_CLOSED,"account band ho gaya hai, retry bekar hai",UPI_AUTOPAY,SBIN,3019.2,78.2,3,HARD_PERMANENT
INSUFFICIENT_FUNDS,"account me paise nahi hai, balance insufficient",UPI_AUTOPAY,UTIB,26125.55,96.5,2,SOFT_FINANCIAL
INVOICE_OVERDUE_30_DAYS,"30 din se payment pending, accounts se approval nahi aaya",B2B_INVOICE,KKBK,30029.99,97.8,1,COMMERCIAL_DISPUTE
TOKENIZATION_TIMEOUT,"tokenization service slow, mandate auth timed out",CARD_MANDATE,UTIB,13822.19,96.5,0,TRANSIENT_TECHNICAL
INVOICE_APPROVAL_PENDING,Invoice stuck in enterprise procurement approval workflow,B2B_INVOICE,ICIC,10359.06,98.9,0,COMMERCIAL_DISPUTE
INVOICE_APPROVAL_PENDING,Invoice stuck in enterprise procurement approval workflow,B2B_INVOICE,SBIN,16019.17,78.2,1,COMMERCIAL_DISPUTE
FRAUD_DETECTED,High-risk score flagged by issuer fraud detection switch,CARD_MANDATE,KKBK,12978.33,97.8,0,HARD_PERMANENT
CHECKOUT_DROPPED_OFF,Customer abandoned session at shipping/payment step,MAGIC_CHECKOUT,SBIN,5437.01,78.2,0,BEHAVIORAL_DROPOFF
UPI_DAILY_LIMIT_EXCEEDED,"Customer reached daily UPI transaction limit of Rs.1,00,000",UPI_AUTOPAY,UTIB,11865.5,96.5,0,SOFT_FINANCIAL
GATEWAY_ERROR,504 Gateway Timeout from NPCI switch,UPI_AUTOPAY,ICIC,44015.39,98.9,0,TRANSIENT_TECHNICAL
MANDATE_AMOUNT_EXCEEDS_CAP,"autopay cap se zyada amount, bank ne decline kiya",UPI_AUTOPAY,KKBK,43900.84,97.8,1,SOFT_FINANCIAL
INVOICE_APPROVAL_PENDING,Invoice stuck in enterprise procurement approval workflow,B2B_INVOICE,HDFC,18323.8,99.4,1,COMMERCIAL_DISPUTE
CHECKOUT_DROPPED_OFF,user ne checkout beech me chhod diya,MAGIC_CHECKOUT,ICIC,7190.34,98.9,2,BEHAVIORAL_DROPOFF
TOKENIZATION_TIMEOUT,"tokenization service slow, mandate auth timed out",CARD_MANDATE,ICIC,21430.67,98.9,0,TRANSIENT_TECHNICAL
UPI_DAILY_LIMIT_EXCEEDED,"limit exceed, transaction declined by bank",UPI_AUTOPAY,SBIN,36020.81,78.2,2,SOFT_FINANCIAL
PAYMENT_METHOD_UNAVAILABLE,payment option show nahi ho raha tha,MAGIC_CHECKOUT,HDFC,32977.23,99.4,0,BEHAVIORAL_DROPOFF
CHECKOUT_DROPPED_OFF,OTP verification timed out during checkout,MAGIC_CHECKOUT,KKBK,5435.17,97.8,0,BEHAVIORAL_DROPOFF
NPCI_TIMEOUT,"NPCI timeout, bank se confirmation nahi aaya",UPI_AUTOPAY,SBIN,20179.02,78.2,0,TRANSIENT_TECHNICAL
INVOICE_OVERDUE_30_DAYS,Net-30 invoice crossed due date without payment reconciliation,B2B_INVOICE,KKBK,28930.45,97.8,1,COMMERCIAL_DISPUTE
STOLEN_CARD,stolen card hotlisted by issuer,CARD_MANDATE,ICIC,8967.26,98.9,0,HARD_PERMANENT
TOKENIZATION_TIMEOUT,"tokenization service slow, mandate auth timed out",CARD_MANDATE,HDFC,43917.59,99.4,1,TRANSIENT_TECHNICAL
GATEWAY_ERROR,"payment gateway ne response nahi diya, timeout ho gaya",UPI_AUTOPAY,ICIC,27221.7,98.9,1,TRANSIENT_TECHNICAL
BANK_DEBIT_FAILED_TECHNICAL,"bank server busy, auto-debit fail ho gaya technical issue se",UPI_AUTOPAY,UTIB,6827.13,96.5,3,TRANSIENT_TECHNICAL
OTP_TIMEOUT,"customer ne OTP time par enter nahi kiya, session expire",MAGIC_CHECKOUT,UTIB,16902.21,96.5,0,TRANSIENT_TECHNICAL
MANDATE_AMOUNT_EXCEEDS_CAP,"autopay cap se zyada amount, bank ne decline kiya",UPI_AUTOPAY,ICIC,43993.04,98.9,3,SOFT_FINANCIAL
TOKENIZATION_TIMEOUT,card token vault timeout during authorization,CARD_MANDATE,SBIN,32807.56,78.2,1,TRANSIENT_TECHNICAL
OTP_TIMEOUT,"customer ne OTP time par enter nahi kiya, session expire",MAGIC_CHECKOUT,ICIC,7536.97,98.9,2,TRANSIENT_TECHNICAL
OTP_TIMEOUT,"customer ne OTP time par enter nahi kiya, session expire",MAGIC_CHECKOUT,SBIN,37630.75,78.2,1,TRANSIENT_TECHNICAL
CARD_EXPIRED,Mandate card token expired; bank declined authorization,CARD_MANDATE,SBIN,13784.06,78.2,3,HARD_PERMANENT
STOLEN_CARD,"chori ka card report hua, block hai",CARD_MANDATE,HDFC,42005.19,99.4,1,HARD_PERMANENT
NPCI_TIMEOUT,UPI switch response timed out after 30 seconds,UPI_AUTOPAY,HDFC,18543.25,99.4,0,TRANSIENT_TECHNICAL
OTP_TIMEOUT,OTP verification timed out during checkout,MAGIC_CHECKOUT,KKBK,20902.44,97.8,1,TRANSIENT_TECHNICAL
CHECKOUT_DROPPED_OFF,Customer abandoned session at shipping/payment step,MAGIC_CHECKOUT,SBIN,37486.14,78.2,0,BEHAVIORAL_DROPOFF
TOKENIZATION_TIMEOUT,"tokenization service slow, mandate auth timed out",CARD_MANDATE,HDFC,37061.23,99.4,0,TRANSIENT_TECHNICAL
UPI_DAILY_LIMIT_EXCEEDED,"UPI daily cap khatam, kal retry karo",UPI_AUTOPAY,UTIB,25255.35,96.5,1,SOFT_FINANCIAL
INSUFFICIENT_FUNDS,Declined by customer bank due to low balance,UPI_AUTOPAY,HDFC,7099.43,99.4,0,SOFT_FINANCIAL
PURCHASE_ORDER_MISMATCH,"PO amount mismatch, reconciliation on hold",B2B_INVOICE,ICIC,18888.04,98.9,1,COMMERCIAL_DISPUTE
INSUFFICIENT_FUNDS,Declined by customer bank due to low balance,UPI_AUTOPAY,HDFC,34459.15,99.4,1,SOFT_FINANCIAL
CARD_EXPIRED,"card expiry ho gayi, naya card link karo",CARD_MANDATE,KKBK,21725.25,97.8,1,HARD_PERMANENT
INVALID_VPA_PERMANENT,"galat UPI ID, ye VPA exist nahi karti",UPI_AUTOPAY,HDFC,16918.83,99.4,2,HARD_PERMANENT
UPI_DAILY_LIMIT_EXCEEDED,"Customer reached daily UPI transaction limit of Rs.1,00,000",UPI_AUTOPAY,ICIC,7494.72,98.9,0,SOFT_FINANCIAL
CHECKOUT_DROPPED_OFF,user ne checkout beech me chhod diya,MAGIC_CHECKOUT,UTIB,39548.49,96.5,0,BEHAVIORAL_DROPOFF
MANDATE_AMOUNT_EXCEEDS_CAP,"mandate amount exceeds NPCI cap of Rs.1,00,000",UPI_AUTOPAY,HDFC,12414.9,99.4,1,SOFT_FINANCIAL
MANDATE_AMOUNT_EXCEEDS_CAP,"mandate amount exceeds NPCI cap of Rs.1,00,000",UPI_AUTOPAY,ICIC,13265.84,98.9,2,SOFT_FINANCIAL
CARD_EXPIRED,Mandate card token expired; bank declined authorization,CARD_MANDATE,SBIN,34457.85,78.2,1,HARD_PERMANENT
FRAUD_DETECTED,"suspicious activity, fraud check fail",CARD_MANDATE,ICIC,37241.45,98.9,2,HARD_PERMANENT
INVOICE_APPROVAL_PENDING,procurement team se approval pending hai,B2B_INVOICE,ICIC,4492.43,98.9,1,COMMERCIAL_DISPUTE
MANDATE_AMOUNT_EXCEEDS_CAP,"mandate amount exceeds NPCI cap of Rs.1,00,000",UPI_AUTOPAY,HDFC,6334.47,99.4,0,SOFT_FINANCIAL
MANDATE_AMOUNT_EXCEEDS_CAP,"autopay cap se zyada amount, bank ne decline kiya",UPI_AUTOPAY,UTIB,15445.37,96.5,0,SOFT_FINANCIAL
CART_ABANDONED_SHIPPING_FRICTION,User exited after shipping charge calculated,MAGIC_CHECKOUT,SBIN,22751.06,78.2,3,BEHAVIORAL_DROPOFF
GATEWAY_ERROR,504 Gateway Timeout from NPCI switch,UPI_AUTOPAY,UTIB,20829.47,96.5,0,TRANSIENT_TECHNICAL
CART_ABANDONED_SHIPPING_FRICTION,User exited after shipping charge calculated,MAGIC_CHECKOUT,HDFC,21681.9,99.4,0,BEHAVIORAL_DROPOFF
MANDATE_AMOUNT_EXCEEDS_CAP,"mandate amount exceeds NPCI cap of Rs.1,00,000",UPI_AUTOPAY,UTIB,40059.63,96.5,1,SOFT_FINANCIAL
STOLEN_CARD,"chori ka card report hua, block hai",CARD_MANDATE,SBIN,32003.0,78.2,0,HARD_PERMANENT
CART_ABANDONED_SHIPPING_FRICTION,User exited after shipping charge calculated,MAGIC_CHECKOUT,SBIN,38585.18,78.2,0,BEHAVIORAL_DROPOFF
INSUFFICIENT_FUNDS,"account me paise nahi hai, balance insufficient",UPI_AUTOPAY,SBIN,9600.09,78.2,0,SOFT_FINANCIAL
OTP_TIMEOUT,OTP verification timed out during checkout,MAGIC_CHECKOUT,HDFC,1041.55,99.4,1,TRANSIENT_TECHNICAL
OTP_TIMEOUT,OTP verification timed out during checkout,MAGIC_CHECKOUT,SBIN,5029.33,78.2,3,TRANSIENT_TECHNICAL
STOLEN_CARD,stolen card hotlisted by issuer,CARD_MANDATE,UTIB,5526.83,96.5,0,HARD_PERMANENT
BANK_DEBIT_FAILED_TECHNICAL,Downstream bank gateway timeout during debit attempt,UPI_AUTOPAY,ICIC,30107.54,98.9,3,TRANSIENT_TECHNICAL
CART_ABANDONED_SHIPPING_FRICTION,User exited after shipping charge calculated,MAGIC_CHECKOUT,KKBK,9401.18,97.8,0,BEHAVIORAL_DROPOFF
FRAUD_DETECTED,"suspicious activity, fraud check fail",CARD_MANDATE,HDFC,4266.0,99.4,3,HARD_PERMANENT
INVALID_VPA_PERMANENT,"galat UPI ID, ye VPA exist nahi karti",UPI_AUTOPAY,ICIC,7392.13,98.9,1,HARD_PERMANENT
INSUFFICIENT_FUNDS,Declined by customer bank due to low balance,UPI_AUTOPAY,HDFC,36917.3,99.4,3,SOFT_FINANCIAL
ACCOUNT_CLOSED,"customer account closed, debit returned",UPI_AUTOPAY,SBIN,43398.98,78.2,0,HARD_PERMANENT
TOKENIZATION_TIMEOUT,card token vault timeout during authorization,CARD_MANDATE,HDFC,41605.52,99.4,1,TRANSIENT_TECHNICAL
PURCHASE_ORDER_MISMATCH,purchase order aur invoice me antar hai,B2B_INVOICE,KKBK,8492.82,97.8,2,COMMERCIAL_DISPUTE
CART_ABANDONED_SHIPPING_FRICTION,User exited after shipping charge calculated,MAGIC_CHECKOUT,ICIC,44162.27,98.9,1,BEHAVIORAL_DROPOFF
GATEWAY_ERROR,issuer node degraded during mandate authorization,UPI_AUTOPAY,UTIB,5254.59,96.5,0,TRANSIENT_TECHNICAL
CART_ABANDONED_SHIPPING_FRICTION,shipping fee dekh kar customer ne cart chhod diya,MAGIC_CHECKOUT,HDFC,23483.32,99.4,1,BEHAVIORAL_DROPOFF
MANDATE_AMOUNT_EXCEEDS_CAP,"autopay cap se zyada amount, bank ne decline kiya",UPI_AUTOPAY,KKBK,32551.44,97.8,0,SOFT_FINANCIAL
INVOICE_OVERDUE_30_DAYS,"30 din se payment pending, accounts se approval nahi aaya",B2B_INVOICE,HDFC,17437.58,99.4,1,COMMERCIAL_DISPUTE
INVOICE_APPROVAL_PENDING,procurement team se approval pending hai,B2B_INVOICE,SBIN,25014.99,78.2,0,COMMERCIAL_DISPUTE
OTP_TIMEOUT,OTP verification timed out during checkout,MAGIC_CHECKOUT,HDFC,40284.9,99.4,3,TRANSIENT_TECHNICAL
PURCHASE_ORDER_MISMATCH,purchase order aur invoice me antar hai,B2B_INVOICE,SBIN,771.82,78.2,2,COMMERCIAL_DISPUTE
PURCHASE_ORDER_MISMATCH,"PO amount mismatch, reconciliation on hold",B2B_INVOICE,UTIB,19824.45,96.5,2,COMMERCIAL_DISPUTE
CARD_EXPIRED,Mandate card token expired; bank declined authorization,CARD_MANDATE,SBIN,17886.95,78.2,2,HARD_PERMANENT
UPI_DAILY_LIMIT_EXCEEDED,"Customer reached daily UPI transaction limit of Rs.1,00,000",UPI_AUTOPAY,SBIN,3098.09,78.2,0,SOFT_FINANCIAL
INVOICE_OVERDUE_30_DAYS,Net-30 invoice crossed due date without payment reconciliation,B2B_INVOICE,KKBK,38012.37,97.8,1,COMMERCIAL_DISPUTE
CART_ABANDONED_SHIPPING_FRICTION,User exited after shipping charge calculated,MAGIC_CHECKOUT,UTIB,32688.71,96.5,0,BEHAVIORAL_DROPOFF
UPI_DAILY_LIMIT_EXCEEDED,"limit exceed, transaction declined by bank",UPI_AUTOPAY,ICIC,34082.13,98.9,3,SOFT_FINANCIAL
NPCI_TIMEOUT,Card network switch response timed out,UPI_AUTOPAY,UTIB,30066.8,96.5,1,TRANSIENT_TECHNICAL
PURCHASE_ORDER_MISMATCH,purchase order aur invoice me antar hai,B2B_INVOICE,SBIN,34606.15,78.2,0,COMMERCIAL_DISPUTE
CART_ABANDONED_SHIPPING_FRICTION,shipping fee dekh kar customer ne cart chhod diya,MAGIC_CHECKOUT,UTIB,22477.36,96.5,2,BEHAVIORAL_DROPOFF
CHECKOUT_DROPPED_OFF,Customer abandoned session at shipping/payment step,MAGIC_CHECKOUT,HDFC,33253.1,99.4,3,BEHAVIORAL_DROPOFF
CARD_EXPIRED,"card expiry ho gayi, naya card link karo",CARD_MANDATE,HDFC,43748.82,99.4,1,HARD_PERMANENT
INVOICE_OVERDUE_30_DAYS,Net-30 invoice crossed due date without payment reconciliation,B2B_INVOICE,ICIC,28063.73,98.9,0,COMMERCIAL_DISPUTE
CARD_EXPIRED,"card expiry ho gayi, naya card link karo",CARD_MANDATE,UTIB,9245.74,96.5,2,HARD_PERMANENT
PURCHASE_ORDER_MISMATCH,purchase order aur invoice me antar hai,B2B_INVOICE,KKBK,11921.87,97.8,0,COMMERCIAL_DISPUTE
TOKENIZATION_TIMEOUT,card token vault timeout during authorization,CARD_MANDATE,HDFC,44583.87,99.4,0,TRANSIENT_TECHNICAL
NPCI_TIMEOUT,Card network switch response timed out,UPI_AUTOPAY,ICIC,38408.62,98.9,1,TRANSIENT_TECHNICAL
PAYMENT_METHOD_UNAVAILABLE,selected UPI method unavailable at checkout,MAGIC_CHECKOUT,HDFC,8122.92,99.4,2,BEHAVIORAL_DROPOFF
INVOICE_APPROVAL_PENDING,Invoice stuck in enterprise procurement approval workflow,B2B_INVOICE,UTIB,19493.94,96.5,0,COMMERCIAL_DISPUTE
NPCI_TIMEOUT,Card network switch response timed out,UPI_AUTOPAY,HDFC,25684.28,99.4,1,TRANSIENT_TECHNICAL
TOKENIZATION_TIMEOUT,"tokenization service slow, mandate auth timed out",CARD_MANDATE,UTIB,25388.6,96.5,0,TRANSIENT_TECHNICAL
STOLEN_CARD,stolen card hotlisted by issuer,CARD_MANDATE,UTIB,11999.18,96.5,1,HARD_PERMANENT
NPCI_TIMEOUT,"NPCI timeout, bank se confirmation nahi aaya",UPI_AUTOPAY,ICIC,34537.66,98.9,0,TRANSIENT_TECHNICAL
INVOICE_OVERDUE_30_DAYS,Net-30 invoice crossed due date without payment reconciliation,B2B_INVOICE,HDFC,26652.35,99.4,0,COMMERCIAL_DISPUTE
MANDATE_AMOUNT_EXCEEDS_CAP,"autopay cap se zyada amount, bank ne decline kiya",UPI_AUTOPAY,KKBK,1404.14,97.8,2,SOFT_FINANCIAL
INVOICE_OVERDUE_30_DAYS,"30 din se payment pending, accounts se approval nahi aaya",B2B_INVOICE,HDFC,19380.47,99.4,0,COMMERCIAL_DISPUTE
OTP_TIMEOUT,"customer ne OTP time par enter nahi kiya, session expire",MAGIC_CHECKOUT,HDFC,29823.21,99.4,0,TRANSIENT_TECHNICAL
INSUFFICIENT_FUNDS,"account me paise nahi hai, balance insufficient",UPI_AUTOPAY,KKBK,4004.47,97.8,2,SOFT_FINANCIAL
CARD_EXPIRED,"card expiry ho gayi, naya card link karo",CARD_MANDATE,HDFC,15323.56,99.4,0,HARD_PERMANENT
TOKENIZATION_TIMEOUT,"tokenization service slow, mandate auth timed out",CARD_MANDATE,HDFC,20848.2,99.4,3,TRANSIENT_TECHNICAL
OTP_TIMEOUT,"customer ne OTP time par enter nahi kiya, session expire",MAGIC_CHECKOUT,ICIC,1113.04,98.9,1,TRANSIENT_TECHNICAL
UPI_DAILY_LIMIT_EXCEEDED,"Customer reached daily UPI transaction limit of Rs.1,00,000",UPI_AUTOPAY,ICIC,17122.02,98.9,1,SOFT_FINANCIAL
INVOICE_OVERDUE_30_DAYS,Net-30 invoice crossed due date without payment reconciliation,B2B_INVOICE,UTIB,4681.64,96.5,2,COMMERCIAL_DISPUTE
GATEWAY_ERROR,"downstream gateway error, retry after clearing window",UPI_AUTOPAY,UTIB,22723.53,96.5,3,TRANSIENT_TECHNICAL
INVOICE_OVERDUE_30_DAYS,Net-30 invoice crossed due date without payment reconciliation,B2B_INVOICE,KKBK,13617.84,97.8,1,COMMERCIAL_DISPUTE
GATEWAY_ERROR,"payment gateway ne response nahi diya, timeout ho gaya",UPI_AUTOPAY,HDFC,37848.89,99.4,1,TRANSIENT_TECHNICAL
GATEWAY_ERROR,"downstream gateway error, retry after clearing window",UPI_AUTOPAY,ICIC,2328.45,98.9,1,TRANSIENT_TECHNICAL
NPCI_TIMEOUT,UPI switch response timed out after 30 seconds,UPI_AUTOPAY,KKBK,33481.13,97.8,0,TRANSIENT_TECHNICAL
UPI_DAILY_LIMIT_EXCEEDED,"Customer reached daily UPI transaction limit of Rs.1,00,000",UPI_AUTOPAY,KKBK,15289.68,97.8,0,SOFT_FINANCIAL
UPI_DAILY_LIMIT_EXCEEDED,"limit exceed, transaction declined by bank",UPI_AUTOPAY,UTIB,19333.77,96.5,0,SOFT_FINANCIAL
CARD_EXPIRED,"card expiry ho gayi, naya card link karo",CARD_MANDATE,KKBK,36224.68,97.8,1,HARD_PERMANENT
TOKENIZATION_TIMEOUT,"tokenization service slow, mandate auth timed out",CARD_MANDATE,SBIN,18760.69,78.2,0,TRANSIENT_TECHNICAL
STOLEN_CARD,"chori ka card report hua, block hai",CARD_MANDATE,KKBK,8290.1,97.8,0,HARD_PERMANENT
STOLEN_CARD,stolen card hotlisted by issuer,CARD_MANDATE,KKBK,22563.82,97.8,2,HARD_PERMANENT
PAYMENT_METHOD_UNAVAILABLE,payment option show nahi ho raha tha,MAGIC_CHECKOUT,KKBK,36440.03,97.8,3,BEHAVIORAL_DROPOFF
OTP_TIMEOUT,OTP verification timed out during checkout,MAGIC_CHECKOUT,KKBK,9188.23,97.8,1,TRANSIENT_TECHNICAL
CHECKOUT_DROPPED_OFF,Customer abandoned session at shipping/payment step,MAGIC_CHECKOUT,SBIN,33639.97,78.2,3,BEHAVIORAL_DROPOFF
INVOICE_APPROVAL_PENDING,procurement team se approval pending hai,B2B_INVOICE,UTIB,14474.98,96.5,3,COMMERCIAL_DISPUTE
CARD_EXPIRED,Mandate card token expired; bank declined authorization,CARD_MANDATE,UTIB,12157.94,96.5,0,HARD_PERMANENT
FRAUD_DETECTED,"suspicious activity, fraud check fail",CARD_MANDATE,KKBK,10777.85,97.8,0,HARD_PERMANENT
CART_ABANDONED_SHIPPING_FRICTION,User exited after shipping charge calculated,MAGIC_CHECKOUT,SBIN,1440.17,78.2,3,BEHAVIORAL_DROPOFF
INVOICE_APPROVAL_PENDING,procurement team se approval pending hai,B2B_INVOICE,UTIB,25279.72,96.5,1,COMMERCIAL_DISPUTE
OTP_TIMEOUT,OTP verification timed out during checkout,MAGIC_CHECKOUT,SBIN,7338.42,78.2,0,TRANSIENT_TECHNICAL
ACCOUNT_CLOSED,"account band ho gaya hai, retry bekar hai",UPI_AUTOPAY,ICIC,29708.11,98.9,0,HARD_PERMANENT
BANK_DEBIT_FAILED_TECHNICAL,debit attempt failed due to issuer switch congestion,UPI_AUTOPAY,HDFC,2677.72,99.4,0,TRANSIENT_TECHNICAL
INVOICE_OVERDUE_30_DAYS,"30 din se payment pending, accounts se approval nahi aaya",B2B_INVOICE,HDFC,40545.66,99.4,1,COMMERCIAL_DISPUTE
MANDATE_AMOUNT_EXCEEDS_CAP,"mandate amount exceeds NPCI cap of Rs.1,00,000",UPI_AUTOPAY,UTIB,42453.61,96.5,2,SOFT_FINANCIAL
CHECKOUT_DROPPED_OFF,Customer abandoned session at shipping/payment step,MAGIC_CHECKOUT,HDFC,25779.18,99.4,1,BEHAVIORAL_DROPOFF
CART_ABANDONED_SHIPPING_FRICTION,shipping fee dekh kar customer ne cart chhod diya,MAGIC_CHECKOUT,UTIB,39828.39,96.5,0,BEHAVIORAL_DROPOFF
CART_ABANDONED_SHIPPING_FRICTION,shipping fee dekh kar customer ne cart chhod diya,MAGIC_CHECKOUT,ICIC,37488.4,98.9,2,BEHAVIORAL_DROPOFF
NPCI_TIMEOUT,"NPCI timeout, bank se confirmation nahi aaya",UPI_AUTOPAY,SBIN,42110.34,78.2,0,TRANSIENT_TECHNICAL
CHECKOUT_DROPPED_OFF,Customer abandoned session at shipping/payment step,MAGIC_CHECKOUT,SBIN,9791.28,78.2,0,BEHAVIORAL_DROPOFF
PAYMENT_METHOD_UNAVAILABLE,payment option show nahi ho raha tha,MAGIC_CHECKOUT,ICIC,38857.78,98.9,0,BEHAVIORAL_DROPOFF
PURCHASE_ORDER_MISMATCH,purchase order aur invoice me antar hai,B2B_INVOICE,HDFC,14378.07,99.4,1,COMMERCIAL_DISPUTE
PURCHASE_ORDER_MISMATCH,"PO amount mismatch, reconciliation on hold",B2B_INVOICE,ICIC,39598.5,98.9,0,COMMERCIAL_DISPUTE
MANDATE_AMOUNT_EXCEEDS_CAP,"autopay cap se zyada amount, bank ne decline kiya",UPI_AUTOPAY,ICIC,36996.99,98.9,0,SOFT_FINANCIAL
BANK_DEBIT_FAILED_TECHNICAL,Downstream bank gateway timeout during debit attempt,UPI_AUTOPAY,SBIN,11532.89,78.2,1,TRANSIENT_TECHNICAL
INVOICE_APPROVAL_PENDING,procurement team se approval pending hai,B2B_INVOICE,HDFC,24163.53,99.4,0,COMMERCIAL_DISPUTE
PAYMENT_METHOD_UNAVAILABLE,payment option show nahi ho raha tha,MAGIC_CHECKOUT,HDFC,40958.46,99.4,1,BEHAVIORAL_DROPOFF
INVALID_VPA_PERMANENT,"galat UPI ID, ye VPA exist nahi karti",UPI_AUTOPAY,HDFC,42147.18,99.4,3,HARD_PERMANENT
INSUFFICIENT_FUNDS,"account me paise nahi hai, balance insufficient",UPI_AUTOPAY,SBIN,38701.73,78.2,0,SOFT_FINANCIAL
PAYMENT_METHOD_UNAVAILABLE,payment option show nahi ho raha tha,MAGIC_CHECKOUT,UTIB,35561.21,96.5,0,BEHAVIORAL_DROPOFF
CARD_EXPIRED,"card expiry ho gayi, naya card link karo",CARD_MANDATE,UTIB,33214.74,96.5,3,HARD_PERMANENT
INVOICE_OVERDUE_30_DAYS,"30 din se payment pending, accounts se approval nahi aaya",B2B_INVOICE,HDFC,37132.98,99.4,2,COMMERCIAL_DISPUTE
INVALID_VPA_PERMANENT,"VPA does not exist, invalid payee address",UPI_AUTOPAY,ICIC,19054.42,98.9,2,HARD_PERMANENT
TOKENIZATION_TIMEOUT,"tokenization service slow, mandate auth timed out",CARD_MANDATE,UTIB,31345.11,96.5,3,TRANSIENT_TECHNICAL
BANK_DEBIT_FAILED_TECHNICAL,Issuer node degradation during 02:00 AM auto-debit window,UPI_AUTOPAY,UTIB,35637.46,96.5,0,TRANSIENT_TECHNICAL
ACCOUNT_CLOSED,"account band ho gaya hai, retry bekar hai",UPI_AUTOPAY,SBIN,28347.3,78.2,0,HARD_PERMANENT
UPI_DAILY_LIMIT_EXCEEDED,"Customer reached daily UPI transaction limit of Rs.1,00,000",UPI_AUTOPAY,HDFC,7269.6,99.4,1,SOFT_FINANCIAL
CHECKOUT_DROPPED_OFF,OTP verification timed out during checkout,MAGIC_CHECKOUT,UTIB,35710.17,96.5,0,BEHAVIORAL_DROPOFF
PAYMENT_METHOD_UNAVAILABLE,payment option show nahi ho raha tha,MAGIC_CHECKOUT,SBIN,11877.72,78.2,2,BEHAVIORAL_DROPOFF
UPI_DAILY_LIMIT_EXCEEDED,"UPI daily cap khatam, kal retry karo",UPI_AUTOPAY,ICIC,9099.33,98.9,1,SOFT_FINANCIAL
MANDATE_AMOUNT_EXCEEDS_CAP,"mandate amount exceeds NPCI cap of Rs.1,00,000",UPI_AUTOPAY,UTIB,39462.15,96.5,3,SOFT_FINANCIAL
UPI_DAILY_LIMIT_EXCEEDED,"Customer reached daily UPI transaction limit of Rs.1,00,000",UPI_AUTOPAY,HDFC,42675.24,99.4,1,SOFT_FINANCIAL
INSUFFICIENT_FUNDS,Declined by customer bank due to low balance,UPI_AUTOPAY,UTIB,9081.52,96.5,2,SOFT_FINANCIAL
FRAUD_DETECTED,High-risk score flagged by issuer fraud detection switch,CARD_MANDATE,UTIB,27886.2,96.5,1,HARD_PERMANENT
INVALID_VPA_PERMANENT,"VPA does not exist, invalid payee address",UPI_AUTOPAY,HDFC,43119.83,99.4,0,HARD_PERMANENT
UPI_DAILY_LIMIT_EXCEEDED,"Customer reached daily UPI transaction limit of Rs.1,00,000",UPI_AUTOPAY,HDFC,32392.26,99.4,1,SOFT_FINANCIAL
PAYMENT_METHOD_UNAVAILABLE,payment option show nahi ho raha tha,MAGIC_CHECKOUT,HDFC,10256.11,99.4,0,BEHAVIORAL_DROPOFF
GATEWAY_ERROR,"downstream gateway error, retry after clearing window",UPI_AUTOPAY,ICIC,33640.39,98.9,1,TRANSIENT_TECHNICAL
CHECKOUT_DROPPED_OFF,user ne checkout beech me chhod diya,MAGIC_CHECKOUT,SBIN,27083.31,78.2,3,BEHAVIORAL_DROPOFF
INVOICE_APPROVAL_PENDING,Invoice stuck in enterprise procurement approval workflow,B2B_INVOICE,UTIB,8279.75,96.5,3,COMMERCIAL_DISPUTE
CHECKOUT_DROPPED_OFF,Customer abandoned session at shipping/payment step,MAGIC_CHECKOUT,ICIC,43930.52,98.9,0,BEHAVIORAL_DROPOFF
PAYMENT_METHOD_UNAVAILABLE,selected UPI method unavailable at checkout,MAGIC_CHECKOUT,ICIC,26313.64,98.9,2,BEHAVIORAL_DROPOFF
PAYMENT_METHOD_UNAVAILABLE,selected UPI method unavailable at checkout,MAGIC_CHECKOUT,HDFC,21205.36,99.4,3,BEHAVIORAL_DROPOFF
INVOICE_OVERDUE_30_DAYS,"30 din se payment pending, accounts se approval nahi aaya",B2B_INVOICE,SBIN,32157.16,78.2,2,COMMERCIAL_DISPUTE
OTP_TIMEOUT,"customer ne OTP time par enter nahi kiya, session expire",MAGIC_CHECKOUT,HDFC,4467.61,99.4,0,TRANSIENT_TECHNICAL
BANK_DEBIT_FAILED_TECHNICAL,"bank server busy, auto-debit fail ho gaya technical issue se",UPI_AUTOPAY,SBIN,21297.24,78.2,0,TRANSIENT_TECHNICAL
BANK_DEBIT_FAILED_TECHNICAL,Downstream bank gateway timeout during debit attempt,UPI_AUTOPAY,ICIC,22802.99,98.9,1,TRANSIENT_TECHNICAL
INVOICE_APPROVAL_PENDING,procurement team se approval pending hai,B2B_INVOICE,ICIC,6123.41,98.9,1,COMMERCIAL_DISPUTE
BANK_DEBIT_FAILED_TECHNICAL,Issuer node degradation during 02:00 AM auto-debit window,UPI_AUTOPAY,ICIC,7809.19,98.9,1,TRANSIENT_TECHNICAL
INVOICE_OVERDUE_30_DAYS,"30 din se payment pending, accounts se approval nahi aaya",B2B_INVOICE,SBIN,4215.32,78.2,2,COMMERCIAL_DISPUTE
STOLEN_CARD,"chori ka card report hua, block hai",CARD_MANDATE,SBIN,11865.45,78.2,0,HARD_PERMANENT
BANK_DEBIT_FAILED_TECHNICAL,Issuer node degradation during 02:00 AM auto-debit window,UPI_AUTOPAY,UTIB,39251.12,96.5,3,TRANSIENT_TECHNICAL
INVALID_VPA_PERMANENT,"galat UPI ID, ye VPA exist nahi karti",UPI_AUTOPAY,UTIB,12874.35,96.5,0,HARD_PERMANENT
INVALID_VPA_PERMANENT,"galat UPI ID, ye VPA exist nahi karti",UPI_AUTOPAY,UTIB,40191.59,96.5,0,HARD_PERMANENT
PURCHASE_ORDER_MISMATCH,"PO amount mismatch, reconciliation on hold",B2B_INVOICE,KKBK,38415.76,97.8,2,COMMERCIAL_DISPUTE
PAYMENT_METHOD_UNAVAILABLE,selected UPI method unavailable at checkout,MAGIC_CHECKOUT,SBIN,6857.36,78.2,0,BEHAVIORAL_DROPOFF
FRAUD_DETECTED,High-risk score flagged by issuer fraud detection switch,CARD_MANDATE,UTIB,11857.29,96.5,2,HARD_PERMANENT
PAYMENT_METHOD_UNAVAILABLE,payment option show nahi ho raha tha,MAGIC_CHECKOUT,HDFC,44785.03,99.4,1,BEHAVIORAL_DROPOFF
BANK_DEBIT_FAILED_TECHNICAL,debit attempt failed due to issuer switch congestion,UPI_AUTOPAY,ICIC,44499.06,98.9,1,TRANSIENT_TECHNICAL
PURCHASE_ORDER_MISMATCH,purchase order aur invoice me antar hai,B2B_INVOICE,UTIB,5238.7,96.5,2,COMMERCIAL_DISPUTE
CHECKOUT_DROPPED_OFF,Customer abandoned session at shipping/payment step,MAGIC_CHECKOUT,ICIC,4391.38,98.9,3,BEHAVIORAL_DROPOFF
INVOICE_APPROVAL_PENDING,Invoice stuck in enterprise procurement approval workflow,B2B_INVOICE,SBIN,33796.91,78.2,3,COMMERCIAL_DISPUTE
INVALID_VPA_PERMANENT,"VPA does not exist, invalid payee address",UPI_AUTOPAY,KKBK,44910.6,97.8,0,HARD_PERMANENT
STOLEN_CARD,stolen card hotlisted by issuer,CARD_MANDATE,UTIB,41434.43,96.5,0,HARD_PERMANENT
PURCHASE_ORDER_MISMATCH,"PO amount mismatch, reconciliation on hold",B2B_INVOICE,ICIC,1362.13,98.9,2,COMMERCIAL_DISPUTE
CART_ABANDONED_SHIPPING_FRICTION,shipping fee dekh kar customer ne cart chhod diya,MAGIC_CHECKOUT,ICIC,26646.76,98.9,0,BEHAVIORAL_DROPOFF
INVOICE_OVERDUE_30_DAYS,Net-30 invoice crossed due date without payment reconciliation,B2B_INVOICE,HDFC,3830.71,99.4,3,COMMERCIAL_DISPUTE
PURCHASE_ORDER_MISMATCH,purchase order aur invoice me antar hai,B2B_INVOICE,ICIC,26819.95,98.9,0,COMMERCIAL_DISPUTE
INVOICE_OVERDUE_30_DAYS,Net-30 invoice crossed due date without payment reconciliation,B2B_INVOICE,KKBK,42800.09,97.8,0,COMMERCIAL_DISPUTE
UPI_DAILY_LIMIT_EXCEEDED,"Customer reached daily UPI transaction limit of Rs.1,00,000",UPI_AUTOPAY,SBIN,38874.76,78.2,3,SOFT_FINANCIAL
INVOICE_APPROVAL_PENDING,procurement team se approval pending hai,B2B_INVOICE,HDFC,33521.98,99.4,1,COMMERCIAL_DISPUTE
NPCI_TIMEOUT,UPI switch response timed out after 30 seconds,UPI_AUTOPAY,UTIB,11630.6,96.5,0,TRANSIENT_TECHNICAL
NPCI_TIMEOUT,UPI switch response timed out after 30 seconds,UPI_AUTOPAY,HDFC,38384.95,99.4,0,TRANSIENT_TECHNICAL
NPCI_TIMEOUT,Card network switch response timed out,UPI_AUTOPAY,ICIC,29192.77,98.9,2,TRANSIENT_TECHNICAL
CHECKOUT_DROPPED_OFF,Customer abandoned session at shipping/payment step,MAGIC_CHECKOUT,ICIC,22189.35,98.9,1,BEHAVIORAL_DROPOFF
INVOICE_APPROVAL_PENDING,Invoice stuck in enterprise procurement approval workflow,B2B_INVOICE,ICIC,30014.97,98.9,3,COMMERCIAL_DISPUTE
MANDATE_AMOUNT_EXCEEDS_CAP,"mandate amount exceeds NPCI cap of Rs.1,00,000",UPI_AUTOPAY,UTIB,20155.27,96.5,1,SOFT_FINANCIAL
PURCHASE_ORDER_MISMATCH,purchase order aur invoice me antar hai,B2B_INVOICE,KKBK,27094.87,97.8,0,COMMERCIAL_DISPUTE
OTP_TIMEOUT,"customer ne OTP time par enter nahi kiya, session expire",MAGIC_CHECKOUT,KKBK,8547.93,97.8,2,TRANSIENT_TECHNICAL
OTP_TIMEOUT,OTP verification timed out during checkout,MAGIC_CHECKOUT,HDFC,23197.21,99.4,1,TRANSIENT_TECHNICAL
INSUFFICIENT_FUNDS,Salary credit not yet posted; balance too low for auto-debit,UPI_AUTOPAY,UTIB,23821.61,96.5,2,SOFT_FINANCIAL
STOLEN_CARD,stolen card hotlisted by issuer,CARD_MANDATE,ICIC,21175.69,98.9,0,HARD_PERMANENT
PURCHASE_ORDER_MISMATCH,purchase order aur invoice me antar hai,B2B_INVOICE,SBIN,44291.53,78.2,2,COMMERCIAL_DISPUTE
INVOICE_APPROVAL_PENDING,Invoice stuck in enterprise procurement approval workflow,B2B_INVOICE,KKBK,19361.81,97.8,1,COMMERCIAL_DISPUTE
BANK_DEBIT_FAILED_TECHNICAL,Downstream bank gateway timeout during debit attempt,UPI_AUTOPAY,HDFC,23200.48,99.4,1,TRANSIENT_TECHNICAL
OTP_TIMEOUT,"customer ne OTP time par enter nahi kiya, session expire",MAGIC_CHECKOUT,HDFC,21016.08,99.4,2,TRANSIENT_TECHNICAL
UPI_DAILY_LIMIT_EXCEEDED,"UPI daily cap khatam, kal retry karo",UPI_AUTOPAY,ICIC,11616.99,98.9,0,SOFT_FINANCIAL
STOLEN_CARD,stolen card hotlisted by issuer,CARD_MANDATE,HDFC,33374.86,99.4,1,HARD_PERMANENT
FRAUD_DETECTED,High-risk score flagged by issuer fraud detection switch,CARD_MANDATE,UTIB,2226.64,96.5,1,HARD_PERMANENT
INVOICE_APPROVAL_PENDING,procurement team se approval pending hai,B2B_INVOICE,KKBK,32639.17,97.8,3,COMMERCIAL_DISPUTE
PAYMENT_METHOD_UNAVAILABLE,payment option show nahi ho raha tha,MAGIC_CHECKOUT,ICIC,43509.01,98.9,3,BEHAVIORAL_DROPOFF
FRAUD_DETECTED,High-risk score flagged by issuer fraud detection switch,CARD_MANDATE,SBIN,3703.36,78.2,1,HARD_PERMANENT
INVALID_VPA_PERMANENT,"VPA does not exist, invalid payee address",UPI_AUTOPAY,UTIB,24139.58,96.5,0,HARD_PERMANENT
NPCI_TIMEOUT,UPI switch response timed out after 30 seconds,UPI_AUTOPAY,HDFC,7892.92,99.4,1,TRANSIENT_TECHNICAL
PAYMENT_METHOD_UNAVAILABLE,payment option show nahi ho raha tha,MAGIC_CHECKOUT,KKBK,32720.56,97.8,0,BEHAVIORAL_DROPOFF
MANDATE_AMOUNT_EXCEEDS_CAP,"autopay cap se zyada amount, bank ne decline kiya",UPI_AUTOPAY,ICIC,4125.14,98.9,0,SOFT_FINANCIAL
ACCOUNT_CLOSED,"customer account closed, debit returned",UPI_AUTOPAY,HDFC,36755.19,99.4,2,HARD_PERMANENT
GATEWAY_ERROR,504 Gateway Timeout from NPCI switch,UPI_AUTOPAY,SBIN,21753.53,78.2,0,TRANSIENT_TECHNICAL
INSUFFICIENT_FUNDS,Mandate debit declined due to low card account balance,UPI_AUTOPAY,KKBK,8752.16,97.8,0,SOFT_FINANCIAL
PAYMENT_METHOD_UNAVAILABLE,selected UPI method unavailable at checkout,MAGIC_CHECKOUT,UTIB,19099.61,96.5,0,BEHAVIORAL_DROPOFF
FRAUD_DETECTED,High-risk score flagged by issuer fraud detection switch,CARD_MANDATE,UTIB,43381.2,96.5,1,HARD_PERMANENT
ACCOUNT_CLOSED,"account band ho gaya hai, retry bekar hai",UPI_AUTOPAY,KKBK,11069.05,97.8,0,HARD_PERMANENT
UPI_DAILY_LIMIT_EXCEEDED,"UPI daily cap khatam, kal retry karo",UPI_AUTOPAY,HDFC,15155.82,99.4,0,SOFT_FINANCIAL
OTP_TIMEOUT,"customer ne OTP time par enter nahi kiya, session expire",MAGIC_CHECKOUT,UTIB,33220.85,96.5,1,TRANSIENT_TECHNICAL
TOKENIZATION_TIMEOUT,"tokenization service slow, mandate auth timed out",CARD_MANDATE,HDFC,22039.33,99.4,1,TRANSIENT_TECHNICAL
STOLEN_CARD,"chori ka card report hua, block hai",CARD_MANDATE,SBIN,32199.92,78.2,1,HARD_PERMANENT
ACCOUNT_CLOSED,"account band ho gaya hai, retry bekar hai",UPI_AUTOPAY,KKBK,14349.4,97.8,0,HARD_PERMANENT
INVALID_VPA_PERMANENT,"galat UPI ID, ye VPA exist nahi karti",UPI_AUTOPAY,UTIB,5438.06,96.5,1,HARD_PERMANENT
MANDATE_AMOUNT_EXCEEDS_CAP,"autopay cap se zyada amount, bank ne decline kiya",UPI_AUTOPAY,UTIB,1131.17,96.5,0,SOFT_FINANCIAL
GATEWAY_ERROR,"payment gateway ne response nahi diya, timeout ho gaya",UPI_AUTOPAY,ICIC,19826.8,98.9,1,TRANSIENT_TECHNICAL
INSUFFICIENT_FUNDS,"account me paise nahi hai, balance insufficient",UPI_AUTOPAY,KKBK,38434.58,97.8,2,SOFT_FINANCIAL
PAYMENT_METHOD_UNAVAILABLE,selected UPI method unavailable at checkout,MAGIC_CHECKOUT,ICIC,32589.9,98.9,1,BEHAVIORAL_DROPOFF
OTP_TIMEOUT,"customer ne OTP time par enter nahi kiya, session expire",MAGIC_CHECKOUT,UTIB,36028.83,96.5,3,TRANSIENT_TECHNICAL
FRAUD_DETECTED,High-risk score flagged by issuer fraud detection switch,CARD_MANDATE,ICIC,31142.94,98.9,0,HARD_PERMANENT
PURCHASE_ORDER_MISMATCH,"PO amount mismatch, reconciliation on hold",B2B_INVOICE,SBIN,9136.09,78.2,1,COMMERCIAL_DISPUTE
PURCHASE_ORDER_MISMATCH,"PO amount mismatch, reconciliation on hold",B2B_INVOICE,UTIB,42448.79,96.5,1,COMMERCIAL_DISPUTE
INVOICE_APPROVAL_PENDING,Invoice stuck in enterprise procurement approval workflow,B2B_INVOICE,SBIN,25145.56,78.2,0,COMMERCIAL_DISPUTE
MANDATE_AMOUNT_EXCEEDS_CAP,"autopay cap se zyada amount, bank ne decline kiya",UPI_AUTOPAY,ICIC,30526.04,98.9,0,SOFT_FINANCIAL
STOLEN_CARD,stolen card hotlisted by issuer,CARD_MANDATE,HDFC,15329.85,99.4,0,HARD_PERMANENT
INSUFFICIENT_FUNDS,Declined by customer bank due to low balance,UPI_AUTOPAY,KKBK,10238.71,97.8,0,SOFT_FINANCIAL
INVOICE_OVERDUE_30_DAYS,"30 din se payment pending, accounts se approval nahi aaya",B2B_INVOICE,HDFC,34700.02,99.4,1,COMMERCIAL_DISPUTE
INVALID_VPA_PERMANENT,"VPA does not exist, invalid payee address",UPI_AUTOPAY,KKBK,27271.77,97.8,0,HARD_PERMANENT
BANK_DEBIT_FAILED_TECHNICAL,debit attempt failed due to issuer switch congestion,UPI_AUTOPAY,UTIB,43326.55,96.5,3,TRANSIENT_TECHNICAL
CART_ABANDONED_SHIPPING_FRICTION,User exited after shipping charge calculated,MAGIC_CHECKOUT,KKBK,27512.19,97.8,3,BEHAVIORAL_DROPOFF
CART_ABANDONED_SHIPPING_FRICTION,User exited after shipping charge calculated,MAGIC_CHECKOUT,KKBK,4921.52,97.8,2,BEHAVIORAL_DROPOFF
CART_ABANDONED_SHIPPING_FRICTION,User exited after shipping charge calculated,MAGIC_CHECKOUT,ICIC,7234.22,98.9,0,BEHAVIORAL_DROPOFF
PAYMENT_METHOD_UNAVAILABLE,payment option show nahi ho raha tha,MAGIC_CHECKOUT,HDFC,7111.6,99.4,0,BEHAVIORAL_DROPOFF
INVOICE_OVERDUE_30_DAYS,Net-30 invoice crossed due date without payment reconciliation,B2B_INVOICE,HDFC,38216.91,99.4,1,COMMERCIAL_DISPUTE
OTP_TIMEOUT,OTP verification timed out during checkout,MAGIC_CHECKOUT,SBIN,37599.47,78.2,1,TRANSIENT_TECHNICAL
INVOICE_OVERDUE_30_DAYS,"30 din se payment pending, accounts se approval nahi aaya",B2B_INVOICE,KKBK,7871.7,97.8,0,COMMERCIAL_DISPUTE
MANDATE_AMOUNT_EXCEEDS_CAP,"autopay cap se zyada amount, bank ne decline kiya",UPI_AUTOPAY,ICIC,28398.56,98.9,0,SOFT_FINANCIAL
CHECKOUT_DROPPED_OFF,OTP verification timed out during checkout,MAGIC_CHECKOUT,UTIB,35467.05,96.5,0,BEHAVIORAL_DROPOFF
OTP_TIMEOUT,"customer ne OTP time par enter nahi kiya, session expire",MAGIC_CHECKOUT,UTIB,40433.22,96.5,3,TRANSIENT_TECHNICAL
STOLEN_CARD,"chori ka card report hua, block hai",CARD_MANDATE,HDFC,20026.97,99.4,3,HARD_PERMANENT
ACCOUNT_CLOSED,"customer account closed, debit returned",UPI_AUTOPAY,HDFC,15355.34,99.4,1,HARD_PERMANENT
FRAUD_DETECTED,"suspicious activity, fraud check fail",CARD_MANDATE,HDFC,17817.72,99.4,0,HARD_PERMANENT
CHECKOUT_DROPPED_OFF,OTP verification timed out during checkout,MAGIC_CHECKOUT,HDFC,44002.42,99.4,2,BEHAVIORAL_DROPOFF
STOLEN_CARD,"chori ka card report hua, block hai",CARD_MANDATE,UTIB,18209.13,96.5,2,HARD_PERMANENT
TOKENIZATION_TIMEOUT,"tokenization service slow, mandate auth timed out",CARD_MANDATE,ICIC,40933.45,98.9,0,TRANSIENT_TECHNICAL
INVALID_VPA_PERMANENT,"VPA does not exist, invalid payee address",UPI_AUTOPAY,UTIB,20188.72,96.5,0,HARD_PERMANENT
TOKENIZATION_TIMEOUT,"tokenization service slow, mandate auth timed out",CARD_MANDATE,ICIC,39967.72,98.9,3,TRANSIENT_TECHNICAL
NPCI_TIMEOUT,UPI switch response timed out after 30 seconds,UPI_AUTOPAY,ICIC,3974.87,98.9,1,TRANSIENT_TECHNICAL
INVOICE_OVERDUE_30_DAYS,"30 din se payment pending, accounts se approval nahi aaya",B2B_INVOICE,SBIN,23516.56,78.2,1,COMMERCIAL_DISPUTE
INVOICE_APPROVAL_PENDING,Invoice stuck in enterprise procurement approval workflow,B2B_INVOICE,HDFC,23122.4,99.4,0,COMMERCIAL_DISPUTE
STOLEN_CARD,"chori ka card report hua, block hai",CARD_MANDATE,SBIN,1248.32,78.2,3,HARD_PERMANENT
TOKENIZATION_TIMEOUT,"tokenization service slow, mandate auth timed out",CARD_MANDATE,SBIN,37483.69,78.2,0,TRANSIENT_TECHNICAL
OTP_TIMEOUT,OTP verification timed out during checkout,MAGIC_CHECKOUT,HDFC,37902.78,99.4,0,TRANSIENT_TECHNICAL
STOLEN_CARD,"chori ka card report hua, block hai",CARD_MANDATE,HDFC,2337.48,99.4,2,HARD_PERMANENT
CART_ABANDONED_SHIPPING_FRICTION,shipping fee dekh kar customer ne cart chhod diya,MAGIC_CHECKOUT,ICIC,25844.67,98.9,0,BEHAVIORAL_DROPOFF
PAYMENT_METHOD_UNAVAILABLE,payment option show nahi ho raha tha,MAGIC_CHECKOUT,SBIN,36281.17,78.2,1,BEHAVIORAL_DROPOFF
UPI_DAILY_LIMIT_EXCEEDED,"limit exceed, transaction declined by bank",UPI_AUTOPAY,KKBK,38033.26,97.8,0,SOFT_FINANCIAL
MANDATE_AMOUNT_EXCEEDS_CAP,"autopay cap se zyada amount, bank ne decline kiya",UPI_AUTOPAY,ICIC,30077.79,98.9,3,SOFT_FINANCIAL
UPI_DAILY_LIMIT_EXCEEDED,"limit exceed, transaction declined by bank",UPI_AUTOPAY,SBIN,32202.64,78.2,1,SOFT_FINANCIAL
INSUFFICIENT_FUNDS,Declined by customer bank due to low balance,UPI_AUTOPAY,ICIC,23336.56,98.9,0,SOFT_FINANCIAL
MANDATE_AMOUNT_EXCEEDS_CAP,"autopay cap se zyada amount, bank ne decline kiya",UPI_AUTOPAY,HDFC,6764.73,99.4,1,SOFT_FINANCIAL
OTP_TIMEOUT,OTP verification timed out during checkout,MAGIC_CHECKOUT,HDFC,2985.34,99.4,0,TRANSIENT_TECHNICAL
PURCHASE_ORDER_MISMATCH,"PO amount mismatch, reconciliation on hold",B2B_INVOICE,UTIB,3696.73,96.5,2,COMMERCIAL_DISPUTE
STOLEN_CARD,"chori ka card report hua, block hai",CARD_MANDATE,KKBK,25241.35,97.8,3,HARD_PERMANENT
NPCI_TIMEOUT,Card network switch response timed out,UPI_AUTOPAY,KKBK,22546.96,97.8,1,TRANSIENT_TECHNICAL
PAYMENT_METHOD_UNAVAILABLE,payment option show nahi ho raha tha,MAGIC_CHECKOUT,UTIB,37106.59,96.5,0,BEHAVIORAL_DROPOFF
STOLEN_CARD,stolen card hotlisted by issuer,CARD_MANDATE,UTIB,32059.26,96.5,0,HARD_PERMANENT
STOLEN_CARD,stolen card hotlisted by issuer,CARD_MANDATE,SBIN,20602.83,78.2,0,HARD_PERMANENT
FRAUD_DETECTED,"suspicious activity, fraud check fail",CARD_MANDATE,HDFC,27151.29,99.4,1,HARD_PERMANENT
CART_ABANDONED_SHIPPING_FRICTION,User exited after shipping charge calculated,MAGIC_CHECKOUT,ICIC,25814.63,98.9,0,BEHAVIORAL_DROPOFF
STOLEN_CARD,stolen card hotlisted by issuer,CARD_MANDATE,HDFC,16841.11,99.4,0,HARD_PERMANENT
INVOICE_APPROVAL_PENDING,procurement team se approval pending hai,B2B_INVOICE,UTIB,1452.43,96.5,0,COMMERCIAL_DISPUTE
CHECKOUT_DROPPED_OFF,OTP verification timed out during checkout,MAGIC_CHECKOUT,UTIB,2378.62,96.5,0,BEHAVIORAL_DROPOFF
INVOICE_APPROVAL_PENDING,Invoice stuck in enterprise procurement approval workflow,B2B_INVOICE,SBIN,36896.62,78.2,1,COMMERCIAL_DISPUTE
ACCOUNT_CLOSED,"customer account closed, debit returned",UPI_AUTOPAY,KKBK,15818.82,97.8,3,HARD_PERMANENT
BANK_DEBIT_FAILED_TECHNICAL,debit attempt failed due to issuer switch congestion,UPI_AUTOPAY,UTIB,25872.62,96.5,1,TRANSIENT_TECHNICAL
PAYMENT_METHOD_UNAVAILABLE,payment option show nahi ho raha tha,MAGIC_CHECKOUT,UTIB,21489.67,96.5,2,BEHAVIORAL_DROPOFF
CHECKOUT_DROPPED_OFF,Customer abandoned session at shipping/payment step,MAGIC_CHECKOUT,KKBK,28713.06,97.8,3,BEHAVIORAL_DROPOFF
PAYMENT_METHOD_UNAVAILABLE,payment option show nahi ho raha tha,MAGIC_CHECKOUT,SBIN,39012.15,78.2,0,BEHAVIORAL_DROPOFF
CARD_EXPIRED,"card expiry ho gayi, naya card link karo",CARD_MANDATE,UTIB,10629.67,96.5,1,HARD_PERMANENT
INVOICE_OVERDUE_30_DAYS,Net-30 invoice crossed due date without payment reconciliation,B2B_INVOICE,UTIB,33168.63,96.5,2,COMMERCIAL_DISPUTE
CARD_EXPIRED,Mandate card token expired; bank declined authorization,CARD_MANDATE,HDFC,25824.94,99.4,3,HARD_PERMANENT
INVOICE_APPROVAL_PENDING,Invoice stuck in enterprise procurement approval workflow,B2B_INVOICE,KKBK,4013.9,97.8,1,COMMERCIAL_DISPUTE
TOKENIZATION_TIMEOUT,card token vault timeout during authorization,CARD_MANDATE,KKBK,23574.09,97.8,3,TRANSIENT_TECHNICAL
PURCHASE_ORDER_MISMATCH,"PO amount mismatch, reconciliation on hold",B2B_INVOICE,HDFC,29689.46,99.4,1,COMMERCIAL_DISPUTE
FRAUD_DETECTED,High-risk score flagged by issuer fraud detection switch,CARD_MANDATE,ICIC,35446.5,98.9,0,HARD_PERMANENT
UPI_DAILY_LIMIT_EXCEEDED,"UPI daily cap khatam, kal retry karo",UPI_AUTOPAY,HDFC,36349.87,99.4,1,SOFT_FINANCIAL
INVOICE_OVERDUE_30_DAYS,"30 din se payment pending, accounts se approval nahi aaya",B2B_INVOICE,KKBK,2214.31,97.8,3,COMMERCIAL_DISPUTE
ACCOUNT_CLOSED,"account band ho gaya hai, retry bekar hai",UPI_AUTOPAY,UTIB,8285.94,96.5,0,HARD_PERMANENT
STOLEN_CARD,"chori ka card report hua, block hai",CARD_MANDATE,UTIB,11720.82,96.5,0,HARD_PERMANENT
CART_ABANDONED_SHIPPING_FRICTION,User exited after shipping charge calculated,MAGIC_CHECKOUT,ICIC,6651.88,98.9,0,BEHAVIORAL_DROPOFF
CARD_EXPIRED,Mandate card token expired; bank declined authorization,CARD_MANDATE,ICIC,42856.93,98.9,2,HARD_PERMANENT
FRAUD_DETECTED,High-risk score flagged by issuer fraud detection switch,CARD_MANDATE,KKBK,43258.29,97.8,0,HARD_PERMANENT
ACCOUNT_CLOSED,"customer account closed, debit returned",UPI_AUTOPAY,ICIC,17668.69,98.9,0,HARD_PERMANENT
CHECKOUT_DROPPED_OFF,user ne checkout beech me chhod diya,MAGIC_CHECKOUT,ICIC,11754.71,98.9,3,BEHAVIORAL_DROPOFF
CART_ABANDONED_SHIPPING_FRICTION,User exited after shipping charge calculated,MAGIC_CHECKOUT,SBIN,10934.35,78.2,1,BEHAVIORAL_DROPOFF
UPI_DAILY_LIMIT_EXCEEDED,"Customer reached daily UPI transaction limit of Rs.1,00,000",UPI_AUTOPAY,UTIB,22985.74,96.5,1,SOFT_FINANCIAL
NPCI_TIMEOUT,UPI switch response timed out after 30 seconds,UPI_AUTOPAY,ICIC,2915.37,98.9,1,TRANSIENT_TECHNICAL
TOKENIZATION_TIMEOUT,"tokenization service slow, mandate auth timed out",CARD_MANDATE,HDFC,21890.37,99.4,1,TRANSIENT_TECHNICAL
INSUFFICIENT_FUNDS,Declined by customer bank due to low balance,UPI_AUTOPAY,ICIC,25022.13,98.9,1,SOFT_FINANCIAL
CART_ABANDONED_SHIPPING_FRICTION,User exited after shipping charge calculated,MAGIC_CHECKOUT,KKBK,29389.13,97.8,0,BEHAVIORAL_DROPOFF
INVOICE_APPROVAL_PENDING,procurement team se approval pending hai,B2B_INVOICE,UTIB,3958.18,96.5,2,COMMERCIAL_DISPUTE
STOLEN_CARD,stolen card hotlisted by issuer,CARD_MANDATE,SBIN,16923.45,78.2,0,HARD_PERMANENT
INSUFFICIENT_FUNDS,Mandate debit declined due to low card account balance,UPI_AUTOPAY,KKBK,20437.49,97.8,0,SOFT_FINANCIAL
PAYMENT_METHOD_UNAVAILABLE,payment option show nahi ho raha tha,MAGIC_CHECKOUT,SBIN,223.32,78.2,1,BEHAVIORAL_DROPOFF
INVALID_VPA_PERMANENT,"galat UPI ID, ye VPA exist nahi karti",UPI_AUTOPAY,UTIB,44966.03,96.5,3,HARD_PERMANENT
GATEWAY_ERROR,"downstream gateway error, retry after clearing window",UPI_AUTOPAY,HDFC,7430.61,99.4,1,TRANSIENT_TECHNICAL
UPI_DAILY_LIMIT_EXCEEDED,"Customer reached daily UPI transaction limit of Rs.1,00,000",UPI_AUTOPAY,ICIC,4218.33,98.9,2,SOFT_FINANCIAL
CART_ABANDONED_SHIPPING_FRICTION,User exited after shipping charge calculated,MAGIC_CHECKOUT,KKBK,44947.19,97.8,1,BEHAVIORAL_DROPOFF
GATEWAY_ERROR,"downstream gateway error, retry after clearing window",UPI_AUTOPAY,ICIC,28655.25,98.9,3,TRANSIENT_TECHNICAL
PAYMENT_METHOD_UNAVAILABLE,payment option show nahi ho raha tha,MAGIC_CHECKOUT,SBIN,29869.67,78.2,0,BEHAVIORAL_DROPOFF
INVOICE_OVERDUE_30_DAYS,Net-30 invoice crossed due date without payment reconciliation,B2B_INVOICE,UTIB,43162.83,96.5,0,COMMERCIAL_DISPUTE
ACCOUNT_CLOSED,"customer account closed, debit returned",UPI_AUTOPAY,HDFC,27473.26,99.4,0,HARD_PERMANENT
ACCOUNT_CLOSED,"customer account closed, debit returned",UPI_AUTOPAY,UTIB,25098.98,96.5,2,HARD_PERMANENT
PURCHASE_ORDER_MISMATCH,purchase order aur invoice me antar hai,B2B_INVOICE,KKBK,3834.55,97.8,2,COMMERCIAL_DISPUTE
CARD_EXPIRED,Mandate card token expired; bank declined authorization,CARD_MANDATE,UTIB,30316.29,96.5,0,HARD_PERMANENT
NPCI_TIMEOUT,"NPCI timeout, bank se confirmation nahi aaya",UPI_AUTOPAY,ICIC,17525.83,98.9,3,TRANSIENT_TECHNICAL
ACCOUNT_CLOSED,"customer account closed, debit returned",UPI_AUTOPAY,UTIB,16796.9,96.5,0,HARD_PERMANENT
PAYMENT_METHOD_UNAVAILABLE,selected UPI method unavailable at checkout,MAGIC_CHECKOUT,SBIN,33492.61,78.2,3,BEHAVIORAL_DROPOFF
INVALID_VPA_PERMANENT,"galat UPI ID, ye VPA exist nahi karti",UPI_AUTOPAY,SBIN,4229.59,78.2,1,HARD_PERMANENT
INVOICE_APPROVAL_PENDING,Invoice stuck in enterprise procurement approval workflow,B2B_INVOICE,SBIN,44109.32,78.2,0,COMMERCIAL_DISPUTE
BANK_DEBIT_FAILED_TECHNICAL,"bank server busy, auto-debit fail ho gaya technical issue se",UPI_AUTOPAY,UTIB,40721.84,96.5,2,TRANSIENT_TECHNICAL
GATEWAY_ERROR,504 Gateway Timeout from NPCI switch,UPI_AUTOPAY,SBIN,44294.99,78.2,2,TRANSIENT_TECHNICAL
NPCI_TIMEOUT,UPI switch response timed out after 30 seconds,UPI_AUTOPAY,ICIC,25695.35,98.9,1,TRANSIENT_TECHNICAL
FRAUD_DETECTED,High-risk score flagged by issuer fraud detection switch,CARD_MANDATE,KKBK,30313.14,97.8,1,HARD_PERMANENT
UPI_DAILY_LIMIT_EXCEEDED,"Customer reached daily UPI transaction limit of Rs.1,00,000",UPI_AUTOPAY,HDFC,26549.36,99.4,2,SOFT_FINANCIAL
CARD_EXPIRED,Mandate card token expired; bank declined authorization,CARD_MANDATE,ICIC,42023.57,98.9,3,HARD_PERMANENT
INSUFFICIENT_FUNDS,"account me paise nahi hai, balance insufficient",UPI_AUTOPAY,SBIN,38175.34,78.2,0,SOFT_FINANCIAL
TOKENIZATION_TIMEOUT,"tokenization service slow, mandate auth timed out",CARD_MANDATE,KKBK,39762.85,97.8,0,TRANSIENT_TECHNICAL
OTP_TIMEOUT,OTP verification timed out during checkout,MAGIC_CHECKOUT,ICIC,19577.59,98.9,1,TRANSIENT_TECHNICAL
INVALID_VPA_PERMANENT,"VPA does not exist, invalid payee address",UPI_AUTOPAY,KKBK,21102.55,97.8,0,HARD_PERMANENT
STOLEN_CARD,stolen card hotlisted by issuer,CARD_MANDATE,SBIN,2303.06,78.2,1,HARD_PERMANENT
TOKENIZATION_TIMEOUT,"tokenization service slow, mandate auth timed out",CARD_MANDATE,ICIC,430.14,98.9,0,TRANSIENT_TECHNICAL
INVOICE_OVERDUE_30_DAYS,Net-30 invoice crossed due date without payment reconciliation,B2B_INVOICE,KKBK,36383.55,97.8,2,COMMERCIAL_DISPUTE
INSUFFICIENT_FUNDS,Mandate debit declined due to low card account balance,UPI_AUTOPAY,HDFC,41281.3,99.4,0,SOFT_FINANCIAL
FRAUD_DETECTED,"suspicious activity, fraud check fail",CARD_MANDATE,ICIC,3014.48,98.9,2,HARD_PERMANENT
CART_ABANDONED_SHIPPING_FRICTION,User exited after shipping charge calculated,MAGIC_CHECKOUT,UTIB,19550.74,96.5,0,BEHAVIORAL_DROPOFF
UPI_DAILY_LIMIT_EXCEEDED,"limit exceed, transaction declined by bank",UPI_AUTOPAY,ICIC,37854.58,98.9,0,SOFT_FINANCIAL
CART_ABANDONED_SHIPPING_FRICTION,shipping fee dekh kar customer ne cart chhod diya,MAGIC_CHECKOUT,SBIN,43154.32,78.2,3,BEHAVIORAL_DROPOFF
BANK_DEBIT_FAILED_TECHNICAL,"bank server busy, auto-debit fail ho gaya technical issue se",UPI_AUTOPAY,KKBK,35775.97,97.8,0,TRANSIENT_TECHNICAL
PAYMENT_METHOD_UNAVAILABLE,selected UPI method unavailable at checkout,MAGIC_CHECKOUT,UTIB,26135.84,96.5,0,BEHAVIORAL_DROPOFF
BANK_DEBIT_FAILED_TECHNICAL,Downstream bank gateway timeout during debit attempt,UPI_AUTOPAY,UTIB,14234.23,96.5,3,TRANSIENT_TECHNICAL
CARD_EXPIRED,Mandate card token expired; bank declined authorization,CARD_MANDATE,HDFC,41376.31,99.4,1,HARD_PERMANENT
BANK_DEBIT_FAILED_TECHNICAL,"bank server busy, auto-debit fail ho gaya technical issue se",UPI_AUTOPAY,KKBK,28252.72,97.8,0,TRANSIENT_TECHNICAL
CART_ABANDONED_SHIPPING_FRICTION,User exited after shipping charge calculated,MAGIC_CHECKOUT,KKBK,2537.75,97.8,3,BEHAVIORAL_DROPOFF
NPCI_TIMEOUT,Card network switch response timed out,UPI_AUTOPAY,HDFC,27854.75,99.4,1,TRANSIENT_TECHNICAL
INSUFFICIENT_FUNDS,Declined by customer bank due to low balance,UPI_AUTOPAY,UTIB,17399.0,96.5,3,SOFT_FINANCIAL
OTP_TIMEOUT,OTP verification timed out during checkout,MAGIC_CHECKOUT,ICIC,29360.93,98.9,2,TRANSIENT_TECHNICAL
ACCOUNT_CLOSED,"account band ho gaya hai, retry bekar hai",UPI_AUTOPAY,KKBK,14902.4,97.8,0,HARD_PERMANENT
CART_ABANDONED_SHIPPING_FRICTION,User exited after shipping charge calculated,MAGIC_CHECKOUT,HDFC,26863.44,99.4,0,BEHAVIORAL_DROPOFF
UPI_DAILY_LIMIT_EXCEEDED,"Customer reached daily UPI transaction limit of Rs.1,00,000",UPI_AUTOPAY,KKBK,5843.1,97.8,1,SOFT_FINANCIAL
INVALID_VPA_PERMANENT,"galat UPI ID, ye VPA exist nahi karti",UPI_AUTOPAY,UTIB,21766.17,96.5,1,HARD_PERMANENT
PAYMENT_METHOD_UNAVAILABLE,selected UPI method unavailable at checkout,MAGIC_CHECKOUT,SBIN,6366.87,78.2,0,BEHAVIORAL_DROPOFF
BANK_DEBIT_FAILED_TECHNICAL,Issuer node degradation during 02:00 AM auto-debit window,UPI_AUTOPAY,ICIC,26386.18,98.9,1,TRANSIENT_TECHNICAL
MANDATE_AMOUNT_EXCEEDS_CAP,"autopay cap se zyada amount, bank ne decline kiya",UPI_AUTOPAY,KKBK,39857.83,97.8,3,SOFT_FINANCIAL
CHECKOUT_DROPPED_OFF,Customer abandoned session at shipping/payment step,MAGIC_CHECKOUT,UTIB,14027.92,96.5,0,BEHAVIORAL_DROPOFF
INVOICE_APPROVAL_PENDING,procurement team se approval pending hai,B2B_INVOICE,HDFC,23391.61,99.4,2,COMMERCIAL_DISPUTE
CHECKOUT_DROPPED_OFF,Customer abandoned session at shipping/payment step,MAGIC_CHECKOUT,SBIN,22917.94,78.2,3,BEHAVIORAL_DROPOFF
TOKENIZATION_TIMEOUT,card token vault timeout during authorization,CARD_MANDATE,UTIB,15602.31,96.5,0,TRANSIENT_TECHNICAL
GATEWAY_ERROR,504 Gateway Timeout from NPCI switch,UPI_AUTOPAY,ICIC,8682.32,98.9,1,TRANSIENT_TECHNICAL
PAYMENT_METHOD_UNAVAILABLE,payment option show nahi ho raha tha,MAGIC_CHECKOUT,KKBK,25560.71,97.8,0,BEHAVIORAL_DROPOFF
INVOICE_APPROVAL_PENDING,procurement team se approval pending hai,B2B_INVOICE,ICIC,7469.31,98.9,1,COMMERCIAL_DISPUTE
BANK_DEBIT_FAILED_TECHNICAL,debit attempt failed due to issuer switch congestion,UPI_AUTOPAY,SBIN,41413.84,78.2,2,TRANSIENT_TECHNICAL
INSUFFICIENT_FUNDS,Salary credit not yet posted; balance too low for auto-debit,UPI_AUTOPAY,UTIB,28151.24,96.5,0,SOFT_FINANCIAL
PURCHASE_ORDER_MISMATCH,purchase order aur invoice me antar hai,B2B_INVOICE,UTIB,9397.38,96.5,0,COMMERCIAL_DISPUTE
ACCOUNT_CLOSED,"account band ho gaya hai, retry bekar hai",UPI_AUTOPAY,HDFC,3502.23,99.4,0,HARD_PERMANENT
TOKENIZATION_TIMEOUT,card token vault timeout during authorization,CARD_MANDATE,SBIN,13217.11,78.2,0,TRANSIENT_TECHNICAL
UPI_DAILY_LIMIT_EXCEEDED,"UPI daily cap khatam, kal retry karo",UPI_AUTOPAY,HDFC,43893.83,99.4,0,SOFT_FINANCIAL
GATEWAY_ERROR,"downstream gateway error, retry after clearing window",UPI_AUTOPAY,SBIN,10007.96,78.2,0,TRANSIENT_TECHNICAL
FRAUD_DETECTED,"suspicious activity, fraud check fail",CARD_MANDATE,KKBK,11218.44,97.8,0,HARD_PERMANENT
ACCOUNT_CLOSED,"customer account closed, debit returned",UPI_AUTOPAY,ICIC,40996.98,98.9,0,HARD_PERMANENT
CHECKOUT_DROPPED_OFF,user ne checkout beech me chhod diya,MAGIC_CHECKOUT,HDFC,15358.91,99.4,0,BEHAVIORAL_DROPOFF
INVOICE_APPROVAL_PENDING,procurement team se approval pending hai,B2B_INVOICE,SBIN,16759.27,78.2,0,COMMERCIAL_DISPUTE
FRAUD_DETECTED,"suspicious activity, fraud check fail",CARD_MANDATE,HDFC,5507.62,99.4,0,HARD_PERMANENT
GATEWAY_ERROR,issuer node degraded during mandate authorization,UPI_AUTOPAY,KKBK,17142.54,97.8,0,TRANSIENT_TECHNICAL
INVOICE_OVERDUE_30_DAYS,"30 din se payment pending, accounts se approval nahi aaya",B2B_INVOICE,SBIN,41461.33,78.2,3,COMMERCIAL_DISPUTE
UPI_DAILY_LIMIT_EXCEEDED,"Customer reached daily UPI transaction limit of Rs.1,00,000",UPI_AUTOPAY,KKBK,13378.68,97.8,0,SOFT_FINANCIAL
INVOICE_OVERDUE_30_DAYS,Net-30 invoice crossed due date without payment reconciliation,B2B_INVOICE,HDFC,28399.4,99.4,0,COMMERCIAL_DISPUTE
CHECKOUT_DROPPED_OFF,OTP verification timed out during checkout,MAGIC_CHECKOUT,KKBK,39885.26,97.8,0,BEHAVIORAL_DROPOFF
CARD_EXPIRED,"card expiry ho gayi, naya card link karo",CARD_MANDATE,KKBK,3105.38,97.8,1,HARD_PERMANENT
NPCI_TIMEOUT,"NPCI timeout, bank se confirmation nahi aaya",UPI_AUTOPAY,KKBK,16966.5,97.8,1,TRANSIENT_TECHNICAL
PAYMENT_METHOD_UNAVAILABLE,selected UPI method unavailable at checkout,MAGIC_CHECKOUT,ICIC,32119.12,98.9,1,BEHAVIORAL_DROPOFF
PURCHASE_ORDER_MISMATCH,purchase order aur invoice me antar hai,B2B_INVOICE,UTIB,12220.7,96.5,1,COMMERCIAL_DISPUTE
UPI_DAILY_LIMIT_EXCEEDED,"limit exceed, transaction declined by bank",UPI_AUTOPAY,HDFC,9481.75,99.4,0,SOFT_FINANCIAL
PAYMENT_METHOD_UNAVAILABLE,selected UPI method unavailable at checkout,MAGIC_CHECKOUT,UTIB,9992.22,96.5,1,BEHAVIORAL_DROPOFF
NPCI_TIMEOUT,"NPCI timeout, bank se confirmation nahi aaya",UPI_AUTOPAY,SBIN,42110.29,78.2,0,TRANSIENT_TECHNICAL
INVALID_VPA_PERMANENT,"VPA does not exist, invalid payee address",UPI_AUTOPAY,SBIN,33872.45,78.2,0,HARD_PERMANENT
PAYMENT_METHOD_UNAVAILABLE,payment option show nahi ho raha tha,MAGIC_CHECKOUT,SBIN,26361.09,78.2,1,BEHAVIORAL_DROPOFF
STOLEN_CARD,"chori ka card report hua, block hai",CARD_MANDATE,UTIB,20411.03,96.5,1,HARD_PERMANENT
OTP_TIMEOUT,"customer ne OTP time par enter nahi kiya, session expire",MAGIC_CHECKOUT,UTIB,14401.83,96.5,1,TRANSIENT_TECHNICAL
ACCOUNT_CLOSED,"customer account closed, debit returned",UPI_AUTOPAY,UTIB,10673.04,96.5,2,HARD_PERMANENT
CARD_EXPIRED,"card expiry ho gayi, naya card link karo",CARD_MANDATE,HDFC,13393.69,99.4,1,HARD_PERMANENT
STOLEN_CARD,stolen card hotlisted by issuer,CARD_MANDATE,ICIC,41711.87,98.9,0,HARD_PERMANENT
CART_ABANDONED_SHIPPING_FRICTION,User exited after shipping charge calculated,MAGIC_CHECKOUT,ICIC,1914.04,98.9,0,BEHAVIORAL_DROPOFF
INVOICE_OVERDUE_30_DAYS,Net-30 invoice crossed due date without payment reconciliation,B2B_INVOICE,ICIC,11400.31,98.9,2,COMMERCIAL_DISPUTE
INVALID_VPA_PERMANENT,"VPA does not exist, invalid payee address",UPI_AUTOPAY,KKBK,44910.21,97.8,3,HARD_PERMANENT
TOKENIZATION_TIMEOUT,"tokenization service slow, mandate auth timed out",CARD_MANDATE,HDFC,34699.18,99.4,0,TRANSIENT_TECHNICAL
MANDATE_AMOUNT_EXCEEDS_CAP,"autopay cap se zyada amount, bank ne decline kiya",UPI_AUTOPAY,UTIB,37019.21,96.5,3,SOFT_FINANCIAL
ACCOUNT_CLOSED,"account band ho gaya hai, retry bekar hai",UPI_AUTOPAY,KKBK,44519.49,97.8,0,HARD_PERMANENT
NPCI_TIMEOUT,UPI switch response timed out after 30 seconds,UPI_AUTOPAY,SBIN,32605.17,78.2,0,TRANSIENT_TECHNICAL
PURCHASE_ORDER_MISMATCH,"PO amount mismatch, reconciliation on hold",B2B_INVOICE,KKBK,26497.35,97.8,1,COMMERCIAL_DISPUTE
PAYMENT_METHOD_UNAVAILABLE,payment option show nahi ho raha tha,MAGIC_CHECKOUT,ICIC,35677.58,98.9,0,BEHAVIORAL_DROPOFF
GATEWAY_ERROR,"payment gateway ne response nahi diya, timeout ho gaya",UPI_AUTOPAY,UTIB,9588.61,96.5,1,TRANSIENT_TECHNICAL
TOKENIZATION_TIMEOUT,card token vault timeout during authorization,CARD_MANDATE,ICIC,6424.11,98.9,3,TRANSIENT_TECHNICAL
CHECKOUT_DROPPED_OFF,user ne checkout beech me chhod diya,MAGIC_CHECKOUT,HDFC,22590.55,99.4,2,BEHAVIORAL_DROPOFF
MANDATE_AMOUNT_EXCEEDS_CAP,"autopay cap se zyada amount, bank ne decline kiya",UPI_AUTOPAY,SBIN,18977.22,78.2,2,SOFT_FINANCIAL
NPCI_TIMEOUT,"NPCI timeout, bank se confirmation nahi aaya",UPI_AUTOPAY,KKBK,13623.05,97.8,1,TRANSIENT_TECHNICAL
ACCOUNT_CLOSED,"customer account closed, debit returned",UPI_AUTOPAY,SBIN,7084.52,78.2,0,HARD_PERMANENT
UPI_DAILY_LIMIT_EXCEEDED,"limit exceed, transaction declined by bank",UPI_AUTOPAY,KKBK,41136.01,97.8,1,SOFT_FINANCIAL
NPCI_TIMEOUT,Card network switch response timed out,UPI_AUTOPAY,SBIN,42701.38,78.2,0,TRANSIENT_TECHNICAL
TOKENIZATION_TIMEOUT,"tokenization service slow, mandate auth timed out",CARD_MANDATE,SBIN,21469.51,78.2,0,TRANSIENT_TECHNICAL
UPI_DAILY_LIMIT_EXCEEDED,"UPI daily cap khatam, kal retry karo",UPI_AUTOPAY,ICIC,4376.31,98.9,0,SOFT_FINANCIAL
TOKENIZATION_TIMEOUT,card token vault timeout during authorization,CARD_MANDATE,HDFC,37225.9,99.4,1,TRANSIENT_TECHNICAL
PURCHASE_ORDER_MISMATCH,"PO amount mismatch, reconciliation on hold",B2B_INVOICE,SBIN,9114.34,78.2,1,COMMERCIAL_DISPUTE
INVOICE_APPROVAL_PENDING,Invoice stuck in enterprise procurement approval workflow,B2B_INVOICE,SBIN,13240.82,78.2,1,COMMERCIAL_DISPUTE
CARD_EXPIRED,"card expiry ho gayi, naya card link karo",CARD_MANDATE,HDFC,16714.99,99.4,0,HARD_PERMANENT
FRAUD_DETECTED,"suspicious activity, fraud check fail",CARD_MANDATE,UTIB,17720.91,96.5,0,HARD_PERMANENT
CHECKOUT_DROPPED_OFF,OTP verification timed out during checkout,MAGIC_CHECKOUT,UTIB,21625.13,96.5,0,BEHAVIORAL_DROPOFF
NPCI_TIMEOUT,UPI switch response timed out after 30 seconds,UPI_AUTOPAY,SBIN,39195.99,78.2,0,TRANSIENT_TECHNICAL
OTP_TIMEOUT,"customer ne OTP time par enter nahi kiya, session expire",MAGIC_CHECKOUT,SBIN,27245.79,78.2,0,TRANSIENT_TECHNICAL
UPI_DAILY_LIMIT_EXCEEDED,"Customer reached daily UPI transaction limit of Rs.1,00,000",UPI_AUTOPAY,KKBK,32311.1,97.8,1,SOFT_FINANCIAL
INVALID_VPA_PERMANENT,"VPA does not exist, invalid payee address",UPI_AUTOPAY,HDFC,44600.6,99.4,1,HARD_PERMANENT
CARD_EXPIRED,"card expiry ho gayi, naya card link karo",CARD_MANDATE,KKBK,36378.76,97.8,1,HARD_PERMANENT
INVOICE_OVERDUE_30_DAYS,"30 din se payment pending, accounts se approval nahi aaya",B2B_INVOICE,UTIB,20928.22,96.5,0,COMMERCIAL_DISPUTE
CARD_EXPIRED,"card expiry ho gayi, naya card link karo",CARD_MANDATE,UTIB,15735.17,96.5,3,HARD_PERMANENT
INVOICE_APPROVAL_PENDING,procurement team se approval pending hai,B2B_INVOICE,KKBK,37089.47,97.8,3,COMMERCIAL_DISPUTE
FRAUD_DETECTED,"suspicious activity, fraud check fail",CARD_MANDATE,SBIN,8244.28,78.2,1,HARD_PERMANENT
OTP_TIMEOUT,"customer ne OTP time par enter nahi kiya, session expire",MAGIC_CHECKOUT,UTIB,41005.23,96.5,0,TRANSIENT_TECHNICAL
UPI_DAILY_LIMIT_EXCEEDED,"Customer reached daily UPI transaction limit of Rs.1,00,000",UPI_AUTOPAY,UTIB,31498.98,96.5,0,SOFT_FINANCIAL
INSUFFICIENT_FUNDS,Salary credit not yet posted; balance too low for auto-debit,UPI_AUTOPAY,ICIC,39738.38,98.9,1,SOFT_FINANCIAL
INVOICE_APPROVAL_PENDING,Invoice stuck in enterprise procurement approval workflow,B2B_INVOICE,SBIN,40911.3,78.2,1,COMMERCIAL_DISPUTE
TOKENIZATION_TIMEOUT,card token vault timeout during authorization,CARD_MANDATE,ICIC,3627.78,98.9,0,TRANSIENT_TECHNICAL
STOLEN_CARD,"chori ka card report hua, block hai",CARD_MANDATE,UTIB,20401.38,96.5,0,HARD_PERMANENT
GATEWAY_ERROR,504 Gateway Timeout from NPCI switch,UPI_AUTOPAY,UTIB,1395.99,96.5,2,TRANSIENT_TECHNICAL
PAYMENT_METHOD_UNAVAILABLE,payment option show nahi ho raha tha,MAGIC_CHECKOUT,ICIC,33618.64,98.9,3,BEHAVIORAL_DROPOFF
GATEWAY_ERROR,"payment gateway ne response nahi diya, timeout ho gaya",UPI_AUTOPAY,HDFC,680.04,99.4,0,TRANSIENT_TECHNICAL
CHECKOUT_DROPPED_OFF,user ne checkout beech me chhod diya,MAGIC_CHECKOUT,UTIB,21916.7,96.5,0,BEHAVIORAL_DROPOFF
CARD_EXPIRED,Mandate card token expired; bank declined authorization,CARD_MANDATE,UTIB,6482.6,96.5,3,HARD_PERMANENT
INVALID_VPA_PERMANENT,"VPA does not exist, invalid payee address",UPI_AUTOPAY,SBIN,37764.45,78.2,1,HARD_PERMANENT
CART_ABANDONED_SHIPPING_FRICTION,User exited after shipping charge calculated,MAGIC_CHECKOUT,ICIC,5761.11,98.9,2,BEHAVIORAL_DROPOFF
NPCI_TIMEOUT,UPI switch response timed out after 30 seconds,UPI_AUTOPAY,HDFC,30278.04,99.4,0,TRANSIENT_TECHNICAL
INVALID_VPA_PERMANENT,"VPA does not exist, invalid payee address",UPI_AUTOPAY,UTIB,16241.66,96.5,0,HARD_PERMANENT
BANK_DEBIT_FAILED_TECHNICAL,Issuer node degradation during 02:00 AM auto-debit window,UPI_AUTOPAY,UTIB,31413.75,96.5,3,TRANSIENT_TECHNICAL
STOLEN_CARD,stolen card hotlisted by issuer,CARD_MANDATE,UTIB,31127.22,96.5,1,HARD_PERMANENT
BANK_DEBIT_FAILED_TECHNICAL,Downstream bank gateway timeout during debit attempt,UPI_AUTOPAY,HDFC,34803.73,99.4,3,TRANSIENT_TECHNICAL
GATEWAY_ERROR,issuer node degraded during mandate authorization,UPI_AUTOPAY,ICIC,40912.19,98.9,0,TRANSIENT_TECHNICAL
CARD_EXPIRED,Mandate card token expired; bank declined authorization,CARD_MANDATE,UTIB,1450.93,96.5,0,HARD_PERMANENT
INVOICE_OVERDUE_30_DAYS,Net-30 invoice crossed due date without payment reconciliation,B2B_INVOICE,HDFC,10080.66,99.4,0,COMMERCIAL_DISPUTE
FRAUD_DETECTED,High-risk score flagged by issuer fraud detection switch,CARD_MANDATE,HDFC,18821.88,99.4,0,HARD_PERMANENT
INVOICE_OVERDUE_30_DAYS,"30 din se payment pending, accounts se approval nahi aaya",B2B_INVOICE,KKBK,28279.66,97.8,1,COMMERCIAL_DISPUTE
GATEWAY_ERROR,"payment gateway ne response nahi diya, timeout ho gaya",UPI_AUTOPAY,UTIB,5611.14,96.5,0,TRANSIENT_TECHNICAL
CART_ABANDONED_SHIPPING_FRICTION,shipping fee dekh kar customer ne cart chhod diya,MAGIC_CHECKOUT,ICIC,7977.42,98.9,1,BEHAVIORAL_DROPOFF
INVOICE_OVERDUE_30_DAYS,Net-30 invoice crossed due date without payment reconciliation,B2B_INVOICE,UTIB,9731.22,96.5,0,COMMERCIAL_DISPUTE
CARD_EXPIRED,"card expiry ho gayi, naya card link karo",CARD_MANDATE,KKBK,16729.67,97.8,0,HARD_PERMANENT
GATEWAY_ERROR,"payment gateway ne response nahi diya, timeout ho gaya",UPI_AUTOPAY,ICIC,34585.79,98.9,1,TRANSIENT_TECHNICAL
CART_ABANDONED_SHIPPING_FRICTION,User exited after shipping charge calculated,MAGIC_CHECKOUT,ICIC,43164.71,98.9,1,BEHAVIORAL_DROPOFF
INVOICE_OVERDUE_30_DAYS,"30 din se payment pending, accounts se approval nahi aaya",B2B_INVOICE,SBIN,15075.02,78.2,2,COMMERCIAL_DISPUTE
INVOICE_OVERDUE_30_DAYS,"30 din se payment pending, accounts se approval nahi aaya",B2B_INVOICE,HDFC,15212.05,99.4,1,COMMERCIAL_DISPUTE
UPI_DAILY_LIMIT_EXCEEDED,"UPI daily cap khatam, kal retry karo",UPI_AUTOPAY,UTIB,23093.48,96.5,2,SOFT_FINANCIAL
INSUFFICIENT_FUNDS,Declined by customer bank due to low balance,UPI_AUTOPAY,SBIN,1149.38,78.2,3,SOFT_FINANCIAL
CART_ABANDONED_SHIPPING_FRICTION,shipping fee dekh kar customer ne cart chhod diya,MAGIC_CHECKOUT,SBIN,33258.25,78.2,3,BEHAVIORAL_DROPOFF
INSUFFICIENT_FUNDS,Declined by customer bank due to low balance,UPI_AUTOPAY,HDFC,6361.62,99.4,1,SOFT_FINANCIAL
INVOICE_APPROVAL_PENDING,Invoice stuck in enterprise procurement approval workflow,B2B_INVOICE,SBIN,17032.88,78.2,2,COMMERCIAL_DISPUTE
BANK_DEBIT_FAILED_TECHNICAL,Issuer node degradation during 02:00 AM auto-debit window,UPI_AUTOPAY,KKBK,44487.09,97.8,1,TRANSIENT_TECHNICAL
INVOICE_OVERDUE_30_DAYS,Net-30 invoice crossed due date without payment reconciliation,B2B_INVOICE,ICIC,14425.05,98.9,3,COMMERCIAL_DISPUTE
BANK_DEBIT_FAILED_TECHNICAL,debit attempt failed due to issuer switch congestion,UPI_AUTOPAY,ICIC,33824.43,98.9,0,TRANSIENT_TECHNICAL
INVOICE_OVERDUE_30_DAYS,"30 din se payment pending, accounts se approval nahi aaya",B2B_INVOICE,SBIN,9419.83,78.2,0,COMMERCIAL_DISPUTE
INSUFFICIENT_FUNDS,Salary credit not yet posted; balance too low for auto-debit,UPI_AUTOPAY,KKBK,39297.09,97.8,1,SOFT_FINANCIAL
INVOICE_OVERDUE_30_DAYS,Net-30 invoice crossed due date without payment reconciliation,B2B_INVOICE,UTIB,28413.89,96.5,0,COMMERCIAL_DISPUTE
PURCHASE_ORDER_MISMATCH,"PO amount mismatch, reconciliation on hold",B2B_INVOICE,SBIN,2533.44,78.2,0,COMMERCIAL_DISPUTE
GATEWAY_ERROR,issuer node degraded during mandate authorization,UPI_AUTOPAY,HDFC,7979.85,99.4,1,TRANSIENT_TECHNICAL
GATEWAY_ERROR,issuer node degraded during mandate authorization,UPI_AUTOPAY,KKBK,3700.85,97.8,2,TRANSIENT_TECHNICAL
PAYMENT_METHOD_UNAVAILABLE,payment option show nahi ho raha tha,MAGIC_CHECKOUT,SBIN,32530.71,78.2,0,BEHAVIORAL_DROPOFF
OTP_TIMEOUT,OTP verification timed out during checkout,MAGIC_CHECKOUT,KKBK,11353.08,97.8,0,TRANSIENT_TECHNICAL
UPI_DAILY_LIMIT_EXCEEDED,"UPI daily cap khatam, kal retry karo",UPI_AUTOPAY,SBIN,12378.64,78.2,3,SOFT_FINANCIAL
PURCHASE_ORDER_MISMATCH,"PO amount mismatch, reconciliation on hold",B2B_INVOICE,ICIC,18040.75,98.9,0,COMMERCIAL_DISPUTE
PURCHASE_ORDER_MISMATCH,purchase order aur invoice me antar hai,B2B_INVOICE,UTIB,22836.61,96.5,2,COMMERCIAL_DISPUTE
OTP_TIMEOUT,OTP verification timed out during checkout,MAGIC_CHECKOUT,UTIB,1086.56,96.5,1,TRANSIENT_TECHNICAL
OTP_TIMEOUT,OTP verification timed out during checkout,MAGIC_CHECKOUT,ICIC,26863.81,98.9,0,TRANSIENT_TECHNICAL
TOKENIZATION_TIMEOUT,card token vault timeout during authorization,CARD_MANDATE,ICIC,17243.55,98.9,0,TRANSIENT_TECHNICAL
PAYMENT_METHOD_UNAVAILABLE,payment option show nahi ho raha tha,MAGIC_CHECKOUT,UTIB,25383.53,96.5,1,BEHAVIORAL_DROPOFF
CARD_EXPIRED,"card expiry ho gayi, naya card link karo",CARD_MANDATE,SBIN,32225.59,78.2,0,HARD_PERMANENT
CHECKOUT_DROPPED_OFF,Customer abandoned session at shipping/payment step,MAGIC_CHECKOUT,HDFC,773.99,99.4,1,BEHAVIORAL_DROPOFF
MANDATE_AMOUNT_EXCEEDS_CAP,"autopay cap se zyada amount, bank ne decline kiya",UPI_AUTOPAY,UTIB,41670.89,96.5,1,SOFT_FINANCIAL
MANDATE_AMOUNT_EXCEEDS_CAP,"autopay cap se zyada amount, bank ne decline kiya",UPI_AUTOPAY,UTIB,13989.23,96.5,1,SOFT_FINANCIAL
CARD_EXPIRED,"card expiry ho gayi, naya card link karo",CARD_MANDATE,HDFC,44662.76,99.4,0,HARD_PERMANENT
NPCI_TIMEOUT,"NPCI timeout, bank se confirmation nahi aaya",UPI_AUTOPAY,SBIN,8900.62,78.2,1,TRANSIENT_TECHNICAL
INVALID_VPA_PERMANENT,"galat UPI ID, ye VPA exist nahi karti",UPI_AUTOPAY,KKBK,31968.66,97.8,2,HARD_PERMANENT
MANDATE_AMOUNT_EXCEEDS_CAP,"mandate amount exceeds NPCI cap of Rs.1,00,000",UPI_AUTOPAY,UTIB,41707.97,96.5,2,SOFT_FINANCIAL
INSUFFICIENT_FUNDS,Salary credit not yet posted; balance too low for auto-debit,UPI_AUTOPAY,UTIB,1744.97,96.5,3,SOFT_FINANCIAL
MANDATE_AMOUNT_EXCEEDS_CAP,"mandate amount exceeds NPCI cap of Rs.1,00,000",UPI_AUTOPAY,SBIN,11906.88,78.2,1,SOFT_FINANCIAL
CHECKOUT_DROPPED_OFF,user ne checkout beech me chhod diya,MAGIC_CHECKOUT,SBIN,27175.89,78.2,2,BEHAVIORAL_DROPOFF
FRAUD_DETECTED,High-risk score flagged by issuer fraud detection switch,CARD_MANDATE,HDFC,34739.32,99.4,2,HARD_PERMANENT
NPCI_TIMEOUT,Card network switch response timed out,UPI_AUTOPAY,KKBK,43841.7,97.8,0,TRANSIENT_TECHNICAL
STOLEN_CARD,stolen card hotlisted by issuer,CARD_MANDATE,UTIB,7628.06,96.5,1,HARD_PERMANENT
INVALID_VPA_PERMANENT,"galat UPI ID, ye VPA exist nahi karti",UPI_AUTOPAY,KKBK,43552.19,97.8,2,HARD_PERMANENT
NPCI_TIMEOUT,"NPCI timeout, bank se confirmation nahi aaya",UPI_AUTOPAY,ICIC,33079.95,98.9,3,TRANSIENT_TECHNICAL
CARD_EXPIRED,Mandate card token expired; bank declined authorization,CARD_MANDATE,KKBK,34995.54,97.8,0,HARD_PERMANENT
CHECKOUT_DROPPED_OFF,user ne checkout beech me chhod diya,MAGIC_CHECKOUT,SBIN,41864.69,78.2,1,BEHAVIORAL_DROPOFF
INVOICE_APPROVAL_PENDING,Invoice stuck in enterprise procurement approval workflow,B2B_INVOICE,SBIN,36774.06,78.2,0,COMMERCIAL_DISPUTE
CART_ABANDONED_SHIPPING_FRICTION,User exited after shipping charge calculated,MAGIC_CHECKOUT,UTIB,23717.82,96.5,2,BEHAVIORAL_DROPOFF
INVOICE_APPROVAL_PENDING,procurement team se approval pending hai,B2B_INVOICE,SBIN,8101.95,78.2,0,COMMERCIAL_DISPUTE
CHECKOUT_DROPPED_OFF,Customer abandoned session at shipping/payment step,MAGIC_CHECKOUT,UTIB,8352.08,96.5,0,BEHAVIORAL_DROPOFF
PAYMENT_METHOD_UNAVAILABLE,selected UPI method unavailable at checkout,MAGIC_CHECKOUT,SBIN,9201.35,78.2,2,BEHAVIORAL_DROPOFF
FRAUD_DETECTED,High-risk score flagged by issuer fraud detection switch,CARD_MANDATE,ICIC,44236.01,98.9,3,HARD_PERMANENT
OTP_TIMEOUT,"customer ne OTP time par enter nahi kiya, session expire",MAGIC_CHECKOUT,KKBK,5091.07,97.8,2,TRANSIENT_TECHNICAL
FRAUD_DETECTED,High-risk score flagged by issuer fraud detection switch,CARD_MANDATE,ICIC,4038.76,98.9,0,HARD_PERMANENT
INVALID_VPA_PERMANENT,"VPA does not exist, invalid payee address",UPI_AUTOPAY,ICIC,1528.1,98.9,0,HARD_PERMANENT
PURCHASE_ORDER_MISMATCH,purchase order aur invoice me antar hai,B2B_INVOICE,HDFC,624.9,99.4,0,COMMERCIAL_DISPUTE
ACCOUNT_CLOSED,"customer account closed, debit returned",UPI_AUTOPAY,HDFC,9655.07,99.4,3,HARD_PERMANENT
ACCOUNT_CLOSED,"account band ho gaya hai, retry bekar hai",UPI_AUTOPAY,KKBK,23498.84,97.8,3,HARD_PERMANENT
INVALID_VPA_PERMANENT,"galat UPI ID, ye VPA exist nahi karti",UPI_AUTOPAY,UTIB,34109.4,96.5,1,HARD_PERMANENT
OTP_TIMEOUT,"customer ne OTP time par enter nahi kiya, session expire",MAGIC_CHECKOUT,ICIC,30747.01,98.9,0,TRANSIENT_TECHNICAL
INVOICE_OVERDUE_30_DAYS,Net-30 invoice crossed due date without payment reconciliation,B2B_INVOICE,ICIC,29995.17,98.9,1,COMMERCIAL_DISPUTE
BANK_DEBIT_FAILED_TECHNICAL,"bank server busy, auto-debit fail ho gaya technical issue se",UPI_AUTOPAY,ICIC,36320.71,98.9,0,TRANSIENT_TECHNICAL
PAYMENT_METHOD_UNAVAILABLE,payment option show nahi ho raha tha,MAGIC_CHECKOUT,SBIN,1349.51,78.2,0,BEHAVIORAL_DROPOFF
STOLEN_CARD,"chori ka card report hua, block hai",CARD_MANDATE,SBIN,16705.03,78.2,1,HARD_PERMANENT
PURCHASE_ORDER_MISMATCH,purchase order aur invoice me antar hai,B2B_INVOICE,SBIN,339.19,78.2,2,COMMERCIAL_DISPUTE
INVOICE_OVERDUE_30_DAYS,Net-30 invoice crossed due date without payment reconciliation,B2B_INVOICE,ICIC,39329.74,98.9,3,COMMERCIAL_DISPUTE
INVOICE_OVERDUE_30_DAYS,"30 din se payment pending, accounts se approval nahi aaya",B2B_INVOICE,SBIN,27382.59,78.2,1,COMMERCIAL_DISPUTE
CARD_EXPIRED,"card expiry ho gayi, naya card link karo",CARD_MANDATE,UTIB,42270.94,96.5,1,HARD_PERMANENT
CART_ABANDONED_SHIPPING_FRICTION,shipping fee dekh kar customer ne cart chhod diya,MAGIC_CHECKOUT,ICIC,27400.99,98.9,2,BEHAVIORAL_DROPOFF
CHECKOUT_DROPPED_OFF,OTP verification timed out during checkout,MAGIC_CHECKOUT,KKBK,35361.6,97.8,2,BEHAVIORAL_DROPOFF
STOLEN_CARD,stolen card hotlisted by issuer,CARD_MANDATE,SBIN,22506.54,78.2,0,HARD_PERMANENT
INVOICE_APPROVAL_PENDING,procurement team se approval pending hai,B2B_INVOICE,SBIN,40359.0,78.2,0,COMMERCIAL_DISPUTE
PURCHASE_ORDER_MISMATCH,"PO amount mismatch, reconciliation on hold",B2B_INVOICE,SBIN,9680.72,78.2,3,COMMERCIAL_DISPUTE
CARD_EXPIRED,Mandate card token expired; bank declined authorization,CARD_MANDATE,UTIB,44702.59,96.5,0,HARD_PERMANENT
FRAUD_DETECTED,"suspicious activity, fraud check fail",CARD_MANDATE,UTIB,34530.4,96.5,0,HARD_PERMANENT
INVALID_VPA_PERMANENT,"galat UPI ID, ye VPA exist nahi karti",UPI_AUTOPAY,HDFC,30013.01,99.4,1,HARD_PERMANENT
PURCHASE_ORDER_MISMATCH,"PO amount mismatch, reconciliation on hold",B2B_INVOICE,ICIC,39262.81,98.9,1,COMMERCIAL_DISPUTE
CARD_EXPIRED,"card expiry ho gayi, naya card link karo",CARD_MANDATE,UTIB,40975.4,96.5,2,HARD_PERMANENT
NPCI_TIMEOUT,"NPCI timeout, bank se confirmation nahi aaya",UPI_AUTOPAY,KKBK,43487.88,97.8,1,TRANSIENT_TECHNICAL
INSUFFICIENT_FUNDS,Salary credit not yet posted; balance too low for auto-debit,UPI_AUTOPAY,ICIC,5382.03,98.9,0,SOFT_FINANCIAL
CART_ABANDONED_SHIPPING_FRICTION,User exited after shipping charge calculated,MAGIC_CHECKOUT,ICIC,33377.78,98.9,0,BEHAVIORAL_DROPOFF
CART_ABANDONED_SHIPPING_FRICTION,shipping fee dekh kar customer ne cart chhod diya,MAGIC_CHECKOUT,SBIN,38429.05,78.2,1,BEHAVIORAL_DROPOFF
UPI_DAILY_LIMIT_EXCEEDED,"limit exceed, transaction declined by bank",UPI_AUTOPAY,HDFC,14123.1,99.4,1,SOFT_FINANCIAL
TOKENIZATION_TIMEOUT,card token vault timeout during authorization,CARD_MANDATE,UTIB,44097.24,96.5,0,TRANSIENT_TECHNICAL
MANDATE_AMOUNT_EXCEEDS_CAP,"mandate amount exceeds NPCI cap of Rs.1,00,000",UPI_AUTOPAY,KKBK,29935.34,97.8,1,SOFT_FINANCIAL
INSUFFICIENT_FUNDS,Declined by customer bank due to low balance,UPI_AUTOPAY,UTIB,610.65,96.5,3,SOFT_FINANCIAL
PAYMENT_METHOD_UNAVAILABLE,payment option show nahi ho raha tha,MAGIC_CHECKOUT,SBIN,36763.24,78.2,0,BEHAVIORAL_DROPOFF
INSUFFICIENT_FUNDS,Mandate debit declined due to low card account balance,UPI_AUTOPAY,UTIB,6803.8,96.5,0,SOFT_FINANCIAL
CHECKOUT_DROPPED_OFF,OTP verification timed out during checkout,MAGIC_CHECKOUT,HDFC,27029.44,99.4,0,BEHAVIORAL_DROPOFF
STOLEN_CARD,stolen card hotlisted by issuer,CARD_MANDATE,ICIC,44858.81,98.9,2,HARD_PERMANENT
UPI_DAILY_LIMIT_EXCEEDED,"UPI daily cap khatam, kal retry karo",UPI_AUTOPAY,SBIN,22376.64,78.2,2,SOFT_FINANCIAL
NPCI_TIMEOUT,UPI switch response timed out after 30 seconds,UPI_AUTOPAY,ICIC,7040.21,98.9,2,TRANSIENT_TECHNICAL
GATEWAY_ERROR,issuer node degraded during mandate authorization,UPI_AUTOPAY,HDFC,41557.4,99.4,3,TRANSIENT_TECHNICAL
FRAUD_DETECTED,"suspicious activity, fraud check fail",CARD_MANDATE,UTIB,13599.06,96.5,3,HARD_PERMANENT
FRAUD_DETECTED,High-risk score flagged by issuer fraud detection switch,CARD_MANDATE,KKBK,17773.79,97.8,1,HARD_PERMANENT
PURCHASE_ORDER_MISMATCH,purchase order aur invoice me antar hai,B2B_INVOICE,UTIB,17719.02,96.5,1,COMMERCIAL_DISPUTE
INVOICE_APPROVAL_PENDING,procurement team se approval pending hai,B2B_INVOICE,SBIN,31609.37,78.2,1,COMMERCIAL_DISPUTE
NPCI_TIMEOUT,UPI switch response timed out after 30 seconds,UPI_AUTOPAY,SBIN,14688.48,78.2,3,TRANSIENT_TECHNICAL
UPI_DAILY_LIMIT_EXCEEDED,"Customer reached daily UPI transaction limit of Rs.1,00,000",UPI_AUTOPAY,ICIC,20696.91,98.9,0,SOFT_FINANCIAL
UPI_DAILY_LIMIT_EXCEEDED,"Customer reached daily UPI transaction limit of Rs.1,00,000",UPI_AUTOPAY,UTIB,31378.5,96.5,0,SOFT_FINANCIAL
CHECKOUT_DROPPED_OFF,Customer abandoned session at shipping/payment step,MAGIC_CHECKOUT,SBIN,36235.06,78.2,0,BEHAVIORAL_DROPOFF
ACCOUNT_CLOSED,"account band ho gaya hai, retry bekar hai",UPI_AUTOPAY,KKBK,4766.37,97.8,3,HARD_PERMANENT
CHECKOUT_DROPPED_OFF,user ne checkout beech me chhod diya,MAGIC_CHECKOUT,UTIB,30638.83,96.5,0,BEHAVIORAL_DROPOFF
BANK_DEBIT_FAILED_TECHNICAL,Downstream bank gateway timeout during debit attempt,UPI_AUTOPAY,ICIC,43842.29,98.9,0,TRANSIENT_TECHNICAL
BANK_DEBIT_FAILED_TECHNICAL,Downstream bank gateway timeout during debit attempt,UPI_AUTOPAY,KKBK,29324.03,97.8,1,TRANSIENT_TECHNICAL
OTP_TIMEOUT,OTP verification timed out during checkout,MAGIC_CHECKOUT,UTIB,11175.29,96.5,0,TRANSIENT_TECHNICAL
INSUFFICIENT_FUNDS,Mandate debit declined due to low card account balance,UPI_AUTOPAY,UTIB,13759.8,96.5,1,SOFT_FINANCIAL
FRAUD_DETECTED,"suspicious activity, fraud check fail",CARD_MANDATE,HDFC,35042.12,99.4,3,HARD_PERMANENT
NPCI_TIMEOUT,Card network switch response timed out,UPI_AUTOPAY,UTIB,16655.44,96.5,0,TRANSIENT_TECHNICAL
CART_ABANDONED_SHIPPING_FRICTION,User exited after shipping charge calculated,MAGIC_CHECKOUT,HDFC,22116.48,99.4,2,BEHAVIORAL_DROPOFF
STOLEN_CARD,stolen card hotlisted by issuer,CARD_MANDATE,HDFC,26490.49,99.4,1,HARD_PERMANENT
PURCHASE_ORDER_MISMATCH,purchase order aur invoice me antar hai,B2B_INVOICE,HDFC,35786.39,99.4,0,COMMERCIAL_DISPUTE
NPCI_TIMEOUT,Card network switch response timed out,UPI_AUTOPAY,UTIB,13565.98,96.5,0,TRANSIENT_TECHNICAL
CART_ABANDONED_SHIPPING_FRICTION,shipping fee dekh kar customer ne cart chhod diya,MAGIC_CHECKOUT,HDFC,32176.53,99.4,3,BEHAVIORAL_DROPOFF
TOKENIZATION_TIMEOUT,card token vault timeout during authorization,CARD_MANDATE,UTIB,36616.3,96.5,0,TRANSIENT_TECHNICAL
NPCI_TIMEOUT,"NPCI timeout, bank se confirmation nahi aaya",UPI_AUTOPAY,KKBK,35299.44,97.8,1,TRANSIENT_TECHNICAL
PURCHASE_ORDER_MISMATCH,"PO amount mismatch, reconciliation on hold",B2B_INVOICE,KKBK,37703.89,97.8,1,COMMERCIAL_DISPUTE
CART_ABANDONED_SHIPPING_FRICTION,User exited after shipping charge calculated,MAGIC_CHECKOUT,HDFC,8292.94,99.4,1,BEHAVIORAL_DROPOFF
FRAUD_DETECTED,High-risk score flagged by issuer fraud detection switch,CARD_MANDATE,KKBK,20235.48,97.8,0,HARD_PERMANENT
CART_ABANDONED_SHIPPING_FRICTION,User exited after shipping charge calculated,MAGIC_CHECKOUT,SBIN,25963.21,78.2,2,BEHAVIORAL_DROPOFF
FRAUD_DETECTED,High-risk score flagged by issuer fraud detection switch,CARD_MANDATE,KKBK,11702.13,97.8,3,HARD_PERMANENT
BANK_DEBIT_FAILED_TECHNICAL,Downstream bank gateway timeout during debit attempt,UPI_AUTOPAY,HDFC,22874.95,99.4,0,TRANSIENT_TECHNICAL
TOKENIZATION_TIMEOUT,card token vault timeout during authorization,CARD_MANDATE,UTIB,43974.2,96.5,2,TRANSIENT_TECHNICAL
ACCOUNT_CLOSED,"customer account closed, debit returned",UPI_AUTOPAY,ICIC,2267.29,98.9,1,HARD_PERMANENT
INVOICE_APPROVAL_PENDING,procurement team se approval pending hai,B2B_INVOICE,SBIN,26052.38,78.2,2,COMMERCIAL_DISPUTE
INVOICE_OVERDUE_30_DAYS,"30 din se payment pending, accounts se approval nahi aaya",B2B_INVOICE,KKBK,24311.32,97.8,0,COMMERCIAL_DISPUTE
CART_ABANDONED_SHIPPING_FRICTION,User exited after shipping charge calculated,MAGIC_CHECKOUT,SBIN,1844.72,78.2,0,BEHAVIORAL_DROPOFF
INVOICE_APPROVAL_PENDING,Invoice stuck in enterprise procurement approval workflow,B2B_INVOICE,SBIN,27175.67,78.2,0,COMMERCIAL_DISPUTE
UPI_DAILY_LIMIT_EXCEEDED,"UPI daily cap khatam, kal retry karo",UPI_AUTOPAY,ICIC,5955.58,98.9,1,SOFT_FINANCIAL
OTP_TIMEOUT,OTP verification timed out during checkout,MAGIC_CHECKOUT,KKBK,11621.79,97.8,1,TRANSIENT_TECHNICAL
FRAUD_DETECTED,"suspicious activity, fraud check fail",CARD_MANDATE,UTIB,3928.87,96.5,0,HARD_PERMANENT
OTP_TIMEOUT,OTP verification timed out during checkout,MAGIC_CHECKOUT,KKBK,9327.78,97.8,2,TRANSIENT_TECHNICAL
INVALID_VPA_PERMANENT,"VPA does not exist, invalid payee address",UPI_AUTOPAY,ICIC,25450.73,98.9,2,HARD_PERMANENT
STOLEN_CARD,stolen card hotlisted by issuer,CARD_MANDATE,UTIB,37006.06,96.5,0,HARD_PERMANENT
OTP_TIMEOUT,"customer ne OTP time par enter nahi kiya, session expire",MAGIC_CHECKOUT,HDFC,43387.96,99.4,0,TRANSIENT_TECHNICAL
CARD_EXPIRED,"card expiry ho gayi, naya card link karo",CARD_MANDATE,HDFC,24009.39,99.4,2,HARD_PERMANENT
TOKENIZATION_TIMEOUT,"tokenization service slow, mandate auth timed out",CARD_MANDATE,HDFC,14954.55,99.4,0,TRANSIENT_TECHNICAL
MANDATE_AMOUNT_EXCEEDS_CAP,"autopay cap se zyada amount, bank ne decline kiya",UPI_AUTOPAY,ICIC,6754.71,98.9,3,SOFT_FINANCIAL
INSUFFICIENT_FUNDS,"account me paise nahi hai, balance insufficient",UPI_AUTOPAY,HDFC,4587.12,99.4,0,SOFT_FINANCIAL
NPCI_TIMEOUT,UPI switch response timed out after 30 seconds,UPI_AUTOPAY,HDFC,8071.94,99.4,2,TRANSIENT_TECHNICAL
INVOICE_APPROVAL_PENDING,procurement team se approval pending hai,B2B_INVOICE,HDFC,23896.94,99.4,2,COMMERCIAL_DISPUTE
UPI_DAILY_LIMIT_EXCEEDED,"UPI daily cap khatam, kal retry karo",UPI_AUTOPAY,KKBK,12342.49,97.8,0,SOFT_FINANCIAL
BANK_DEBIT_FAILED_TECHNICAL,Issuer node degradation during 02:00 AM auto-debit window,UPI_AUTOPAY,ICIC,42603.61,98.9,1,TRANSIENT_TECHNICAL
FRAUD_DETECTED,"suspicious activity, fraud check fail",CARD_MANDATE,KKBK,24914.44,97.8,3,HARD_PERMANENT
NPCI_TIMEOUT,Card network switch response timed out,UPI_AUTOPAY,KKBK,5914.36,97.8,0,TRANSIENT_TECHNICAL
STOLEN_CARD,stolen card hotlisted by issuer,CARD_MANDATE,SBIN,6590.77,78.2,1,HARD_PERMANENT
INVALID_VPA_PERMANENT,"VPA does not exist, invalid payee address",UPI_AUTOPAY,ICIC,31895.82,98.9,0,HARD_PERMANENT
OTP_TIMEOUT,"customer ne OTP time par enter nahi kiya, session expire",MAGIC_CHECKOUT,SBIN,19864.85,78.2,0,TRANSIENT_TECHNICAL
PAYMENT_METHOD_UNAVAILABLE,payment option show nahi ho raha tha,MAGIC_CHECKOUT,ICIC,42877.16,98.9,1,BEHAVIORAL_DROPOFF
INSUFFICIENT_FUNDS,"account me paise nahi hai, balance insufficient",UPI_AUTOPAY,HDFC,42645.92,99.4,1,SOFT_FINANCIAL
INVOICE_OVERDUE_30_DAYS,Net-30 invoice crossed due date without payment reconciliation,B2B_INVOICE,HDFC,3634.93,99.4,0,COMMERCIAL_DISPUTE
CARD_EXPIRED,Mandate card token expired; bank declined authorization,CARD_MANDATE,KKBK,2771.09,97.8,2,HARD_PERMANENT
INVOICE_APPROVAL_PENDING,procurement team se approval pending hai,B2B_INVOICE,HDFC,43305.01,99.4,1,COMMERCIAL_DISPUTE
STOLEN_CARD,stolen card hotlisted by issuer,CARD_MANDATE,UTIB,22501.17,96.5,2,HARD_PERMANENT
TOKENIZATION_TIMEOUT,card token vault timeout during authorization,CARD_MANDATE,UTIB,821.75,96.5,0,TRANSIENT_TECHNICAL
ACCOUNT_CLOSED,"account band ho gaya hai, retry bekar hai",UPI_AUTOPAY,KKBK,33784.87,97.8,0,HARD_PERMANENT
STOLEN_CARD,stolen card hotlisted by issuer,CARD_MANDATE,KKBK,20299.06,97.8,0,HARD_PERMANENT
STOLEN_CARD,stolen card hotlisted by issuer,CARD_MANDATE,SBIN,3564.56,78.2,3,HARD_PERMANENT
CHECKOUT_DROPPED_OFF,OTP verification timed out during checkout,MAGIC_CHECKOUT,ICIC,42871.22,98.9,1,BEHAVIORAL_DROPOFF
PURCHASE_ORDER_MISMATCH,purchase order aur invoice me antar hai,B2B_INVOICE,SBIN,16922.48,78.2,0,COMMERCIAL_DISPUTE
INVOICE_OVERDUE_30_DAYS,Net-30 invoice crossed due date without payment reconciliation,B2B_INVOICE,KKBK,38314.66,97.8,3,COMMERCIAL_DISPUTE
CART_ABANDONED_SHIPPING_FRICTION,shipping fee dekh kar customer ne cart chhod diya,MAGIC_CHECKOUT,ICIC,21843.47,98.9,0,BEHAVIORAL_DROPOFF
GATEWAY_ERROR,504 Gateway Timeout from NPCI switch,UPI_AUTOPAY,KKBK,17833.64,97.8,0,TRANSIENT_TECHNICAL
STOLEN_CARD,stolen card hotlisted by issuer,CARD_MANDATE,UTIB,40183.62,96.5,3,HARD_PERMANENT
PURCHASE_ORDER_MISMATCH,"PO amount mismatch, reconciliation on hold",B2B_INVOICE,ICIC,462.93,98.9,1,COMMERCIAL_DISPUTE
INVOICE_OVERDUE_30_DAYS,"30 din se payment pending, accounts se approval nahi aaya",B2B_INVOICE,ICIC,5000.06,98.9,0,COMMERCIAL_DISPUTE
FRAUD_DETECTED,"suspicious activity, fraud check fail",CARD_MANDATE,ICIC,596.1,98.9,1,HARD_PERMANENT
PURCHASE_ORDER_MISMATCH,"PO amount mismatch, reconciliation on hold",B2B_INVOICE,HDFC,23903.06,99.4,0,COMMERCIAL_DISPUTE
OTP_TIMEOUT,OTP verification timed out during checkout,MAGIC_CHECKOUT,UTIB,508.6,96.5,3,TRANSIENT_TECHNICAL
INVALID_VPA_PERMANENT,"VPA does not exist, invalid payee address",UPI_AUTOPAY,UTIB,17911.47,96.5,0,HARD_PERMANENT
MANDATE_AMOUNT_EXCEEDS_CAP,"autopay cap se zyada amount, bank ne decline kiya",UPI_AUTOPAY,SBIN,24231.48,78.2,0,SOFT_FINANCIAL
CART_ABANDONED_SHIPPING_FRICTION,shipping fee dekh kar customer ne cart chhod diya,MAGIC_CHECKOUT,UTIB,7449.34,96.5,0,BEHAVIORAL_DROPOFF
OTP_TIMEOUT,OTP verification timed out during checkout,MAGIC_CHECKOUT,ICIC,39784.1,98.9,2,TRANSIENT_TECHNICAL
GATEWAY_ERROR,504 Gateway Timeout from NPCI switch,UPI_AUTOPAY,SBIN,12962.79,78.2,0,TRANSIENT_TECHNICAL
NPCI_TIMEOUT,Card network switch response timed out,UPI_AUTOPAY,ICIC,40564.6,98.9,0,TRANSIENT_TECHNICAL
GATEWAY_ERROR,"payment gateway ne response nahi diya, timeout ho gaya",UPI_AUTOPAY,ICIC,5521.01,98.9,1,TRANSIENT_TECHNICAL
TOKENIZATION_TIMEOUT,"tokenization service slow, mandate auth timed out",CARD_MANDATE,SBIN,14754.29,78.2,3,TRANSIENT_TECHNICAL
NPCI_TIMEOUT,"NPCI timeout, bank se confirmation nahi aaya",UPI_AUTOPAY,UTIB,6086.64,96.5,0,TRANSIENT_TECHNICAL
ACCOUNT_CLOSED,"customer account closed, debit returned",UPI_AUTOPAY,SBIN,15615.94,78.2,0,HARD_PERMANENT
INSUFFICIENT_FUNDS,Declined by customer bank due to low balance,UPI_AUTOPAY,ICIC,19448.42,98.9,1,SOFT_FINANCIAL
ACCOUNT_CLOSED,"account band ho gaya hai, retry bekar hai",UPI_AUTOPAY,UTIB,13167.39,96.5,1,HARD_PERMANENT
CARD_EXPIRED,"card expiry ho gayi, naya card link karo",CARD_MANDATE,SBIN,27868.69,78.2,2,HARD_PERMANENT
STOLEN_CARD,stolen card hotlisted by issuer,CARD_MANDATE,SBIN,12794.3,78.2,0,HARD_PERMANENT
INVALID_VPA_PERMANENT,"VPA does not exist, invalid payee address",UPI_AUTOPAY,UTIB,9088.08,96.5,2,HARD_PERMANENT
CART_ABANDONED_SHIPPING_FRICTION,User exited after shipping charge calculated,MAGIC_CHECKOUT,SBIN,44666.31,78.2,1,BEHAVIORAL_DROPOFF
CHECKOUT_DROPPED_OFF,Customer abandoned session at shipping/payment step,MAGIC_CHECKOUT,HDFC,6125.98,99.4,0,BEHAVIORAL_DROPOFF
INVALID_VPA_PERMANENT,"VPA does not exist, invalid payee address",UPI_AUTOPAY,SBIN,19297.8,78.2,1,HARD_PERMANENT
GATEWAY_ERROR,504 Gateway Timeout from NPCI switch,UPI_AUTOPAY,HDFC,17239.18,99.4,1,TRANSIENT_TECHNICAL
INVOICE_APPROVAL_PENDING,Invoice stuck in enterprise procurement approval workflow,B2B_INVOICE,SBIN,15260.1,78.2,1,COMMERCIAL_DISPUTE
BANK_DEBIT_FAILED_TECHNICAL,debit attempt failed due to issuer switch congestion,UPI_AUTOPAY,HDFC,13831.5,99.4,0,TRANSIENT_TECHNICAL
MANDATE_AMOUNT_EXCEEDS_CAP,"autopay cap se zyada amount, bank ne decline kiya",UPI_AUTOPAY,ICIC,32078.75,98.9,0,SOFT_FINANCIAL
INVOICE_OVERDUE_30_DAYS,Net-30 invoice crossed due date without payment reconciliation,B2B_INVOICE,SBIN,2030.87,78.2,0,COMMERCIAL_DISPUTE
INVOICE_OVERDUE_30_DAYS,Net-30 invoice crossed due date without payment reconciliation,B2B_INVOICE,ICIC,21347.68,98.9,1,COMMERCIAL_DISPUTE
CART_ABANDONED_SHIPPING_FRICTION,shipping fee dekh kar customer ne cart chhod diya,MAGIC_CHECKOUT,SBIN,11500.64,78.2,1,BEHAVIORAL_DROPOFF
MANDATE_AMOUNT_EXCEEDS_CAP,"autopay cap se zyada amount, bank ne decline kiya",UPI_AUTOPAY,ICIC,5195.59,98.9,2,SOFT_FINANCIAL
ACCOUNT_CLOSED,"customer account closed, debit returned",UPI_AUTOPAY,ICIC,16352.84,98.9,3,HARD_PERMANENT
MANDATE_AMOUNT_EXCEEDS_CAP,"autopay cap se zyada amount, bank ne decline kiya",UPI_AUTOPAY,SBIN,29330.78,78.2,0,SOFT_FINANCIAL
UPI_DAILY_LIMIT_EXCEEDED,"UPI daily cap khatam, kal retry karo",UPI_AUTOPAY,HDFC,39946.17,99.4,0,SOFT_FINANCIAL
CART_ABANDONED_SHIPPING_FRICTION,User exited after shipping charge calculated,MAGIC_CHECKOUT,KKBK,43581.16,97.8,2,BEHAVIORAL_DROPOFF
GATEWAY_ERROR,issuer node degraded during mandate authorization,UPI_AUTOPAY,UTIB,41662.35,96.5,0,TRANSIENT_TECHNICAL
TOKENIZATION_TIMEOUT,"tokenization service slow, mandate auth timed out",CARD_MANDATE,ICIC,32695.43,98.9,3,TRANSIENT_TECHNICAL
GATEWAY_ERROR,issuer node degraded during mandate authorization,UPI_AUTOPAY,HDFC,5926.0,99.4,1,TRANSIENT_TECHNICAL
TOKENIZATION_TIMEOUT,"tokenization service slow, mandate auth timed out",CARD_MANDATE,KKBK,43885.63,97.8,0,TRANSIENT_TECHNICAL
PAYMENT_METHOD_UNAVAILABLE,selected UPI method unavailable at checkout,MAGIC_CHECKOUT,UTIB,3232.41,96.5,1,BEHAVIORAL_DROPOFF
STOLEN_CARD,stolen card hotlisted by issuer,CARD_MANDATE,SBIN,27041.68,78.2,2,HARD_PERMANENT
CHECKOUT_DROPPED_OFF,user ne checkout beech me chhod diya,MAGIC_CHECKOUT,HDFC,43019.93,99.4,0,BEHAVIORAL_DROPOFF
GATEWAY_ERROR,"payment gateway ne response nahi diya, timeout ho gaya",UPI_AUTOPAY,UTIB,30873.99,96.5,3,TRANSIENT_TECHNICAL
STOLEN_CARD,stolen card hotlisted by issuer,CARD_MANDATE,SBIN,19810.41,78.2,1,HARD_PERMANENT
NPCI_TIMEOUT,"NPCI timeout, bank se confirmation nahi aaya",UPI_AUTOPAY,UTIB,18157.43,96.5,0,TRANSIENT_TECHNICAL
GATEWAY_ERROR,issuer node degraded during mandate authorization,UPI_AUTOPAY,HDFC,7367.3,99.4,0,TRANSIENT_TECHNICAL
UPI_DAILY_LIMIT_EXCEEDED,"limit exceed, transaction declined by bank",UPI_AUTOPAY,HDFC,39586.02,99.4,3,SOFT_FINANCIAL
STOLEN_CARD,"chori ka card report hua, block hai",CARD_MANDATE,KKBK,31907.09,97.8,1,HARD_PERMANENT
INVALID_VPA_PERMANENT,"galat UPI ID, ye VPA exist nahi karti",UPI_AUTOPAY,SBIN,13476.39,78.2,0,HARD_PERMANENT
TOKENIZATION_TIMEOUT,card token vault timeout during authorization,CARD_MANDATE,SBIN,10231.26,78.2,1,TRANSIENT_TECHNICAL
INSUFFICIENT_FUNDS,"account me paise nahi hai, balance insufficient",UPI_AUTOPAY,HDFC,28854.41,99.4,0,SOFT_FINANCIAL
CHECKOUT_DROPPED_OFF,user ne checkout beech me chhod diya,MAGIC_CHECKOUT,HDFC,28979.75,99.4,0,BEHAVIORAL_DROPOFF
GATEWAY_ERROR,504 Gateway Timeout from NPCI switch,UPI_AUTOPAY,HDFC,29258.97,99.4,2,TRANSIENT_TECHNICAL
MANDATE_AMOUNT_EXCEEDS_CAP,"autopay cap se zyada amount, bank ne decline kiya",UPI_AUTOPAY,HDFC,42599.91,99.4,1,SOFT_FINANCIAL
INVALID_VPA_PERMANENT,"VPA does not exist, invalid payee address",UPI_AUTOPAY,UTIB,40445.34,96.5,0,HARD_PERMANENT
INVOICE_OVERDUE_30_DAYS,Net-30 invoice crossed due date without payment reconciliation,B2B_INVOICE,HDFC,37111.97,99.4,0,COMMERCIAL_DISPUTE
INVALID_VPA_PERMANENT,"VPA does not exist, invalid payee address",UPI_AUTOPAY,ICIC,43727.86,98.9,1,HARD_PERMANENT
UPI_DAILY_LIMIT_EXCEEDED,"Customer reached daily UPI transaction limit of Rs.1,00,000",UPI_AUTOPAY,UTIB,42565.35,96.5,0,SOFT_FINANCIAL
TOKENIZATION_TIMEOUT,card token vault timeout during authorization,CARD_MANDATE,UTIB,10083.85,96.5,0,TRANSIENT_TECHNICAL
GATEWAY_ERROR,"payment gateway ne response nahi diya, timeout ho gaya",UPI_AUTOPAY,SBIN,20182.75,78.2,2,TRANSIENT_TECHNICAL
OTP_TIMEOUT,"customer ne OTP time par enter nahi kiya, session expire",MAGIC_CHECKOUT,SBIN,40617.03,78.2,0,TRANSIENT_TECHNICAL
PURCHASE_ORDER_MISMATCH,"PO amount mismatch, reconciliation on hold",B2B_INVOICE,UTIB,8488.44,96.5,3,COMMERCIAL_DISPUTE
FRAUD_DETECTED,High-risk score flagged by issuer fraud detection switch,CARD_MANDATE,KKBK,22174.71,97.8,2,HARD_PERMANENT
FRAUD_DETECTED,"suspicious activity, fraud check fail",CARD_MANDATE,HDFC,14094.49,99.4,0,HARD_PERMANENT
NPCI_TIMEOUT,"NPCI timeout, bank se confirmation nahi aaya",UPI_AUTOPAY,KKBK,8614.78,97.8,0,TRANSIENT_TECHNICAL
CARD_EXPIRED,"card expiry ho gayi, naya card link karo",CARD_MANDATE,SBIN,20584.54,78.2,2,HARD_PERMANENT
NPCI_TIMEOUT,UPI switch response timed out after 30 seconds,UPI_AUTOPAY,KKBK,6349.79,97.8,3,TRANSIENT_TECHNICAL
ACCOUNT_CLOSED,"customer account closed, debit returned",UPI_AUTOPAY,UTIB,17402.16,96.5,0,HARD_PERMANENT
ACCOUNT_CLOSED,"customer account closed, debit returned",UPI_AUTOPAY,SBIN,11325.01,78.2,0,HARD_PERMANENT
INVALID_VPA_PERMANENT,"VPA does not exist, invalid payee address",UPI_AUTOPAY,KKBK,803.67,97.8,0,HARD_PERMANENT
CART_ABANDONED_SHIPPING_FRICTION,shipping fee dekh kar customer ne cart chhod diya,MAGIC_CHECKOUT,HDFC,9263.21,99.4,1,BEHAVIORAL_DROPOFF
UPI_DAILY_LIMIT_EXCEEDED,"UPI daily cap khatam, kal retry karo",UPI_AUTOPAY,SBIN,13970.16,78.2,1,SOFT_FINANCIAL
CHECKOUT_DROPPED_OFF,Customer abandoned session at shipping/payment step,MAGIC_CHECKOUT,HDFC,24549.53,99.4,0,BEHAVIORAL_DROPOFF
TOKENIZATION_TIMEOUT,card token vault timeout during authorization,CARD_MANDATE,HDFC,37156.46,99.4,0,TRANSIENT_TECHNICAL
TOKENIZATION_TIMEOUT,"tokenization service slow, mandate auth timed out",CARD_MANDATE,HDFC,23116.61,99.4,3,TRANSIENT_TECHNICAL
OTP_TIMEOUT,OTP verification timed out during checkout,MAGIC_CHECKOUT,HDFC,41064.99,99.4,0,TRANSIENT_TECHNICAL
INSUFFICIENT_FUNDS,Mandate debit declined due to low card account balance,UPI_AUTOPAY,UTIB,6801.62,96.5,2,SOFT_FINANCIAL
INVOICE_APPROVAL_PENDING,Invoice stuck in enterprise procurement approval workflow,B2B_INVOICE,UTIB,30966.82,96.5,2,COMMERCIAL_DISPUTE
CART_ABANDONED_SHIPPING_FRICTION,shipping fee dekh kar customer ne cart chhod diya,MAGIC_CHECKOUT,SBIN,44586.4,78.2,0,BEHAVIORAL_DROPOFF
CART_ABANDONED_SHIPPING_FRICTION,shipping fee dekh kar customer ne cart chhod diya,MAGIC_CHECKOUT,ICIC,3616.87,98.9,0,BEHAVIORAL_DROPOFF
CART_ABANDONED_SHIPPING_FRICTION,shipping fee dekh kar customer ne cart chhod diya,MAGIC_CHECKOUT,HDFC,40322.17,99.4,1,BEHAVIORAL_DROPOFF
CHECKOUT_DROPPED_OFF,Customer abandoned session at shipping/payment step,MAGIC_CHECKOUT,UTIB,23965.06,96.5,1,BEHAVIORAL_DROPOFF
FRAUD_DETECTED,"suspicious activity, fraud check fail",CARD_MANDATE,SBIN,40211.56,78.2,2,HARD_PERMANENT
INVOICE_APPROVAL_PENDING,procurement team se approval pending hai,B2B_INVOICE,ICIC,39417.89,98.9,0,COMMERCIAL_DISPUTE
PURCHASE_ORDER_MISMATCH,purchase order aur invoice me antar hai,B2B_INVOICE,ICIC,36520.04,98.9,2,COMMERCIAL_DISPUTE
CARD_EXPIRED,Mandate card token expired; bank declined authorization,CARD_MANDATE,SBIN,35044.5,78.2,0,HARD_PERMANENT
INVOICE_OVERDUE_30_DAYS,Net-30 invoice crossed due date without payment reconciliation,B2B_INVOICE,UTIB,20211.4,96.5,3,COMMERCIAL_DISPUTE
PURCHASE_ORDER_MISMATCH,"PO amount mismatch, reconciliation on hold",B2B_INVOICE,HDFC,26086.94,99.4,2,COMMERCIAL_DISPUTE
INVALID_VPA_PERMANENT,"VPA does not exist, invalid payee address",UPI_AUTOPAY,HDFC,14672.12,99.4,0,HARD_PERMANENT
FRAUD_DETECTED,"suspicious activity, fraud check fail",CARD_MANDATE,ICIC,14504.67,98.9,1,HARD_PERMANENT
PURCHASE_ORDER_MISMATCH,purchase order aur invoice me antar hai,B2B_INVOICE,KKBK,35748.66,97.8,0,COMMERCIAL_DISPUTE
CHECKOUT_DROPPED_OFF,OTP verification timed out during checkout,MAGIC_CHECKOUT,SBIN,17366.08,78.2,1,BEHAVIORAL_DROPOFF
PURCHASE_ORDER_MISMATCH,purchase order aur invoice me antar hai,B2B_INVOICE,KKBK,24221.86,97.8,0,COMMERCIAL_DISPUTE
NPCI_TIMEOUT,UPI switch response timed out after 30 seconds,UPI_AUTOPAY,KKBK,32228.18,97.8,1,TRANSIENT_TECHNICAL
UPI_DAILY_LIMIT_EXCEEDED,"limit exceed, transaction declined by bank",UPI_AUTOPAY,SBIN,31698.28,78.2,0,SOFT_FINANCIAL
MANDATE_AMOUNT_EXCEEDS_CAP,"mandate amount exceeds NPCI cap of Rs.1,00,000",UPI_AUTOPAY,SBIN,44726.95,78.2,0,SOFT_FINANCIAL
MANDATE_AMOUNT_EXCEEDS_CAP,"autopay cap se zyada amount, bank ne decline kiya",UPI_AUTOPAY,SBIN,41456.42,78.2,0,SOFT_FINANCIAL
MANDATE_AMOUNT_EXCEEDS_CAP,"autopay cap se zyada amount, bank ne decline kiya",UPI_AUTOPAY,SBIN,13401.73,78.2,0,SOFT_FINANCIAL
TOKENIZATION_TIMEOUT,"tokenization service slow, mandate auth timed out",CARD_MANDATE,SBIN,9640.24,78.2,0,TRANSIENT_TECHNICAL
BANK_DEBIT_FAILED_TECHNICAL,Issuer node degradation during 02:00 AM auto-debit window,UPI_AUTOPAY,HDFC,43299.89,99.4,2,TRANSIENT_TECHNICAL
CHECKOUT_DROPPED_OFF,user ne checkout beech me chhod diya,MAGIC_CHECKOUT,HDFC,31385.99,99.4,1,BEHAVIORAL_DROPOFF
MANDATE_AMOUNT_EXCEEDS_CAP,"mandate amount exceeds NPCI cap of Rs.1,00,000",UPI_AUTOPAY,HDFC,29890.74,99.4,0,SOFT_FINANCIAL
PURCHASE_ORDER_MISMATCH,"PO amount mismatch, reconciliation on hold",B2B_INVOICE,HDFC,6779.67,99.4,0,COMMERCIAL_DISPUTE
CARD_EXPIRED,Mandate card token expired; bank declined authorization,CARD_MANDATE,HDFC,758.01,99.4,3,HARD_PERMANENT
OTP_TIMEOUT,OTP verification timed out during checkout,MAGIC_CHECKOUT,SBIN,21244.93,78.2,0,TRANSIENT_TECHNICAL
STOLEN_CARD,"chori ka card report hua, block hai",CARD_MANDATE,UTIB,18635.62,96.5,0,HARD_PERMANENT
PAYMENT_METHOD_UNAVAILABLE,selected UPI method unavailable at checkout,MAGIC_CHECKOUT,ICIC,5183.86,98.9,0,BEHAVIORAL_DROPOFF
BANK_DEBIT_FAILED_TECHNICAL,Issuer node degradation during 02:00 AM auto-debit window,UPI_AUTOPAY,KKBK,7382.79,97.8,1,TRANSIENT_TECHNICAL
OTP_TIMEOUT,"customer ne OTP time par enter nahi kiya, session expire",MAGIC_CHECKOUT,KKBK,32070.73,97.8,0,TRANSIENT_TECHNICAL
UPI_DAILY_LIMIT_EXCEEDED,"limit exceed, transaction declined by bank",UPI_AUTOPAY,ICIC,31978.72,98.9,1,SOFT_FINANCIAL
FRAUD_DETECTED,"suspicious activity, fraud check fail",CARD_MANDATE,HDFC,23562.77,99.4,0,HARD_PERMANENT
GATEWAY_ERROR,"payment gateway ne response nahi diya, timeout ho gaya",UPI_AUTOPAY,KKBK,2707.71,97.8,1,TRANSIENT_TECHNICAL
FRAUD_DETECTED,High-risk score flagged by issuer fraud detection switch,CARD_MANDATE,UTIB,21587.73,96.5,2,HARD_PERMANENT
NPCI_TIMEOUT,Card network switch response timed out,UPI_AUTOPAY,SBIN,2648.34,78.2,0,TRANSIENT_TECHNICAL
OTP_TIMEOUT,OTP verification timed out during checkout,MAGIC_CHECKOUT,ICIC,5055.47,98.9,0,TRANSIENT_TECHNICAL
MANDATE_AMOUNT_EXCEEDS_CAP,"autopay cap se zyada amount, bank ne decline kiya",UPI_AUTOPAY,HDFC,10930.18,99.4,0,SOFT_FINANCIAL
TOKENIZATION_TIMEOUT,card token vault timeout during authorization,CARD_MANDATE,HDFC,9692.78,99.4,0,TRANSIENT_TECHNICAL
INVOICE_APPROVAL_PENDING,Invoice stuck in enterprise procurement approval workflow,B2B_INVOICE,KKBK,9236.52,97.8,0,COMMERCIAL_DISPUTE
INSUFFICIENT_FUNDS,"account me paise nahi hai, balance insufficient",UPI_AUTOPAY,HDFC,43954.49,99.4,1,SOFT_FINANCIAL
BANK_DEBIT_FAILED_TECHNICAL,debit attempt failed due to issuer switch congestion,UPI_AUTOPAY,HDFC,2351.64,99.4,0,TRANSIENT_TECHNICAL
INVOICE_APPROVAL_PENDING,Invoice stuck in enterprise procurement approval workflow,B2B_INVOICE,ICIC,33874.99,98.9,1,COMMERCIAL_DISPUTE
STOLEN_CARD,stolen card hotlisted by issuer,CARD_MANDATE,ICIC,33882.29,98.9,2,HARD_PERMANENT
MANDATE_AMOUNT_EXCEEDS_CAP,"mandate amount exceeds NPCI cap of Rs.1,00,000",UPI_AUTOPAY,HDFC,15042.39,99.4,2,SOFT_FINANCIAL
STOLEN_CARD,stolen card hotlisted by issuer,CARD_MANDATE,KKBK,36375.55,97.8,0,HARD_PERMANENT
ACCOUNT_CLOSED,"account band ho gaya hai, retry bekar hai",UPI_AUTOPAY,UTIB,26468.43,96.5,3,HARD_PERMANENT
BANK_DEBIT_FAILED_TECHNICAL,"bank server busy, auto-debit fail ho gaya technical issue se",UPI_AUTOPAY,SBIN,6988.05,78.2,1,TRANSIENT_TECHNICAL
CARD_EXPIRED,Mandate card token expired; bank declined authorization,CARD_MANDATE,SBIN,39821.1,78.2,3,HARD_PERMANENT
CHECKOUT_DROPPED_OFF,OTP verification timed out during checkout,MAGIC_CHECKOUT,SBIN,44705.06,78.2,1,BEHAVIORAL_DROPOFF
STOLEN_CARD,"chori ka card report hua, block hai",CARD_MANDATE,UTIB,35383.55,96.5,0,HARD_PERMANENT
INVOICE_APPROVAL_PENDING,procurement team se approval pending hai,B2B_INVOICE,KKBK,38546.53,97.8,1,COMMERCIAL_DISPUTE
BANK_DEBIT_FAILED_TECHNICAL,debit attempt failed due to issuer switch congestion,UPI_AUTOPAY,SBIN,9554.37,78.2,1,TRANSIENT_TECHNICAL
CARD_EXPIRED,Mandate card token expired; bank declined authorization,CARD_MANDATE,KKBK,28324.6,97.8,1,HARD_PERMANENT
CART_ABANDONED_SHIPPING_FRICTION,User exited after shipping charge calculated,MAGIC_CHECKOUT,SBIN,34530.78,78.2,0,BEHAVIORAL_DROPOFF
TOKENIZATION_TIMEOUT,card token vault timeout during authorization,CARD_MANDATE,UTIB,4415.4,96.5,0,TRANSIENT_TECHNICAL
FRAUD_DETECTED,"suspicious activity, fraud check fail",CARD_MANDATE,SBIN,3252.72,78.2,1,HARD_PERMANENT
MANDATE_AMOUNT_EXCEEDS_CAP,"autopay cap se zyada amount, bank ne decline kiya",UPI_AUTOPAY,HDFC,3385.87,99.4,2,SOFT_FINANCIAL
PAYMENT_METHOD_UNAVAILABLE,payment option show nahi ho raha tha,MAGIC_CHECKOUT,UTIB,44036.05,96.5,3,BEHAVIORAL_DROPOFF
PAYMENT_METHOD_UNAVAILABLE,selected UPI method unavailable at checkout,MAGIC_CHECKOUT,HDFC,43731.26,99.4,1,BEHAVIORAL_DROPOFF
BANK_DEBIT_FAILED_TECHNICAL,"bank server busy, auto-debit fail ho gaya technical issue se",UPI_AUTOPAY,ICIC,18161.48,98.9,3,TRANSIENT_TECHNICAL
CHECKOUT_DROPPED_OFF,user ne checkout beech me chhod diya,MAGIC_CHECKOUT,ICIC,23158.58,98.9,1,BEHAVIORAL_DROPOFF
INVOICE_OVERDUE_30_DAYS,"30 din se payment pending, accounts se approval nahi aaya",B2B_INVOICE,HDFC,30762.28,99.4,1,COMMERCIAL_DISPUTE
PAYMENT_METHOD_UNAVAILABLE,payment option show nahi ho raha tha,MAGIC_CHECKOUT,HDFC,28003.12,99.4,2,BEHAVIORAL_DROPOFF
BANK_DEBIT_FAILED_TECHNICAL,Issuer node degradation during 02:00 AM auto-debit window,UPI_AUTOPAY,KKBK,554.85,97.8,3,TRANSIENT_TECHNICAL
CART_ABANDONED_SHIPPING_FRICTION,shipping fee dekh kar customer ne cart chhod diya,MAGIC_CHECKOUT,UTIB,7286.78,96.5,1,BEHAVIORAL_DROPOFF
CARD_EXPIRED,Mandate card token expired; bank declined authorization,CARD_MANDATE,UTIB,39362.19,96.5,2,HARD_PERMANENT
CARD_EXPIRED,"card expiry ho gayi, naya card link karo",CARD_MANDATE,UTIB,21187.76,96.5,1,HARD_PERMANENT
PAYMENT_METHOD_UNAVAILABLE,selected UPI method unavailable at checkout,MAGIC_CHECKOUT,HDFC,8275.43,99.4,0,BEHAVIORAL_DROPOFF
NPCI_TIMEOUT,Card network switch response timed out,UPI_AUTOPAY,SBIN,18187.52,78.2,0,TRANSIENT_TECHNICAL
INVOICE_OVERDUE_30_DAYS,"30 din se payment pending, accounts se approval nahi aaya",B2B_INVOICE,KKBK,21985.5,97.8,2,COMMERCIAL_DISPUTE
PURCHASE_ORDER_MISMATCH,"PO amount mismatch, reconciliation on hold",B2B_INVOICE,ICIC,20564.58,98.9,1,COMMERCIAL_DISPUTE
CHECKOUT_DROPPED_OFF,user ne checkout beech me chhod diya,MAGIC_CHECKOUT,SBIN,28881.33,78.2,0,BEHAVIORAL_DROPOFF
UPI_DAILY_LIMIT_EXCEEDED,"Customer reached daily UPI transaction limit of Rs.1,00,000",UPI_AUTOPAY,KKBK,34884.18,97.8,0,SOFT_FINANCIAL
MANDATE_AMOUNT_EXCEEDS_CAP,"autopay cap se zyada amount, bank ne decline kiya",UPI_AUTOPAY,UTIB,9760.47,96.5,0,SOFT_FINANCIAL
ACCOUNT_CLOSED,"account band ho gaya hai, retry bekar hai",UPI_AUTOPAY,ICIC,11492.05,98.9,0,HARD_PERMANENT
CARD_EXPIRED,Mandate card token expired; bank declined authorization,CARD_MANDATE,HDFC,12470.23,99.4,0,HARD_PERMANENT
INVOICE_APPROVAL_PENDING,procurement team se approval pending hai,B2B_INVOICE,UTIB,23709.58,96.5,2,COMMERCIAL_DISPUTE
INVALID_VPA_PERMANENT,"VPA does not exist, invalid payee address",UPI_AUTOPAY,HDFC,4340.46,99.4,1,HARD_PERMANENT
INVOICE_OVERDUE_30_DAYS,"30 din se payment pending, accounts se approval nahi aaya",B2B_INVOICE,SBIN,9096.72,78.2,1,COMMERCIAL_DISPUTE
PURCHASE_ORDER_MISMATCH,purchase order aur invoice me antar hai,B2B_INVOICE,KKBK,31059.29,97.8,0,COMMERCIAL_DISPUTE
OTP_TIMEOUT,"customer ne OTP time par enter nahi kiya, session expire",MAGIC_CHECKOUT,KKBK,17632.77,97.8,0,TRANSIENT_TECHNICAL
TOKENIZATION_TIMEOUT,card token vault timeout during authorization,CARD_MANDATE,HDFC,32577.74,99.4,1,TRANSIENT_TECHNICAL
CHECKOUT_DROPPED_OFF,user ne checkout beech me chhod diya,MAGIC_CHECKOUT,ICIC,834.58,98.9,1,BEHAVIORAL_DROPOFF
CHECKOUT_DROPPED_OFF,user ne checkout beech me chhod diya,MAGIC_CHECKOUT,ICIC,5288.7,98.9,2,BEHAVIORAL_DROPOFF
OTP_TIMEOUT,"customer ne OTP time par enter nahi kiya, session expire",MAGIC_CHECKOUT,KKBK,32558.14,97.8,1,TRANSIENT_TECHNICAL
CHECKOUT_DROPPED_OFF,OTP verification timed out during checkout,MAGIC_CHECKOUT,UTIB,28823.09,96.5,1,BEHAVIORAL_DROPOFF
CART_ABANDONED_SHIPPING_FRICTION,User exited after shipping charge calculated,MAGIC_CHECKOUT,SBIN,33607.44,78.2,0,BEHAVIORAL_DROPOFF
OTP_TIMEOUT,OTP verification timed out during checkout,MAGIC_CHECKOUT,KKBK,17113.91,97.8,0,TRANSIENT_TECHNICAL
GATEWAY_ERROR,issuer node degraded during mandate authorization,UPI_AUTOPAY,KKBK,42988.63,97.8,0,TRANSIENT_TECHNICAL
MANDATE_AMOUNT_EXCEEDS_CAP,"mandate amount exceeds NPCI cap of Rs.1,00,000",UPI_AUTOPAY,ICIC,40370.04,98.9,1,SOFT_FINANCIAL
CART_ABANDONED_SHIPPING_FRICTION,shipping fee dekh kar customer ne cart chhod diya,MAGIC_CHECKOUT,UTIB,18749.02,96.5,0,BEHAVIORAL_DROPOFF
MANDATE_AMOUNT_EXCEEDS_CAP,"autopay cap se zyada amount, bank ne decline kiya",UPI_AUTOPAY,KKBK,43838.32,97.8,0,SOFT_FINANCIAL
CART_ABANDONED_SHIPPING_FRICTION,User exited after shipping charge calculated,MAGIC_CHECKOUT,UTIB,19391.01,96.5,0,BEHAVIORAL_DROPOFF
TOKENIZATION_TIMEOUT,card token vault timeout during authorization,CARD_MANDATE,KKBK,19726.69,97.8,0,TRANSIENT_TECHNICAL
OTP_TIMEOUT,"customer ne OTP time par enter nahi kiya, session expire",MAGIC_CHECKOUT,KKBK,42217.93,97.8,3,TRANSIENT_TECHNICAL
CART_ABANDONED_SHIPPING_FRICTION,User exited after shipping charge calculated,MAGIC_CHECKOUT,HDFC,4214.87,99.4,0,BEHAVIORAL_DROPOFF
OTP_TIMEOUT,OTP verification timed out during checkout,MAGIC_CHECKOUT,UTIB,33797.23,96.5,1,TRANSIENT_TECHNICAL
TOKENIZATION_TIMEOUT,card token vault timeout during authorization,CARD_MANDATE,UTIB,22750.1,96.5,3,TRANSIENT_TECHNICAL
BANK_DEBIT_FAILED_TECHNICAL,"bank server busy, auto-debit fail ho gaya technical issue se",UPI_AUTOPAY,UTIB,9691.04,96.5,3,TRANSIENT_TECHNICAL
PAYMENT_METHOD_UNAVAILABLE,payment option show nahi ho raha tha,MAGIC_CHECKOUT,HDFC,8960.29,99.4,1,BEHAVIORAL_DROPOFF
CART_ABANDONED_SHIPPING_FRICTION,shipping fee dekh kar customer ne cart chhod diya,MAGIC_CHECKOUT,UTIB,18698.89,96.5,3,BEHAVIORAL_DROPOFF
NPCI_TIMEOUT,UPI switch response timed out after 30 seconds,UPI_AUTOPAY,ICIC,35242.17,98.9,1,TRANSIENT_TECHNICAL
INVOICE_APPROVAL_PENDING,procurement team se approval pending hai,B2B_INVOICE,ICIC,13970.68,98.9,3,COMMERCIAL_DISPUTE
OTP_TIMEOUT,OTP verification timed out during checkout,MAGIC_CHECKOUT,HDFC,40528.29,99.4,1,TRANSIENT_TECHNICAL
BANK_DEBIT_FAILED_TECHNICAL,Downstream bank gateway timeout during debit attempt,UPI_AUTOPAY,HDFC,7070.37,99.4,0,TRANSIENT_TECHNICAL
STOLEN_CARD,"chori ka card report hua, block hai",CARD_MANDATE,ICIC,7833.57,98.9,1,HARD_PERMANENT
OTP_TIMEOUT,OTP verification timed out during checkout,MAGIC_CHECKOUT,KKBK,43812.34,97.8,0,TRANSIENT_TECHNICAL
NPCI_TIMEOUT,UPI switch response timed out after 30 seconds,UPI_AUTOPAY,KKBK,19423.22,97.8,2,TRANSIENT_TECHNICAL
NPCI_TIMEOUT,"NPCI timeout, bank se confirmation nahi aaya",UPI_AUTOPAY,SBIN,18259.14,78.2,0,TRANSIENT_TECHNICAL
STOLEN_CARD,stolen card hotlisted by issuer,CARD_MANDATE,UTIB,10546.66,96.5,2,HARD_PERMANENT
CHECKOUT_DROPPED_OFF,OTP verification timed out during checkout,MAGIC_CHECKOUT,HDFC,28488.19,99.4,3,BEHAVIORAL_DROPOFF
NPCI_TIMEOUT,"NPCI timeout, bank se confirmation nahi aaya",UPI_AUTOPAY,ICIC,37712.57,98.9,0,TRANSIENT_TECHNICAL
INVOICE_OVERDUE_30_DAYS,Net-30 invoice crossed due date without payment reconciliation,B2B_INVOICE,HDFC,4377.38,99.4,1,COMMERCIAL_DISPUTE
ACCOUNT_CLOSED,"customer account closed, debit returned",UPI_AUTOPAY,HDFC,27890.48,99.4,1,HARD_PERMANENT
CARD_EXPIRED,"card expiry ho gayi, naya card link karo",CARD_MANDATE,HDFC,33456.56,99.4,0,HARD_PERMANENT
PAYMENT_METHOD_UNAVAILABLE,payment option show nahi ho raha tha,MAGIC_CHECKOUT,SBIN,10938.78,78.2,0,BEHAVIORAL_DROPOFF
INVOICE_APPROVAL_PENDING,Invoice stuck in enterprise procurement approval workflow,B2B_INVOICE,KKBK,37852.3,97.8,2,COMMERCIAL_DISPUTE
NPCI_TIMEOUT,Card network switch response timed out,UPI_AUTOPAY,HDFC,12517.7,99.4,0,TRANSIENT_TECHNICAL
ACCOUNT_CLOSED,"customer account closed, debit returned",UPI_AUTOPAY,HDFC,20768.38,99.4,1,HARD_PERMANENT
CART_ABANDONED_SHIPPING_FRICTION,User exited after shipping charge calculated,MAGIC_CHECKOUT,SBIN,12853.63,78.2,0,BEHAVIORAL_DROPOFF
CARD_EXPIRED,Mandate card token expired; bank declined authorization,CARD_MANDATE,UTIB,38038.98,96.5,3,HARD_PERMANENT
GATEWAY_ERROR,"payment gateway ne response nahi diya, timeout ho gaya",UPI_AUTOPAY,HDFC,22197.95,99.4,0,TRANSIENT_TECHNICAL
OTP_TIMEOUT,OTP verification timed out during checkout,MAGIC_CHECKOUT,UTIB,43172.89,96.5,0,TRANSIENT_TECHNICAL
GATEWAY_ERROR,"payment gateway ne response nahi diya, timeout ho gaya",UPI_AUTOPAY,UTIB,40059.06,96.5,2,TRANSIENT_TECHNICAL
PAYMENT_METHOD_UNAVAILABLE,selected UPI method unavailable at checkout,MAGIC_CHECKOUT,SBIN,13583.52,78.2,0,BEHAVIORAL_DROPOFF
UPI_DAILY_LIMIT_EXCEEDED,"limit exceed, transaction declined by bank",UPI_AUTOPAY,KKBK,38495.29,97.8,0,SOFT_FINANCIAL
INVOICE_OVERDUE_30_DAYS,"30 din se payment pending, accounts se approval nahi aaya",B2B_INVOICE,UTIB,44772.23,96.5,1,COMMERCIAL_DISPUTE
TOKENIZATION_TIMEOUT,card token vault timeout during authorization,CARD_MANDATE,SBIN,23573.86,78.2,0,TRANSIENT_TECHNICAL
CART_ABANDONED_SHIPPING_FRICTION,User exited after shipping charge calculated,MAGIC_CHECKOUT,KKBK,1523.1,97.8,0,BEHAVIORAL_DROPOFF
STOLEN_CARD,stolen card hotlisted by issuer,CARD_MANDATE,SBIN,39035.83,78.2,0,HARD_PERMANENT
GATEWAY_ERROR,504 Gateway Timeout from NPCI switch,UPI_AUTOPAY,ICIC,6406.85,98.9,0,TRANSIENT_TECHNICAL
CHECKOUT_DROPPED_OFF,user ne checkout beech me chhod diya,MAGIC_CHECKOUT,ICIC,21774.04,98.9,0,BEHAVIORAL_DROPOFF
MANDATE_AMOUNT_EXCEEDS_CAP,"autopay cap se zyada amount, bank ne decline kiya",UPI_AUTOPAY,UTIB,33584.46,96.5,1,SOFT_FINANCIAL
OTP_TIMEOUT,"customer ne OTP time par enter nahi kiya, session expire",MAGIC_CHECKOUT,SBIN,11403.42,78.2,0,TRANSIENT_TECHNICAL
INVALID_VPA_PERMANENT,"galat UPI ID, ye VPA exist nahi karti",UPI_AUTOPAY,HDFC,26347.03,99.4,3,HARD_PERMANENT
UPI_DAILY_LIMIT_EXCEEDED,"UPI daily cap khatam, kal retry karo",UPI_AUTOPAY,SBIN,35775.45,78.2,2,SOFT_FINANCIAL
PURCHASE_ORDER_MISMATCH,purchase order aur invoice me antar hai,B2B_INVOICE,UTIB,19182.86,96.5,2,COMMERCIAL_DISPUTE
INVALID_VPA_PERMANENT,"galat UPI ID, ye VPA exist nahi karti",UPI_AUTOPAY,KKBK,5017.76,97.8,1,HARD_PERMANENT
OTP_TIMEOUT,OTP verification timed out during checkout,MAGIC_CHECKOUT,KKBK,16009.97,97.8,2,TRANSIENT_TECHNICAL
CARD_EXPIRED,"card expiry ho gayi, naya card link karo",CARD_MANDATE,SBIN,40047.24,78.2,1,HARD_PERMANENT
INVALID_VPA_PERMANENT,"galat UPI ID, ye VPA exist nahi karti",UPI_AUTOPAY,ICIC,27253.52,98.9,2,HARD_PERMANENT
STOLEN_CARD,"chori ka card report hua, block hai",CARD_MANDATE,UTIB,1540.34,96.5,0,HARD_PERMANENT
INVOICE_OVERDUE_30_DAYS,"30 din se payment pending, accounts se approval nahi aaya",B2B_INVOICE,SBIN,16226.31,78.2,0,COMMERCIAL_DISPUTE
GATEWAY_ERROR,"downstream gateway error, retry after clearing window",UPI_AUTOPAY,ICIC,6696.92,98.9,0,TRANSIENT_TECHNICAL
CART_ABANDONED_SHIPPING_FRICTION,User exited after shipping charge calculated,MAGIC_CHECKOUT,ICIC,31035.19,98.9,2,BEHAVIORAL_DROPOFF
INVOICE_OVERDUE_30_DAYS,Net-30 invoice crossed due date without payment reconciliation,B2B_INVOICE,UTIB,25622.19,96.5,0,COMMERCIAL_DISPUTE
INSUFFICIENT_FUNDS,Declined by customer bank due to low balance,UPI_AUTOPAY,UTIB,12905.2,96.5,0,SOFT_FINANCIAL
STOLEN_CARD,stolen card hotlisted by issuer,CARD_MANDATE,HDFC,25330.51,99.4,2,HARD_PERMANENT
CARD_EXPIRED,"card expiry ho gayi, naya card link karo",CARD_MANDATE,UTIB,14436.01,96.5,0,HARD_PERMANENT
GATEWAY_ERROR,issuer node degraded during mandate authorization,UPI_AUTOPAY,HDFC,36161.89,99.4,1,TRANSIENT_TECHNICAL
BANK_DEBIT_FAILED_TECHNICAL,"bank server busy, auto-debit fail ho gaya technical issue se",UPI_AUTOPAY,UTIB,5541.92,96.5,1,TRANSIENT_TECHNICAL
FRAUD_DETECTED,"suspicious activity, fraud check fail",CARD_MANDATE,KKBK,17351.4,97.8,1,HARD_PERMANENT
ACCOUNT_CLOSED,"account band ho gaya hai, retry bekar hai",UPI_AUTOPAY,HDFC,29035.91,99.4,3,HARD_PERMANENT
UPI_DAILY_LIMIT_EXCEEDED,"Customer reached daily UPI transaction limit of Rs.1,00,000",UPI_AUTOPAY,UTIB,12938.87,96.5,3,SOFT_FINANCIAL
NPCI_TIMEOUT,UPI switch response timed out after 30 seconds,UPI_AUTOPAY,KKBK,41327.86,97.8,0,TRANSIENT_TECHNICAL
INVOICE_OVERDUE_30_DAYS,Net-30 invoice crossed due date without payment reconciliation,B2B_INVOICE,HDFC,21250.69,99.4,3,COMMERCIAL_DISPUTE
OTP_TIMEOUT,"customer ne OTP time par enter nahi kiya, session expire",MAGIC_CHECKOUT,ICIC,14409.41,98.9,0,TRANSIENT_TECHNICAL
NPCI_TIMEOUT,UPI switch response timed out after 30 seconds,UPI_AUTOPAY,KKBK,34902.46,97.8,1,TRANSIENT_TECHNICAL
BANK_DEBIT_FAILED_TECHNICAL,debit attempt failed due to issuer switch congestion,UPI_AUTOPAY,ICIC,31400.97,98.9,1,TRANSIENT_TECHNICAL
PURCHASE_ORDER_MISMATCH,"PO amount mismatch, reconciliation on hold",B2B_INVOICE,ICIC,42209.07,98.9,0,COMMERCIAL_DISPUTE
ACCOUNT_CLOSED,"customer account closed, debit returned",UPI_AUTOPAY,HDFC,37180.28,99.4,0,HARD_PERMANENT
CART_ABANDONED_SHIPPING_FRICTION,shipping fee dekh kar customer ne cart chhod diya,MAGIC_CHECKOUT,UTIB,10339.31,96.5,0,BEHAVIORAL_DROPOFF
GATEWAY_ERROR,"downstream gateway error, retry after clearing window",UPI_AUTOPAY,KKBK,44532.5,97.8,2,TRANSIENT_TECHNICAL
BANK_DEBIT_FAILED_TECHNICAL,"bank server busy, auto-debit fail ho gaya technical issue se",UPI_AUTOPAY,HDFC,5163.11,99.4,0,TRANSIENT_TECHNICAL
CARD_EXPIRED,"card expiry ho gayi, naya card link karo",CARD_MANDATE,ICIC,31018.58,98.9,3,HARD_PERMANENT
NPCI_TIMEOUT,Card network switch response timed out,UPI_AUTOPAY,SBIN,41633.58,78.2,1,TRANSIENT_TECHNICAL
PAYMENT_METHOD_UNAVAILABLE,selected UPI method unavailable at checkout,MAGIC_CHECKOUT,SBIN,14505.42,78.2,0,BEHAVIORAL_DROPOFF
UPI_DAILY_LIMIT_EXCEEDED,"UPI daily cap khatam, kal retry karo",UPI_AUTOPAY,UTIB,30136.61,96.5,1,SOFT_FINANCIAL
STOLEN_CARD,stolen card hotlisted by issuer,CARD_MANDATE,KKBK,21610.6,97.8,1,HARD_PERMANENT
INVALID_VPA_PERMANENT,"galat UPI ID, ye VPA exist nahi karti",UPI_AUTOPAY,UTIB,10316.43,96.5,0,HARD_PERMANENT
INVOICE_APPROVAL_PENDING,Invoice stuck in enterprise procurement approval workflow,B2B_INVOICE,ICIC,25221.04,98.9,3,COMMERCIAL_DISPUTE
INSUFFICIENT_FUNDS,Salary credit not yet posted; balance too low for auto-debit,UPI_AUTOPAY,HDFC,3565.54,99.4,1,SOFT_FINANCIAL
BANK_DEBIT_FAILED_TECHNICAL,Issuer node degradation during 02:00 AM auto-debit window,UPI_AUTOPAY,HDFC,30238.02,99.4,1,TRANSIENT_TECHNICAL
NPCI_TIMEOUT,UPI switch response timed out after 30 seconds,UPI_AUTOPAY,UTIB,4882.26,96.5,0,TRANSIENT_TECHNICAL
UPI_DAILY_LIMIT_EXCEEDED,"limit exceed, transaction declined by bank",UPI_AUTOPAY,KKBK,38658.81,97.8,3,SOFT_FINANCIAL
INVOICE_APPROVAL_PENDING,procurement team se approval pending hai,B2B_INVOICE,SBIN,38181.6,78.2,0,COMMERCIAL_DISPUTE
CHECKOUT_DROPPED_OFF,Customer abandoned session at shipping/payment step,MAGIC_CHECKOUT,ICIC,17473.18,98.9,1,BEHAVIORAL_DROPOFF
STOLEN_CARD,stolen card hotlisted by issuer,CARD_MANDATE,UTIB,8619.5,96.5,0,HARD_PERMANENT
OTP_TIMEOUT,OTP verification timed out during checkout,MAGIC_CHECKOUT,ICIC,42826.91,98.9,1,TRANSIENT_TECHNICAL
CART_ABANDONED_SHIPPING_FRICTION,User exited after shipping charge calculated,MAGIC_CHECKOUT,UTIB,39453.47,96.5,2,BEHAVIORAL_DROPOFF
CART_ABANDONED_SHIPPING_FRICTION,User exited after shipping charge calculated,MAGIC_CHECKOUT,HDFC,40255.49,99.4,0,BEHAVIORAL_DROPOFF
INVALID_VPA_PERMANENT,"VPA does not exist, invalid payee address",UPI_AUTOPAY,UTIB,29852.13,96.5,1,HARD_PERMANENT
MANDATE_AMOUNT_EXCEEDS_CAP,"autopay cap se zyada amount, bank ne decline kiya",UPI_AUTOPAY,HDFC,41726.29,99.4,0,SOFT_FINANCIAL
MANDATE_AMOUNT_EXCEEDS_CAP,"autopay cap se zyada amount, bank ne decline kiya",UPI_AUTOPAY,SBIN,6946.93,78.2,1,SOFT_FINANCIAL
OTP_TIMEOUT,"customer ne OTP time par enter nahi kiya, session expire",MAGIC_CHECKOUT,HDFC,19971.5,99.4,0,TRANSIENT_TECHNICAL
CART_ABANDONED_SHIPPING_FRICTION,User exited after shipping charge calculated,MAGIC_CHECKOUT,UTIB,32993.4,96.5,1,BEHAVIORAL_DROPOFF
GATEWAY_ERROR,"downstream gateway error, retry after clearing window",UPI_AUTOPAY,SBIN,18240.01,78.2,1,TRANSIENT_TECHNICAL
INVALID_VPA_PERMANENT,"galat UPI ID, ye VPA exist nahi karti",UPI_AUTOPAY,KKBK,19623.16,97.8,2,HARD_PERMANENT
BANK_DEBIT_FAILED_TECHNICAL,Issuer node degradation during 02:00 AM auto-debit window,UPI_AUTOPAY,HDFC,10036.39,99.4,0,TRANSIENT_TECHNICAL
BANK_DEBIT_FAILED_TECHNICAL,"bank server busy, auto-debit fail ho gaya technical issue se",UPI_AUTOPAY,SBIN,3149.03,78.2,0,TRANSIENT_TECHNICAL
INVALID_VPA_PERMANENT,"VPA does not exist, invalid payee address",UPI_AUTOPAY,KKBK,31537.85,97.8,1,HARD_PERMANENT
NPCI_TIMEOUT,Card network switch response timed out,UPI_AUTOPAY,HDFC,10050.22,99.4,3,TRANSIENT_TECHNICAL
INVALID_VPA_PERMANENT,"galat UPI ID, ye VPA exist nahi karti",UPI_AUTOPAY,SBIN,7861.28,78.2,0,HARD_PERMANENT
MANDATE_AMOUNT_EXCEEDS_CAP,"autopay cap se zyada amount, bank ne decline kiya",UPI_AUTOPAY,KKBK,13100.73,97.8,0,SOFT_FINANCIAL
CART_ABANDONED_SHIPPING_FRICTION,User exited after shipping charge calculated,MAGIC_CHECKOUT,KKBK,40868.56,97.8,1,BEHAVIORAL_DROPOFF
PURCHASE_ORDER_MISMATCH,purchase order aur invoice me antar hai,B2B_INVOICE,SBIN,7825.59,78.2,2,COMMERCIAL_DISPUTE
CARD_EXPIRED,Mandate card token expired; bank declined authorization,CARD_MANDATE,SBIN,15079.89,78.2,1,HARD_PERMANENT
CHECKOUT_DROPPED_OFF,Customer abandoned session at shipping/payment step,MAGIC_CHECKOUT,UTIB,19370.36,96.5,0,BEHAVIORAL_DROPOFF
FRAUD_DETECTED,"suspicious activity, fraud check fail",CARD_MANDATE,HDFC,7847.66,99.4,3,HARD_PERMANENT
ACCOUNT_CLOSED,"account band ho gaya hai, retry bekar hai",UPI_AUTOPAY,UTIB,26325.1,96.5,1,HARD_PERMANENT
INSUFFICIENT_FUNDS,Mandate debit declined due to low card account balance,UPI_AUTOPAY,HDFC,2222.95,99.4,0,SOFT_FINANCIAL
UPI_DAILY_LIMIT_EXCEEDED,"limit exceed, transaction declined by bank",UPI_AUTOPAY,ICIC,37623.92,98.9,1,SOFT_FINANCIAL
STOLEN_CARD,stolen card hotlisted by issuer,CARD_MANDATE,SBIN,34931.27,78.2,0,HARD_PERMANENT
INVOICE_APPROVAL_PENDING,procurement team se approval pending hai,B2B_INVOICE,UTIB,22181.14,96.5,0,COMMERCIAL_DISPUTE
TOKENIZATION_TIMEOUT,"tokenization service slow, mandate auth timed out",CARD_MANDATE,UTIB,11557.7,96.5,1,TRANSIENT_TECHNICAL
ACCOUNT_CLOSED,"account band ho gaya hai, retry bekar hai",UPI_AUTOPAY,ICIC,32014.75,98.9,1,HARD_PERMANENT
PURCHASE_ORDER_MISMATCH,"PO amount mismatch, reconciliation on hold",B2B_INVOICE,ICIC,30922.82,98.9,2,COMMERCIAL_DISPUTE
ACCOUNT_CLOSED,"customer account closed, debit returned",UPI_AUTOPAY,UTIB,38560.55,96.5,2,HARD_PERMANENT
CHECKOUT_DROPPED_OFF,user ne checkout beech me chhod diya,MAGIC_CHECKOUT,UTIB,1583.56,96.5,1,BEHAVIORAL_DROPOFF
OTP_TIMEOUT,"customer ne OTP time par enter nahi kiya, session expire",MAGIC_CHECKOUT,SBIN,33547.3,78.2,0,TRANSIENT_TECHNICAL
NPCI_TIMEOUT,"NPCI timeout, bank se confirmation nahi aaya",UPI_AUTOPAY,HDFC,43452.26,99.4,2,TRANSIENT_TECHNICAL
TOKENIZATION_TIMEOUT,"tokenization service slow, mandate auth timed out",CARD_MANDATE,KKBK,8037.04,97.8,2,TRANSIENT_TECHNICAL
MANDATE_AMOUNT_EXCEEDS_CAP,"autopay cap se zyada amount, bank ne decline kiya",UPI_AUTOPAY,UTIB,26593.41,96.5,0,SOFT_FINANCIAL
INVOICE_APPROVAL_PENDING,Invoice stuck in enterprise procurement approval workflow,B2B_INVOICE,HDFC,26161.93,99.4,2,COMMERCIAL_DISPUTE
INVOICE_OVERDUE_30_DAYS,Net-30 invoice crossed due date without payment reconciliation,B2B_INVOICE,UTIB,35830.71,96.5,1,COMMERCIAL_DISPUTE
MANDATE_AMOUNT_EXCEEDS_CAP,"autopay cap se zyada amount, bank ne decline kiya",UPI_AUTOPAY,HDFC,43632.22,99.4,1,SOFT_FINANCIAL
CHECKOUT_DROPPED_OFF,user ne checkout beech me chhod diya,MAGIC_CHECKOUT,SBIN,23638.26,78.2,0,BEHAVIORAL_DROPOFF
TOKENIZATION_TIMEOUT,card token vault timeout during authorization,CARD_MANDATE,ICIC,22009.24,98.9,0,TRANSIENT_TECHNICAL
INVOICE_APPROVAL_PENDING,Invoice stuck in enterprise procurement approval workflow,B2B_INVOICE,UTIB,2033.74,96.5,0,COMMERCIAL_DISPUTE
UPI_DAILY_LIMIT_EXCEEDED,"Customer reached daily UPI transaction limit of Rs.1,00,000",UPI_AUTOPAY,HDFC,22078.3,99.4,0,SOFT_FINANCIAL
OTP_TIMEOUT,"customer ne OTP time par enter nahi kiya, session expire",MAGIC_CHECKOUT,HDFC,2434.66,99.4,0,TRANSIENT_TECHNICAL
MANDATE_AMOUNT_EXCEEDS_CAP,"autopay cap se zyada amount, bank ne decline kiya",UPI_AUTOPAY,KKBK,30006.27,97.8,3,SOFT_FINANCIAL
TOKENIZATION_TIMEOUT,card token vault timeout during authorization,CARD_MANDATE,HDFC,32150.94,99.4,0,TRANSIENT_TECHNICAL
GATEWAY_ERROR,"payment gateway ne response nahi diya, timeout ho gaya",UPI_AUTOPAY,KKBK,41337.96,97.8,0,TRANSIENT_TECHNICAL
INSUFFICIENT_FUNDS,Declined by customer bank due to low balance,UPI_AUTOPAY,UTIB,41995.41,96.5,0,SOFT_FINANCIAL
NPCI_TIMEOUT,Card network switch response timed out,UPI_AUTOPAY,UTIB,43517.39,96.5,0,TRANSIENT_TECHNICAL
INVALID_VPA_PERMANENT,"galat UPI ID, ye VPA exist nahi karti",UPI_AUTOPAY,KKBK,14120.27,97.8,1,HARD_PERMANENT
OTP_TIMEOUT,"customer ne OTP time par enter nahi kiya, session expire",MAGIC_CHECKOUT,KKBK,6434.24,97.8,3,TRANSIENT_TECHNICAL
GATEWAY_ERROR,"downstream gateway error, retry after clearing window",UPI_AUTOPAY,SBIN,18850.21,78.2,0,TRANSIENT_TECHNICAL
INVOICE_APPROVAL_PENDING,procurement team se approval pending hai,B2B_INVOICE,HDFC,13519.87,99.4,2,COMMERCIAL_DISPUTE
PAYMENT_METHOD_UNAVAILABLE,selected UPI method unavailable at checkout,MAGIC_CHECKOUT,UTIB,35251.56,96.5,3,BEHAVIORAL_DROPOFF
OTP_TIMEOUT,OTP verification timed out during checkout,MAGIC_CHECKOUT,SBIN,23789.93,78.2,2,TRANSIENT_TECHNICAL
INVOICE_OVERDUE_30_DAYS,"30 din se payment pending, accounts se approval nahi aaya",B2B_INVOICE,UTIB,16067.24,96.5,1,COMMERCIAL_DISPUTE
OTP_TIMEOUT,"customer ne OTP time par enter nahi kiya, session expire",MAGIC_CHECKOUT,UTIB,1438.78,96.5,1,TRANSIENT_TECHNICAL
ACCOUNT_CLOSED,"account band ho gaya hai, retry bekar hai",UPI_AUTOPAY,HDFC,34062.13,99.4,1,HARD_PERMANENT
INVOICE_APPROVAL_PENDING,Invoice stuck in enterprise procurement approval workflow,B2B_INVOICE,KKBK,23146.38,97.8,0,COMMERCIAL_DISPUTE
TOKENIZATION_TIMEOUT,"tokenization service slow, mandate auth timed out",CARD_MANDATE,HDFC,34038.77,99.4,1,TRANSIENT_TECHNICAL
CHECKOUT_DROPPED_OFF,user ne checkout beech me chhod diya,MAGIC_CHECKOUT,HDFC,20933.25,99.4,3,BEHAVIORAL_DROPOFF
STOLEN_CARD,"chori ka card report hua, block hai",CARD_MANDATE,HDFC,3991.81,99.4,0,HARD_PERMANENT
CART_ABANDONED_SHIPPING_FRICTION,shipping fee dekh kar customer ne cart chhod diya,MAGIC_CHECKOUT,KKBK,4562.58,97.8,0,BEHAVIORAL_DROPOFF
UPI_DAILY_LIMIT_EXCEEDED,"UPI daily cap khatam, kal retry karo",UPI_AUTOPAY,ICIC,38921.14,98.9,0,SOFT_FINANCIAL
UPI_DAILY_LIMIT_EXCEEDED,"limit exceed, transaction declined by bank",UPI_AUTOPAY,KKBK,33323.22,97.8,0,SOFT_FINANCIAL
GATEWAY_ERROR,issuer node degraded during mandate authorization,UPI_AUTOPAY,KKBK,33370.74,97.8,1,TRANSIENT_TECHNICAL
CHECKOUT_DROPPED_OFF,Customer abandoned session at shipping/payment step,MAGIC_CHECKOUT,SBIN,13679.27,78.2,0,BEHAVIORAL_DROPOFF
ACCOUNT_CLOSED,"account band ho gaya hai, retry bekar hai",UPI_AUTOPAY,KKBK,31011.99,97.8,0,HARD_PERMANENT
CARD_EXPIRED,Mandate card token expired; bank declined authorization,CARD_MANDATE,SBIN,27249.43,78.2,0,HARD_PERMANENT
STOLEN_CARD,stolen card hotlisted by issuer,CARD_MANDATE,SBIN,9351.56,78.2,1,HARD_PERMANENT
ACCOUNT_CLOSED,"account band ho gaya hai, retry bekar hai",UPI_AUTOPAY,UTIB,2692.32,96.5,0,HARD_PERMANENT
INVOICE_APPROVAL_PENDING,procurement team se approval pending hai,B2B_INVOICE,UTIB,44224.78,96.5,3,COMMERCIAL_DISPUTE
INSUFFICIENT_FUNDS,"account me paise nahi hai, balance insufficient",UPI_AUTOPAY,KKBK,30722.84,97.8,3,SOFT_FINANCIAL
CART_ABANDONED_SHIPPING_FRICTION,shipping fee dekh kar customer ne cart chhod diya,MAGIC_CHECKOUT,SBIN,28701.27,78.2,0,BEHAVIORAL_DROPOFF
CHECKOUT_DROPPED_OFF,OTP verification timed out during checkout,MAGIC_CHECKOUT,SBIN,7849.91,78.2,2,BEHAVIORAL_DROPOFF
TOKENIZATION_TIMEOUT,card token vault timeout during authorization,CARD_MANDATE,UTIB,21724.38,96.5,0,TRANSIENT_TECHNICAL
CART_ABANDONED_SHIPPING_FRICTION,shipping fee dekh kar customer ne cart chhod diya,MAGIC_CHECKOUT,ICIC,30112.61,98.9,1,BEHAVIORAL_DROPOFF
NPCI_TIMEOUT,"NPCI timeout, bank se confirmation nahi aaya",UPI_AUTOPAY,HDFC,20985.04,99.4,3,TRANSIENT_TECHNICAL
OTP_TIMEOUT,OTP verification timed out during checkout,MAGIC_CHECKOUT,HDFC,12896.6,99.4,0,TRANSIENT_TECHNICAL
UPI_DAILY_LIMIT_EXCEEDED,"UPI daily cap khatam, kal retry karo",UPI_AUTOPAY,HDFC,26207.69,99.4,0,SOFT_FINANCIAL
PAYMENT_METHOD_UNAVAILABLE,selected UPI method unavailable at checkout,MAGIC_CHECKOUT,ICIC,43333.25,98.9,1,BEHAVIORAL_DROPOFF
PAYMENT_METHOD_UNAVAILABLE,payment option show nahi ho raha tha,MAGIC_CHECKOUT,HDFC,44182.55,99.4,0,BEHAVIORAL_DROPOFF
STOLEN_CARD,stolen card hotlisted by issuer,CARD_MANDATE,ICIC,40634.17,98.9,1,HARD_PERMANENT
NPCI_TIMEOUT,"NPCI timeout, bank se confirmation nahi aaya",UPI_AUTOPAY,HDFC,8016.63,99.4,0,TRANSIENT_TECHNICAL
MANDATE_AMOUNT_EXCEEDS_CAP,"autopay cap se zyada amount, bank ne decline kiya",UPI_AUTOPAY,UTIB,32239.88,96.5,3,SOFT_FINANCIAL
CHECKOUT_DROPPED_OFF,user ne checkout beech me chhod diya,MAGIC_CHECKOUT,ICIC,41571.69,98.9,0,BEHAVIORAL_DROPOFF
PURCHASE_ORDER_MISMATCH,purchase order aur invoice me antar hai,B2B_INVOICE,UTIB,27341.32,96.5,0,COMMERCIAL_DISPUTE
UPI_DAILY_LIMIT_EXCEEDED,"limit exceed, transaction declined by bank",UPI_AUTOPAY,KKBK,34937.61,97.8,1,SOFT_FINANCIAL
INVALID_VPA_PERMANENT,"VPA does not exist, invalid payee address",UPI_AUTOPAY,ICIC,26580.16,98.9,1,HARD_PERMANENT
MANDATE_AMOUNT_EXCEEDS_CAP,"autopay cap se zyada amount, bank ne decline kiya",UPI_AUTOPAY,HDFC,2211.87,99.4,3,SOFT_FINANCIAL
FRAUD_DETECTED,High-risk score flagged by issuer fraud detection switch,CARD_MANDATE,HDFC,30003.36,99.4,1,HARD_PERMANENT
PURCHASE_ORDER_MISMATCH,purchase order aur invoice me antar hai,B2B_INVOICE,SBIN,44163.49,78.2,3,COMMERCIAL_DISPUTE
INSUFFICIENT_FUNDS,Declined by customer bank due to low balance,UPI_AUTOPAY,SBIN,32821.44,78.2,1,SOFT_FINANCIAL
OTP_TIMEOUT,OTP verification timed out during checkout,MAGIC_CHECKOUT,HDFC,27612.89,99.4,0,TRANSIENT_TECHNICAL
BANK_DEBIT_FAILED_TECHNICAL,Downstream bank gateway timeout during debit attempt,UPI_AUTOPAY,UTIB,34397.93,96.5,1,TRANSIENT_TECHNICAL
ACCOUNT_CLOSED,"customer account closed, debit returned",UPI_AUTOPAY,ICIC,5022.32,98.9,1,HARD_PERMANENT
NPCI_TIMEOUT,UPI switch response timed out after 30 seconds,UPI_AUTOPAY,KKBK,25129.33,97.8,0,TRANSIENT_TECHNICAL
INVALID_VPA_PERMANENT,"galat UPI ID, ye VPA exist nahi karti",UPI_AUTOPAY,UTIB,30612.12,96.5,0,HARD_PERMANENT
GATEWAY_ERROR,issuer node degraded during mandate authorization,UPI_AUTOPAY,UTIB,36659.74,96.5,3,TRANSIENT_TECHNICAL
GATEWAY_ERROR,504 Gateway Timeout from NPCI switch,UPI_AUTOPAY,KKBK,1285.11,97.8,2,TRANSIENT_TECHNICAL
CART_ABANDONED_SHIPPING_FRICTION,User exited after shipping charge calculated,MAGIC_CHECKOUT,HDFC,36488.21,99.4,0,BEHAVIORAL_DROPOFF
MANDATE_AMOUNT_EXCEEDS_CAP,"autopay cap se zyada amount, bank ne decline kiya",UPI_AUTOPAY,KKBK,24686.37,97.8,0,SOFT_FINANCIAL
INVOICE_OVERDUE_30_DAYS,Net-30 invoice crossed due date without payment reconciliation,B2B_INVOICE,KKBK,22428.16,97.8,3,COMMERCIAL_DISPUTE
GATEWAY_ERROR,"payment gateway ne response nahi diya, timeout ho gaya",UPI_AUTOPAY,KKBK,15973.7,97.8,1,TRANSIENT_TECHNICAL
TOKENIZATION_TIMEOUT,card token vault timeout during authorization,CARD_MANDATE,HDFC,19861.18,99.4,2,TRANSIENT_TECHNICAL
NPCI_TIMEOUT,UPI switch response timed out after 30 seconds,UPI_AUTOPAY,KKBK,3699.92,97.8,3,TRANSIENT_TECHNICAL
STOLEN_CARD,"chori ka card report hua, block hai",CARD_MANDATE,HDFC,5482.27,99.4,0,HARD_PERMANENT
BANK_DEBIT_FAILED_TECHNICAL,"bank server busy, auto-debit fail ho gaya technical issue se",UPI_AUTOPAY,HDFC,10235.37,99.4,0,TRANSIENT_TECHNICAL
INVALID_VPA_PERMANENT,"galat UPI ID, ye VPA exist nahi karti",UPI_AUTOPAY,ICIC,3243.35,98.9,3,HARD_PERMANENT
FRAUD_DETECTED,"suspicious activity, fraud check fail",CARD_MANDATE,HDFC,24141.72,99.4,0,HARD_PERMANENT
STOLEN_CARD,"chori ka card report hua, block hai",CARD_MANDATE,UTIB,27914.91,96.5,1,HARD_PERMANENT
CART_ABANDONED_SHIPPING_FRICTION,shipping fee dekh kar customer ne cart chhod diya,MAGIC_CHECKOUT,ICIC,29464.45,98.9,0,BEHAVIORAL_DROPOFF
INVOICE_OVERDUE_30_DAYS,"30 din se payment pending, accounts se approval nahi aaya",B2B_INVOICE,ICIC,9182.1,98.9,3,COMMERCIAL_DISPUTE
BANK_DEBIT_FAILED_TECHNICAL,Issuer node degradation during 02:00 AM auto-debit window,UPI_AUTOPAY,SBIN,24709.06,78.2,2,TRANSIENT_TECHNICAL
INVOICE_OVERDUE_30_DAYS,Net-30 invoice crossed due date without payment reconciliation,B2B_INVOICE,SBIN,22310.76,78.2,3,COMMERCIAL_DISPUTE
UPI_DAILY_LIMIT_EXCEEDED,"limit exceed, transaction declined by bank",UPI_AUTOPAY,HDFC,15693.23,99.4,0,SOFT_FINANCIAL
OTP_TIMEOUT,OTP verification timed out during checkout,MAGIC_CHECKOUT,KKBK,21648.44,97.8,0,TRANSIENT_TECHNICAL
INVALID_VPA_PERMANENT,"VPA does not exist, invalid payee address",UPI_AUTOPAY,HDFC,1793.92,99.4,1,HARD_PERMANENT
INSUFFICIENT_FUNDS,"account me paise nahi hai, balance insufficient",UPI_AUTOPAY,UTIB,21595.63,96.5,3,SOFT_FINANCIAL
INSUFFICIENT_FUNDS,Declined by customer bank due to low balance,UPI_AUTOPAY,HDFC,1379.68,99.4,3,SOFT_FINANCIAL
GATEWAY_ERROR,"payment gateway ne response nahi diya, timeout ho gaya",UPI_AUTOPAY,HDFC,24951.37,99.4,0,TRANSIENT_TECHNICAL
NPCI_TIMEOUT,Card network switch response timed out,UPI_AUTOPAY,SBIN,19450.83,78.2,1,TRANSIENT_TECHNICAL
TOKENIZATION_TIMEOUT,card token vault timeout during authorization,CARD_MANDATE,HDFC,19819.73,99.4,1,TRANSIENT_TECHNICAL
MANDATE_AMOUNT_EXCEEDS_CAP,"autopay cap se zyada amount, bank ne decline kiya",UPI_AUTOPAY,SBIN,15571.37,78.2,0,SOFT_FINANCIAL
INSUFFICIENT_FUNDS,Salary credit not yet posted; balance too low for auto-debit,UPI_AUTOPAY,HDFC,26569.65,99.4,0,SOFT_FINANCIAL
OTP_TIMEOUT,OTP verification timed out during checkout,MAGIC_CHECKOUT,HDFC,39321.73,99.4,0,TRANSIENT_TECHNICAL
BANK_DEBIT_FAILED_TECHNICAL,Downstream bank gateway timeout during debit attempt,UPI_AUTOPAY,HDFC,5876.0,99.4,0,TRANSIENT_TECHNICAL
INVOICE_APPROVAL_PENDING,Invoice stuck in enterprise procurement approval workflow,B2B_INVOICE,ICIC,15864.45,98.9,2,COMMERCIAL_DISPUTE
INSUFFICIENT_FUNDS,"account me paise nahi hai, balance insufficient",UPI_AUTOPAY,SBIN,27353.95,78.2,1,SOFT_FINANCIAL
CART_ABANDONED_SHIPPING_FRICTION,User exited after shipping charge calculated,MAGIC_CHECKOUT,HDFC,11408.16,99.4,1,BEHAVIORAL_DROPOFF
GATEWAY_ERROR,"payment gateway ne response nahi diya, timeout ho gaya",UPI_AUTOPAY,ICIC,40414.18,98.9,3,TRANSIENT_TECHNICAL
INSUFFICIENT_FUNDS,Mandate debit declined due to low card account balance,UPI_AUTOPAY,ICIC,42375.87,98.9,3,SOFT_FINANCIAL
TOKENIZATION_TIMEOUT,"tokenization service slow, mandate auth timed out",CARD_MANDATE,SBIN,23802.15,78.2,0,TRANSIENT_TECHNICAL
INVOICE_OVERDUE_30_DAYS,Net-30 invoice crossed due date without payment reconciliation,B2B_INVOICE,HDFC,15728.61,99.4,1,COMMERCIAL_DISPUTE
PURCHASE_ORDER_MISMATCH,purchase order aur invoice me antar hai,B2B_INVOICE,HDFC,9318.46,99.4,0,COMMERCIAL_DISPUTE
STOLEN_CARD,stolen card hotlisted by issuer,CARD_MANDATE,ICIC,33437.25,98.9,0,HARD_PERMANENT
CART_ABANDONED_SHIPPING_FRICTION,shipping fee dekh kar customer ne cart chhod diya,MAGIC_CHECKOUT,SBIN,1805.91,78.2,0,BEHAVIORAL_DROPOFF
PAYMENT_METHOD_UNAVAILABLE,payment option show nahi ho raha tha,MAGIC_CHECKOUT,HDFC,1152.8,99.4,3,BEHAVIORAL_DROPOFF
BANK_DEBIT_FAILED_TECHNICAL,"bank server busy, auto-debit fail ho gaya technical issue se",UPI_AUTOPAY,ICIC,26552.75,98.9,0,TRANSIENT_TECHNICAL
CARD_EXPIRED,Mandate card token expired; bank declined authorization,CARD_MANDATE,ICIC,38484.78,98.9,1,HARD_PERMANENT
PURCHASE_ORDER_MISMATCH,"PO amount mismatch, reconciliation on hold",B2B_INVOICE,UTIB,17432.3,96.5,0,COMMERCIAL_DISPUTE
INSUFFICIENT_FUNDS,Salary credit not yet posted; balance too low for auto-debit,UPI_AUTOPAY,UTIB,8461.5,96.5,1,SOFT_FINANCIAL
TOKENIZATION_TIMEOUT,card token vault timeout during authorization,CARD_MANDATE,ICIC,1601.54,98.9,3,TRANSIENT_TECHNICAL
MANDATE_AMOUNT_EXCEEDS_CAP,"mandate amount exceeds NPCI cap of Rs.1,00,000",UPI_AUTOPAY,KKBK,34000.37,97.8,0,SOFT_FINANCIAL
INVALID_VPA_PERMANENT,"VPA does not exist, invalid payee address",UPI_AUTOPAY,HDFC,15473.65,99.4,3,HARD_PERMANENT
OTP_TIMEOUT,"customer ne OTP time par enter nahi kiya, session expire",MAGIC_CHECKOUT,HDFC,36371.18,99.4,1,TRANSIENT_TECHNICAL
NPCI_TIMEOUT,"NPCI timeout, bank se confirmation nahi aaya",UPI_AUTOPAY,ICIC,38661.29,98.9,1,TRANSIENT_TECHNICAL
PAYMENT_METHOD_UNAVAILABLE,payment option show nahi ho raha tha,MAGIC_CHECKOUT,KKBK,32420.78,97.8,3,BEHAVIORAL_DROPOFF
STOLEN_CARD,"chori ka card report hua, block hai",CARD_MANDATE,SBIN,43221.62,78.2,1,HARD_PERMANENT
INSUFFICIENT_FUNDS,Salary credit not yet posted; balance too low for auto-debit,UPI_AUTOPAY,HDFC,12774.65,99.4,2,SOFT_FINANCIAL
INVALID_VPA_PERMANENT,"VPA does not exist, invalid payee address",UPI_AUTOPAY,SBIN,34755.77,78.2,0,HARD_PERMANENT
INVOICE_OVERDUE_30_DAYS,"30 din se payment pending, accounts se approval nahi aaya",B2B_INVOICE,HDFC,27776.13,99.4,0,COMMERCIAL_DISPUTE
INVALID_VPA_PERMANENT,"galat UPI ID, ye VPA exist nahi karti",UPI_AUTOPAY,KKBK,751.8,97.8,0,HARD_PERMANENT
UPI_DAILY_LIMIT_EXCEEDED,"limit exceed, transaction declined by bank",UPI_AUTOPAY,ICIC,37652.63,98.9,3,SOFT_FINANCIAL
FRAUD_DETECTED,"suspicious activity, fraud check fail",CARD_MANDATE,UTIB,972.56,96.5,0,HARD_PERMANENT
PAYMENT_METHOD_UNAVAILABLE,selected UPI method unavailable at checkout,MAGIC_CHECKOUT,ICIC,21712.79,98.9,3,BEHAVIORAL_DROPOFF
TOKENIZATION_TIMEOUT,card token vault timeout during authorization,CARD_MANDATE,UTIB,2823.66,96.5,0,TRANSIENT_TECHNICAL
INVALID_VPA_PERMANENT,"galat UPI ID, ye VPA exist nahi karti",UPI_AUTOPAY,HDFC,19931.13,99.4,0,HARD_PERMANENT
INVALID_VPA_PERMANENT,"galat UPI ID, ye VPA exist nahi karti",UPI_AUTOPAY,UTIB,5898.69,96.5,2,HARD_PERMANENT
FRAUD_DETECTED,High-risk score flagged by issuer fraud detection switch,CARD_MANDATE,KKBK,29587.48,97.8,0,HARD_PERMANENT
CART_ABANDONED_SHIPPING_FRICTION,User exited after shipping charge calculated,MAGIC_CHECKOUT,SBIN,30862.66,78.2,3,BEHAVIORAL_DROPOFF
PAYMENT_METHOD_UNAVAILABLE,payment option show nahi ho raha tha,MAGIC_CHECKOUT,HDFC,24992.22,99.4,0,BEHAVIORAL_DROPOFF
BANK_DEBIT_FAILED_TECHNICAL,"bank server busy, auto-debit fail ho gaya technical issue se",UPI_AUTOPAY,ICIC,921.11,98.9,3,TRANSIENT_TECHNICAL
MANDATE_AMOUNT_EXCEEDS_CAP,"mandate amount exceeds NPCI cap of Rs.1,00,000",UPI_AUTOPAY,KKBK,10713.65,97.8,0,SOFT_FINANCIAL
CARD_EXPIRED,"card expiry ho gayi, naya card link karo",CARD_MANDATE,HDFC,23093.9,99.4,0,HARD_PERMANENT
GATEWAY_ERROR,"downstream gateway error, retry after clearing window",UPI_AUTOPAY,KKBK,16836.27,97.8,3,TRANSIENT_TECHNICAL
OTP_TIMEOUT,OTP verification timed out during checkout,MAGIC_CHECKOUT,UTIB,39438.1,96.5,0,TRANSIENT_TECHNICAL
ACCOUNT_CLOSED,"account band ho gaya hai, retry bekar hai",UPI_AUTOPAY,KKBK,35509.56,97.8,0,HARD_PERMANENT
OTP_TIMEOUT,"customer ne OTP time par enter nahi kiya, session expire",MAGIC_CHECKOUT,UTIB,42423.03,96.5,0,TRANSIENT_TECHNICAL
ACCOUNT_CLOSED,"customer account closed, debit returned",UPI_AUTOPAY,ICIC,2197.6,98.9,0,HARD_PERMANENT
UPI_DAILY_LIMIT_EXCEEDED,"Customer reached daily UPI transaction limit of Rs.1,00,000",UPI_AUTOPAY,HDFC,27484.52,99.4,3,SOFT_FINANCIAL
INVOICE_OVERDUE_30_DAYS,"30 din se payment pending, accounts se approval nahi aaya",B2B_INVOICE,SBIN,17171.4,78.2,1,COMMERCIAL_DISPUTE
BANK_DEBIT_FAILED_TECHNICAL,Issuer node degradation during 02:00 AM auto-debit window,UPI_AUTOPAY,UTIB,34364.77,96.5,2,TRANSIENT_TECHNICAL
CARD_EXPIRED,Mandate card token expired; bank declined authorization,CARD_MANDATE,SBIN,25529.59,78.2,1,HARD_PERMANENT
TOKENIZATION_TIMEOUT,"tokenization service slow, mandate auth timed out",CARD_MANDATE,KKBK,33040.18,97.8,3,TRANSIENT_TECHNICAL
STOLEN_CARD,stolen card hotlisted by issuer,CARD_MANDATE,KKBK,21359.82,97.8,1,HARD_PERMANENT
STOLEN_CARD,"chori ka card report hua, block hai",CARD_MANDATE,ICIC,12258.66,98.9,3,HARD_PERMANENT
UPI_DAILY_LIMIT_EXCEEDED,"UPI daily cap khatam, kal retry karo",UPI_AUTOPAY,SBIN,14924.39,78.2,3,SOFT_FINANCIAL
MANDATE_AMOUNT_EXCEEDS_CAP,"mandate amount exceeds NPCI cap of Rs.1,00,000",UPI_AUTOPAY,UTIB,14303.09,96.5,0,SOFT_FINANCIAL
INSUFFICIENT_FUNDS,Mandate debit declined due to low card account balance,UPI_AUTOPAY,UTIB,16411.64,96.5,0,SOFT_FINANCIAL
TOKENIZATION_TIMEOUT,card token vault timeout during authorization,CARD_MANDATE,ICIC,29468.83,98.9,1,TRANSIENT_TECHNICAL
INSUFFICIENT_FUNDS,Mandate debit declined due to low card account balance,UPI_AUTOPAY,UTIB,10492.63,96.5,3,SOFT_FINANCIAL
CHECKOUT_DROPPED_OFF,OTP verification timed out during checkout,MAGIC_CHECKOUT,SBIN,34984.66,78.2,1,BEHAVIORAL_DROPOFF
UPI_DAILY_LIMIT_EXCEEDED,"limit exceed, transaction declined by bank",UPI_AUTOPAY,SBIN,27328.05,78.2,3,SOFT_FINANCIAL
INVOICE_APPROVAL_PENDING,procurement team se approval pending hai,B2B_INVOICE,ICIC,5483.91,98.9,1,COMMERCIAL_DISPUTE
OTP_TIMEOUT,OTP verification timed out during checkout,MAGIC_CHECKOUT,KKBK,22339.66,97.8,3,TRANSIENT_TECHNICAL
GATEWAY_ERROR,issuer node degraded during mandate authorization,UPI_AUTOPAY,UTIB,893.96,96.5,0,TRANSIENT_TECHNICAL
OTP_TIMEOUT,"customer ne OTP time par enter nahi kiya, session expire",MAGIC_CHECKOUT,KKBK,32069.62,97.8,1,TRANSIENT_TECHNICAL
CART_ABANDONED_SHIPPING_FRICTION,User exited after shipping charge calculated,MAGIC_CHECKOUT,HDFC,37556.7,99.4,0,BEHAVIORAL_DROPOFF
FRAUD_DETECTED,High-risk score flagged by issuer fraud detection switch,CARD_MANDATE,SBIN,23266.9,78.2,1,HARD_PERMANENT
NPCI_TIMEOUT,Card network switch response timed out,UPI_AUTOPAY,ICIC,5909.02,98.9,2,TRANSIENT_TECHNICAL
TOKENIZATION_TIMEOUT,card token vault timeout during authorization,CARD_MANDATE,ICIC,5531.65,98.9,3,TRANSIENT_TECHNICAL
INVOICE_OVERDUE_30_DAYS,Net-30 invoice crossed due date without payment reconciliation,B2B_INVOICE,HDFC,3503.19,99.4,0,COMMERCIAL_DISPUTE
PAYMENT_METHOD_UNAVAILABLE,payment option show nahi ho raha tha,MAGIC_CHECKOUT,UTIB,33382.99,96.5,1,BEHAVIORAL_DROPOFF
INVOICE_APPROVAL_PENDING,procurement team se approval pending hai,B2B_INVOICE,SBIN,33057.99,78.2,2,COMMERCIAL_DISPUTE
UPI_DAILY_LIMIT_EXCEEDED,"limit exceed, transaction declined by bank",UPI_AUTOPAY,HDFC,7020.24,99.4,0,SOFT_FINANCIAL
UPI_DAILY_LIMIT_EXCEEDED,"limit exceed, transaction declined by bank",UPI_AUTOPAY,ICIC,30390.71,98.9,1,SOFT_FINANCIAL
NPCI_TIMEOUT,Card network switch response timed out,UPI_AUTOPAY,UTIB,8116.33,96.5,2,TRANSIENT_TECHNICAL
UPI_DAILY_LIMIT_EXCEEDED,"UPI daily cap khatam, kal retry karo",UPI_AUTOPAY,HDFC,10604.64,99.4,1,SOFT_FINANCIAL
INVOICE_OVERDUE_30_DAYS,Net-30 invoice crossed due date without payment reconciliation,B2B_INVOICE,KKBK,23391.48,97.8,1,COMMERCIAL_DISPUTE
UPI_DAILY_LIMIT_EXCEEDED,"limit exceed, transaction declined by bank",UPI_AUTOPAY,UTIB,12978.81,96.5,1,SOFT_FINANCIAL
INVOICE_OVERDUE_30_DAYS,Net-30 invoice crossed due date without payment reconciliation,B2B_INVOICE,SBIN,2077.7,78.2,2,COMMERCIAL_DISPUTE
GATEWAY_ERROR,"payment gateway ne response nahi diya, timeout ho gaya",UPI_AUTOPAY,KKBK,12665.16,97.8,1,TRANSIENT_TECHNICAL
INVOICE_OVERDUE_30_DAYS,Net-30 invoice crossed due date without payment reconciliation,B2B_INVOICE,ICIC,12957.92,98.9,0,COMMERCIAL_DISPUTE
INVOICE_APPROVAL_PENDING,procurement team se approval pending hai,B2B_INVOICE,UTIB,19862.91,96.5,0,COMMERCIAL_DISPUTE
INVOICE_APPROVAL_PENDING,procurement team se approval pending hai,B2B_INVOICE,KKBK,33955.16,97.8,0,COMMERCIAL_DISPUTE
INVALID_VPA_PERMANENT,"VPA does not exist, invalid payee address",UPI_AUTOPAY,HDFC,9465.78,99.4,3,HARD_PERMANENT
STOLEN_CARD,stolen card hotlisted by issuer,CARD_MANDATE,HDFC,27007.54,99.4,0,HARD_PERMANENT
TOKENIZATION_TIMEOUT,card token vault timeout during authorization,CARD_MANDATE,HDFC,22078.28,99.4,3,TRANSIENT_TECHNICAL
ACCOUNT_CLOSED,"account band ho gaya hai, retry bekar hai",UPI_AUTOPAY,SBIN,12825.6,78.2,1,HARD_PERMANENT
OTP_TIMEOUT,"customer ne OTP time par enter nahi kiya, session expire",MAGIC_CHECKOUT,KKBK,5851.93,97.8,1,TRANSIENT_TECHNICAL
INVOICE_APPROVAL_PENDING,Invoice stuck in enterprise procurement approval workflow,B2B_INVOICE,HDFC,20108.79,99.4,1,COMMERCIAL_DISPUTE
PURCHASE_ORDER_MISMATCH,purchase order aur invoice me antar hai,B2B_INVOICE,HDFC,38929.59,99.4,0,COMMERCIAL_DISPUTE
CART_ABANDONED_SHIPPING_FRICTION,shipping fee dekh kar customer ne cart chhod diya,MAGIC_CHECKOUT,HDFC,33543.38,99.4,0,BEHAVIORAL_DROPOFF
CARD_EXPIRED,"card expiry ho gayi, naya card link karo",CARD_MANDATE,SBIN,22915.8,78.2,0,HARD_PERMANENT
PAYMENT_METHOD_UNAVAILABLE,selected UPI method unavailable at checkout,MAGIC_CHECKOUT,ICIC,40173.7,98.9,0,BEHAVIORAL_DROPOFF
OTP_TIMEOUT,OTP verification timed out during checkout,MAGIC_CHECKOUT,KKBK,14424.54,97.8,3,TRANSIENT_TECHNICAL
TOKENIZATION_TIMEOUT,card token vault timeout during authorization,CARD_MANDATE,HDFC,11216.18,99.4,1,TRANSIENT_TECHNICAL
NPCI_TIMEOUT,UPI switch response timed out after 30 seconds,UPI_AUTOPAY,SBIN,12084.08,78.2,0,TRANSIENT_TECHNICAL
PURCHASE_ORDER_MISMATCH,"PO amount mismatch, reconciliation on hold",B2B_INVOICE,UTIB,12859.75,96.5,0,COMMERCIAL_DISPUTE
CARD_EXPIRED,Mandate card token expired; bank declined authorization,CARD_MANDATE,HDFC,19656.92,99.4,1,HARD_PERMANENT
TOKENIZATION_TIMEOUT,card token vault timeout during authorization,CARD_MANDATE,SBIN,1937.85,78.2,2,TRANSIENT_TECHNICAL
INVALID_VPA_PERMANENT,"galat UPI ID, ye VPA exist nahi karti",UPI_AUTOPAY,KKBK,10714.5,97.8,0,HARD_PERMANENT
PURCHASE_ORDER_MISMATCH,"PO amount mismatch, reconciliation on hold",B2B_INVOICE,ICIC,37862.84,98.9,0,COMMERCIAL_DISPUTE
PURCHASE_ORDER_MISMATCH,purchase order aur invoice me antar hai,B2B_INVOICE,UTIB,26982.92,96.5,1,COMMERCIAL_DISPUTE
PURCHASE_ORDER_MISMATCH,purchase order aur invoice me antar hai,B2B_INVOICE,HDFC,10007.31,99.4,3,COMMERCIAL_DISPUTE
INVOICE_APPROVAL_PENDING,procurement team se approval pending hai,B2B_INVOICE,UTIB,14777.11,96.5,2,COMMERCIAL_DISPUTE
OTP_TIMEOUT,OTP verification timed out during checkout,MAGIC_CHECKOUT,SBIN,21019.63,78.2,0,TRANSIENT_TECHNICAL
CART_ABANDONED_SHIPPING_FRICTION,shipping fee dekh kar customer ne cart chhod diya,MAGIC_CHECKOUT,UTIB,31775.59,96.5,3,BEHAVIORAL_DROPOFF
PURCHASE_ORDER_MISMATCH,purchase order aur invoice me antar hai,B2B_INVOICE,KKBK,18657.14,97.8,0,COMMERCIAL_DISPUTE
ACCOUNT_CLOSED,"account band ho gaya hai, retry bekar hai",UPI_AUTOPAY,ICIC,22934.94,98.9,3,HARD_PERMANENT
OTP_TIMEOUT,OTP verification timed out during checkout,MAGIC_CHECKOUT,KKBK,34776.35,97.8,0,TRANSIENT_TECHNICAL
INVOICE_OVERDUE_30_DAYS,"30 din se payment pending, accounts se approval nahi aaya",B2B_INVOICE,UTIB,36444.38,96.5,1,COMMERCIAL_DISPUTE
NPCI_TIMEOUT,Card network switch response timed out,UPI_AUTOPAY,HDFC,12219.88,99.4,2,TRANSIENT_TECHNICAL
INSUFFICIENT_FUNDS,"account me paise nahi hai, balance insufficient",UPI_AUTOPAY,HDFC,14020.59,99.4,1,SOFT_FINANCIAL
INSUFFICIENT_FUNDS,Salary credit not yet posted; balance too low for auto-debit,UPI_AUTOPAY,KKBK,9437.0,97.8,2,SOFT_FINANCIAL
CART_ABANDONED_SHIPPING_FRICTION,shipping fee dekh kar customer ne cart chhod diya,MAGIC_CHECKOUT,SBIN,27301.87,78.2,0,BEHAVIORAL_DROPOFF
ACCOUNT_CLOSED,"account band ho gaya hai, retry bekar hai",UPI_AUTOPAY,HDFC,35163.2,99.4,0,HARD_PERMANENT
MANDATE_AMOUNT_EXCEEDS_CAP,"mandate amount exceeds NPCI cap of Rs.1,00,000",UPI_AUTOPAY,HDFC,23434.99,99.4,0,SOFT_FINANCIAL
TOKENIZATION_TIMEOUT,card token vault timeout during authorization,CARD_MANDATE,SBIN,37748.92,78.2,1,TRANSIENT_TECHNICAL
INSUFFICIENT_FUNDS,"account me paise nahi hai, balance insufficient",UPI_AUTOPAY,SBIN,40997.2,78.2,0,SOFT_FINANCIAL
OTP_TIMEOUT,OTP verification timed out during checkout,MAGIC_CHECKOUT,KKBK,33053.11,97.8,0,TRANSIENT_TECHNICAL
BANK_DEBIT_FAILED_TECHNICAL,Downstream bank gateway timeout during debit attempt,UPI_AUTOPAY,KKBK,4792.03,97.8,1,TRANSIENT_TECHNICAL
PURCHASE_ORDER_MISMATCH,"PO amount mismatch, reconciliation on hold",B2B_INVOICE,SBIN,12881.7,78.2,0,COMMERCIAL_DISPUTE
INSUFFICIENT_FUNDS,Salary credit not yet posted; balance too low for auto-debit,UPI_AUTOPAY,HDFC,12405.4,99.4,0,SOFT_FINANCIAL
NPCI_TIMEOUT,"NPCI timeout, bank se confirmation nahi aaya",UPI_AUTOPAY,UTIB,6076.59,96.5,2,TRANSIENT_TECHNICAL
INVALID_VPA_PERMANENT,"VPA does not exist, invalid payee address",UPI_AUTOPAY,HDFC,3509.36,99.4,2,HARD_PERMANENT
OTP_TIMEOUT,OTP verification timed out during checkout,MAGIC_CHECKOUT,HDFC,33470.55,99.4,1,TRANSIENT_TECHNICAL
CHECKOUT_DROPPED_OFF,Customer abandoned session at shipping/payment step,MAGIC_CHECKOUT,KKBK,35709.17,97.8,0,BEHAVIORAL_DROPOFF
INVOICE_APPROVAL_PENDING,procurement team se approval pending hai,B2B_INVOICE,UTIB,23153.04,96.5,0,COMMERCIAL_DISPUTE
INVOICE_APPROVAL_PENDING,procurement team se approval pending hai,B2B_INVOICE,UTIB,9278.67,96.5,0,COMMERCIAL_DISPUTE
UPI_DAILY_LIMIT_EXCEEDED,"UPI daily cap khatam, kal retry karo",UPI_AUTOPAY,UTIB,13246.78,96.5,0,SOFT_FINANCIAL
INSUFFICIENT_FUNDS,Mandate debit declined due to low card account balance,UPI_AUTOPAY,KKBK,12678.67,97.8,0,SOFT_FINANCIAL
TOKENIZATION_TIMEOUT,card token vault timeout during authorization,CARD_MANDATE,UTIB,970.14,96.5,1,TRANSIENT_TECHNICAL
NPCI_TIMEOUT,Card network switch response timed out,UPI_AUTOPAY,KKBK,32212.84,97.8,1,TRANSIENT_TECHNICAL
INSUFFICIENT_FUNDS,Declined by customer bank due to low balance,UPI_AUTOPAY,UTIB,34749.79,96.5,1,SOFT_FINANCIAL
MANDATE_AMOUNT_EXCEEDS_CAP,"autopay cap se zyada amount, bank ne decline kiya",UPI_AUTOPAY,KKBK,5080.0,97.8,0,SOFT_FINANCIAL
INVOICE_OVERDUE_30_DAYS,Net-30 invoice crossed due date without payment reconciliation,B2B_INVOICE,HDFC,4472.52,99.4,0,COMMERCIAL_DISPUTE
GATEWAY_ERROR,"payment gateway ne response nahi diya, timeout ho gaya",UPI_AUTOPAY,KKBK,11397.86,97.8,0,TRANSIENT_TECHNICAL
NPCI_TIMEOUT,"NPCI timeout, bank se confirmation nahi aaya",UPI_AUTOPAY,UTIB,23648.1,96.5,3,TRANSIENT_TECHNICAL
UPI_DAILY_LIMIT_EXCEEDED,"Customer reached daily UPI transaction limit of Rs.1,00,000",UPI_AUTOPAY,HDFC,34579.67,99.4,0,SOFT_FINANCIAL
OTP_TIMEOUT,"customer ne OTP time par enter nahi kiya, session expire",MAGIC_CHECKOUT,ICIC,37577.52,98.9,0,TRANSIENT_TECHNICAL
INVOICE_OVERDUE_30_DAYS,"30 din se payment pending, accounts se approval nahi aaya",B2B_INVOICE,HDFC,12212.16,99.4,0,COMMERCIAL_DISPUTE
TOKENIZATION_TIMEOUT,"tokenization service slow, mandate auth timed out",CARD_MANDATE,KKBK,22591.23,97.8,2,TRANSIENT_TECHNICAL
INSUFFICIENT_FUNDS,"account me paise nahi hai, balance insufficient",UPI_AUTOPAY,UTIB,31957.0,96.5,1,SOFT_FINANCIAL
TOKENIZATION_TIMEOUT,card token vault timeout during authorization,CARD_MANDATE,HDFC,19270.88,99.4,0,TRANSIENT_TECHNICAL
NPCI_TIMEOUT,UPI switch response timed out after 30 seconds,UPI_AUTOPAY,HDFC,7460.93,99.4,2,TRANSIENT_TECHNICAL
CART_ABANDONED_SHIPPING_FRICTION,User exited after shipping charge calculated,MAGIC_CHECKOUT,SBIN,19803.97,78.2,0,BEHAVIORAL_DROPOFF
BANK_DEBIT_FAILED_TECHNICAL,debit attempt failed due to issuer switch congestion,UPI_AUTOPAY,UTIB,7847.52,96.5,3,TRANSIENT_TECHNICAL
STOLEN_CARD,"chori ka card report hua, block hai",CARD_MANDATE,SBIN,33754.65,78.2,1,HARD_PERMANENT
OTP_TIMEOUT,"customer ne OTP time par enter nahi kiya, session expire",MAGIC_CHECKOUT,HDFC,13493.74,99.4,1,TRANSIENT_TECHNICAL
INVOICE_APPROVAL_PENDING,procurement team se approval pending hai,B2B_INVOICE,KKBK,14642.22,97.8,0,COMMERCIAL_DISPUTE
UPI_DAILY_LIMIT_EXCEEDED,"limit exceed, transaction declined by bank",UPI_AUTOPAY,SBIN,6539.13,78.2,1,SOFT_FINANCIAL
GATEWAY_ERROR,"downstream gateway error, retry after clearing window",UPI_AUTOPAY,KKBK,27282.0,97.8,1,TRANSIENT_TECHNICAL
PAYMENT_METHOD_UNAVAILABLE,selected UPI method unavailable at checkout,MAGIC_CHECKOUT,ICIC,41733.09,98.9,2,BEHAVIORAL_DROPOFF
CHECKOUT_DROPPED_OFF,Customer abandoned session at shipping/payment step,MAGIC_CHECKOUT,KKBK,32235.36,97.8,1,BEHAVIORAL_DROPOFF
ACCOUNT_CLOSED,"account band ho gaya hai, retry bekar hai",UPI_AUTOPAY,UTIB,8228.49,96.5,1,HARD_PERMANENT
CARD_EXPIRED,Mandate card token expired; bank declined authorization,CARD_MANDATE,ICIC,31625.32,98.9,0,HARD_PERMANENT
CART_ABANDONED_SHIPPING_FRICTION,shipping fee dekh kar customer ne cart chhod diya,MAGIC_CHECKOUT,ICIC,4442.31,98.9,1,BEHAVIORAL_DROPOFF
PAYMENT_METHOD_UNAVAILABLE,selected UPI method unavailable at checkout,MAGIC_CHECKOUT,HDFC,15899.64,99.4,1,BEHAVIORAL_DROPOFF
INSUFFICIENT_FUNDS,"account me paise nahi hai, balance insufficient",UPI_AUTOPAY,HDFC,41768.93,99.4,0,SOFT_FINANCIAL
INVOICE_APPROVAL_PENDING,procurement team se approval pending hai,B2B_INVOICE,KKBK,32873.4,97.8,0,COMMERCIAL_DISPUTE
NPCI_TIMEOUT,Card network switch response timed out,UPI_AUTOPAY,KKBK,24437.1,97.8,2,TRANSIENT_TECHNICAL
GATEWAY_ERROR,504 Gateway Timeout from NPCI switch,UPI_AUTOPAY,KKBK,7027.65,97.8,2,TRANSIENT_TECHNICAL
GATEWAY_ERROR,"downstream gateway error, retry after clearing window",UPI_AUTOPAY,SBIN,11978.87,78.2,0,TRANSIENT_TECHNICAL
CHECKOUT_DROPPED_OFF,OTP verification timed out during checkout,MAGIC_CHECKOUT,KKBK,29088.03,97.8,1,BEHAVIORAL_DROPOFF
INVOICE_OVERDUE_30_DAYS,"30 din se payment pending, accounts se approval nahi aaya",B2B_INVOICE,KKBK,30148.33,97.8,1,COMMERCIAL_DISPUTE
GATEWAY_ERROR,issuer node degraded during mandate authorization,UPI_AUTOPAY,HDFC,35294.53,99.4,0,TRANSIENT_TECHNICAL
CARD_EXPIRED,Mandate card token expired; bank declined authorization,CARD_MANDATE,SBIN,7583.03,78.2,3,HARD_PERMANENT
ACCOUNT_CLOSED,"account band ho gaya hai, retry bekar hai",UPI_AUTOPAY,HDFC,40338.61,99.4,0,HARD_PERMANENT
CHECKOUT_DROPPED_OFF,OTP verification timed out during checkout,MAGIC_CHECKOUT,UTIB,19257.6,96.5,1,BEHAVIORAL_DROPOFF
INVOICE_OVERDUE_30_DAYS,"30 din se payment pending, accounts se approval nahi aaya",B2B_INVOICE,KKBK,34248.09,97.8,0,COMMERCIAL_DISPUTE
TOKENIZATION_TIMEOUT,"tokenization service slow, mandate auth timed out",CARD_MANDATE,UTIB,34871.37,96.5,2,TRANSIENT_TECHNICAL
PURCHASE_ORDER_MISMATCH,purchase order aur invoice me antar hai,B2B_INVOICE,ICIC,37771.33,98.9,0,COMMERCIAL_DISPUTE
STOLEN_CARD,stolen card hotlisted by issuer,CARD_MANDATE,KKBK,37930.01,97.8,0,HARD_PERMANENT
INVALID_VPA_PERMANENT,"VPA does not exist, invalid payee address",UPI_AUTOPAY,UTIB,25309.33,96.5,1,HARD_PERMANENT
INVALID_VPA_PERMANENT,"VPA does not exist, invalid payee address",UPI_AUTOPAY,KKBK,40509.24,97.8,2,HARD_PERMANENT
MANDATE_AMOUNT_EXCEEDS_CAP,"mandate amount exceeds NPCI cap of Rs.1,00,000",UPI_AUTOPAY,HDFC,39002.87,99.4,3,SOFT_FINANCIAL
PAYMENT_METHOD_UNAVAILABLE,payment option show nahi ho raha tha,MAGIC_CHECKOUT,UTIB,9776.56,96.5,1,BEHAVIORAL_DROPOFF
GATEWAY_ERROR,"payment gateway ne response nahi diya, timeout ho gaya",UPI_AUTOPAY,ICIC,8218.63,98.9,2,TRANSIENT_TECHNICAL
ACCOUNT_CLOSED,"customer account closed, debit returned",UPI_AUTOPAY,UTIB,16371.77,96.5,0,HARD_PERMANENT
ACCOUNT_CLOSED,"account band ho gaya hai, retry bekar hai",UPI_AUTOPAY,ICIC,4415.15,98.9,0,HARD_PERMANENT
INVALID_VPA_PERMANENT,"VPA does not exist, invalid payee address",UPI_AUTOPAY,KKBK,12430.92,97.8,2,HARD_PERMANENT
INVALID_VPA_PERMANENT,"galat UPI ID, ye VPA exist nahi karti",UPI_AUTOPAY,UTIB,2166.54,96.5,2,HARD_PERMANENT
INVALID_VPA_PERMANENT,"galat UPI ID, ye VPA exist nahi karti",UPI_AUTOPAY,HDFC,43707.07,99.4,3,HARD_PERMANENT
ACCOUNT_CLOSED,"account band ho gaya hai, retry bekar hai",UPI_AUTOPAY,KKBK,28523.99,97.8,1,HARD_PERMANENT
FRAUD_DETECTED,"suspicious activity, fraud check fail",CARD_MANDATE,KKBK,36372.7,97.8,0,HARD_PERMANENT
MANDATE_AMOUNT_EXCEEDS_CAP,"mandate amount exceeds NPCI cap of Rs.1,00,000",UPI_AUTOPAY,KKBK,40262.97,97.8,0,SOFT_FINANCIAL
FRAUD_DETECTED,High-risk score flagged by issuer fraud detection switch,CARD_MANDATE,HDFC,18996.27,99.4,3,HARD_PERMANENT
CART_ABANDONED_SHIPPING_FRICTION,User exited after shipping charge calculated,MAGIC_CHECKOUT,UTIB,28758.66,96.5,0,BEHAVIORAL_DROPOFF
INVOICE_OVERDUE_30_DAYS,Net-30 invoice crossed due date without payment reconciliation,B2B_INVOICE,KKBK,12630.3,97.8,3,COMMERCIAL_DISPUTE
GATEWAY_ERROR,504 Gateway Timeout from NPCI switch,UPI_AUTOPAY,ICIC,37709.69,98.9,3,TRANSIENT_TECHNICAL
INVOICE_OVERDUE_30_DAYS,Net-30 invoice crossed due date without payment reconciliation,B2B_INVOICE,KKBK,32551.39,97.8,0,COMMERCIAL_DISPUTE
STOLEN_CARD,stolen card hotlisted by issuer,CARD_MANDATE,UTIB,18853.18,96.5,2,HARD_PERMANENT
BANK_DEBIT_FAILED_TECHNICAL,Downstream bank gateway timeout during debit attempt,UPI_AUTOPAY,SBIN,37161.95,78.2,1,TRANSIENT_TECHNICAL
CHECKOUT_DROPPED_OFF,OTP verification timed out during checkout,MAGIC_CHECKOUT,ICIC,3960.88,98.9,1,BEHAVIORAL_DROPOFF
BANK_DEBIT_FAILED_TECHNICAL,"bank server busy, auto-debit fail ho gaya technical issue se",UPI_AUTOPAY,KKBK,9100.22,97.8,1,TRANSIENT_TECHNICAL
OTP_TIMEOUT,OTP verification timed out during checkout,MAGIC_CHECKOUT,HDFC,14139.48,99.4,1,TRANSIENT_TECHNICAL
MANDATE_AMOUNT_EXCEEDS_CAP,"mandate amount exceeds NPCI cap of Rs.1,00,000",UPI_AUTOPAY,ICIC,21087.57,98.9,3,SOFT_FINANCIAL
CARD_EXPIRED,"card expiry ho gayi, naya card link karo",CARD_MANDATE,HDFC,5407.64,99.4,0,HARD_PERMANENT
FRAUD_DETECTED,High-risk score flagged by issuer fraud detection switch,CARD_MANDATE,SBIN,14423.38,78.2,2,HARD_PERMANENT
ACCOUNT_CLOSED,"customer account closed, debit returned",UPI_AUTOPAY,HDFC,9944.38,99.4,0,HARD_PERMANENT
PAYMENT_METHOD_UNAVAILABLE,selected UPI method unavailable at checkout,MAGIC_CHECKOUT,SBIN,13987.96,78.2,2,BEHAVIORAL_DROPOFF
GATEWAY_ERROR,issuer node degraded during mandate authorization,UPI_AUTOPAY,ICIC,2588.47,98.9,2,TRANSIENT_TECHNICAL
INVOICE_APPROVAL_PENDING,Invoice stuck in enterprise procurement approval workflow,B2B_INVOICE,ICIC,6490.23,98.9,0,COMMERCIAL_DISPUTE
OTP_TIMEOUT,OTP verification timed out during checkout,MAGIC_CHECKOUT,SBIN,12420.69,78.2,0,TRANSIENT_TECHNICAL
FRAUD_DETECTED,"suspicious activity, fraud check fail",CARD_MANDATE,ICIC,31450.3,98.9,0,HARD_PERMANENT
CARD_EXPIRED,"card expiry ho gayi, naya card link karo",CARD_MANDATE,ICIC,26125.17,98.9,0,HARD_PERMANENT
STOLEN_CARD,"chori ka card report hua, block hai",CARD_MANDATE,SBIN,1844.59,78.2,3,HARD_PERMANENT
UPI_DAILY_LIMIT_EXCEEDED,"UPI daily cap khatam, kal retry karo",UPI_AUTOPAY,SBIN,24299.64,78.2,0,SOFT_FINANCIAL
OTP_TIMEOUT,"customer ne OTP time par enter nahi kiya, session expire",MAGIC_CHECKOUT,ICIC,9492.83,98.9,2,TRANSIENT_TECHNICAL
STOLEN_CARD,"chori ka card report hua, block hai",CARD_MANDATE,HDFC,23194.12,99.4,0,HARD_PERMANENT
INVALID_VPA_PERMANENT,"VPA does not exist, invalid payee address",UPI_AUTOPAY,UTIB,11885.16,96.5,0,HARD_PERMANENT
STOLEN_CARD,stolen card hotlisted by issuer,CARD_MANDATE,UTIB,6462.86,96.5,1,HARD_PERMANENT
INVOICE_OVERDUE_30_DAYS,"30 din se payment pending, accounts se approval nahi aaya",B2B_INVOICE,KKBK,17129.75,97.8,1,COMMERCIAL_DISPUTE
BANK_DEBIT_FAILED_TECHNICAL,"bank server busy, auto-debit fail ho gaya technical issue se",UPI_AUTOPAY,HDFC,28399.98,99.4,3,TRANSIENT_TECHNICAL
ACCOUNT_CLOSED,"customer account closed, debit returned",UPI_AUTOPAY,UTIB,21501.69,96.5,0,HARD_PERMANENT
CART_ABANDONED_SHIPPING_FRICTION,User exited after shipping charge calculated,MAGIC_CHECKOUT,ICIC,13920.45,98.9,1,BEHAVIORAL_DROPOFF
TOKENIZATION_TIMEOUT,card token vault timeout during authorization,CARD_MANDATE,HDFC,19867.03,99.4,1,TRANSIENT_TECHNICAL
PAYMENT_METHOD_UNAVAILABLE,payment option show nahi ho raha tha,MAGIC_CHECKOUT,UTIB,21415.5,96.5,0,BEHAVIORAL_DROPOFF
INVALID_VPA_PERMANENT,"galat UPI ID, ye VPA exist nahi karti",UPI_AUTOPAY,KKBK,15336.28,97.8,2,HARD_PERMANENT
NPCI_TIMEOUT,Card network switch response timed out,UPI_AUTOPAY,HDFC,43690.27,99.4,0,TRANSIENT_TECHNICAL
STOLEN_CARD,stolen card hotlisted by issuer,CARD_MANDATE,UTIB,19279.49,96.5,0,HARD_PERMANENT
UPI_DAILY_LIMIT_EXCEEDED,"UPI daily cap khatam, kal retry karo",UPI_AUTOPAY,KKBK,1478.3,97.8,1,SOFT_FINANCIAL
FRAUD_DETECTED,"suspicious activity, fraud check fail",CARD_MANDATE,KKBK,43442.52,97.8,1,HARD_PERMANENT
GATEWAY_ERROR,issuer node degraded during mandate authorization,UPI_AUTOPAY,SBIN,29920.27,78.2,3,TRANSIENT_TECHNICAL
BANK_DEBIT_FAILED_TECHNICAL,Downstream bank gateway timeout during debit attempt,UPI_AUTOPAY,ICIC,35720.08,98.9,0,TRANSIENT_TECHNICAL
MANDATE_AMOUNT_EXCEEDS_CAP,"autopay cap se zyada amount, bank ne decline kiya",UPI_AUTOPAY,UTIB,7606.49,96.5,0,SOFT_FINANCIAL
CHECKOUT_DROPPED_OFF,Customer abandoned session at shipping/payment step,MAGIC_CHECKOUT,SBIN,13696.75,78.2,0,BEHAVIORAL_DROPOFF
FRAUD_DETECTED,High-risk score flagged by issuer fraud detection switch,CARD_MANDATE,SBIN,19756.83,78.2,2,HARD_PERMANENT
INSUFFICIENT_FUNDS,Salary credit not yet posted; balance too low for auto-debit,UPI_AUTOPAY,KKBK,38085.79,97.8,0,SOFT_FINANCIAL
ACCOUNT_CLOSED,"account band ho gaya hai, retry bekar hai",UPI_AUTOPAY,SBIN,15642.44,78.2,1,HARD_PERMANENT
TOKENIZATION_TIMEOUT,"tokenization service slow, mandate auth timed out",CARD_MANDATE,SBIN,41094.83,78.2,2,TRANSIENT_TECHNICAL
NPCI_TIMEOUT,Card network switch response timed out,UPI_AUTOPAY,SBIN,34384.68,78.2,0,TRANSIENT_TECHNICAL
NPCI_TIMEOUT,UPI switch response timed out after 30 seconds,UPI_AUTOPAY,ICIC,34384.15,98.9,0,TRANSIENT_TECHNICAL
NPCI_TIMEOUT,Card network switch response timed out,UPI_AUTOPAY,ICIC,36926.46,98.9,2,TRANSIENT_TECHNICAL
OTP_TIMEOUT,"customer ne OTP time par enter nahi kiya, session expire",MAGIC_CHECKOUT,KKBK,3409.3,97.8,1,TRANSIENT_TECHNICAL
UPI_DAILY_LIMIT_EXCEEDED,"Customer reached daily UPI transaction limit of Rs.1,00,000",UPI_AUTOPAY,SBIN,39874.23,78.2,0,SOFT_FINANCIAL
INSUFFICIENT_FUNDS,"account me paise nahi hai, balance insufficient",UPI_AUTOPAY,ICIC,15424.66,98.9,3,SOFT_FINANCIAL
ACCOUNT_CLOSED,"account band ho gaya hai, retry bekar hai",UPI_AUTOPAY,HDFC,29121.51,99.4,0,HARD_PERMANENT
PURCHASE_ORDER_MISMATCH,"PO amount mismatch, reconciliation on hold",B2B_INVOICE,HDFC,9662.42,99.4,1,COMMERCIAL_DISPUTE
CARD_EXPIRED,"card expiry ho gayi, naya card link karo",CARD_MANDATE,UTIB,29500.87,96.5,1,HARD_PERMANENT
CHECKOUT_DROPPED_OFF,user ne checkout beech me chhod diya,MAGIC_CHECKOUT,ICIC,17528.72,98.9,3,BEHAVIORAL_DROPOFF
PURCHASE_ORDER_MISMATCH,"PO amount mismatch, reconciliation on hold",B2B_INVOICE,ICIC,43141.33,98.9,1,COMMERCIAL_DISPUTE
FRAUD_DETECTED,High-risk score flagged by issuer fraud detection switch,CARD_MANDATE,UTIB,30768.5,96.5,3,HARD_PERMANENT
CART_ABANDONED_SHIPPING_FRICTION,shipping fee dekh kar customer ne cart chhod diya,MAGIC_CHECKOUT,HDFC,15713.0,99.4,2,BEHAVIORAL_DROPOFF
CART_ABANDONED_SHIPPING_FRICTION,shipping fee dekh kar customer ne cart chhod diya,MAGIC_CHECKOUT,HDFC,7406.75,99.4,0,BEHAVIORAL_DROPOFF
UPI_DAILY_LIMIT_EXCEEDED,"limit exceed, transaction declined by bank",UPI_AUTOPAY,UTIB,30945.87,96.5,0,SOFT_FINANCIAL
PURCHASE_ORDER_MISMATCH,purchase order aur invoice me antar hai,B2B_INVOICE,UTIB,34756.68,96.5,0,COMMERCIAL_DISPUTE
OTP_TIMEOUT,"customer ne OTP time par enter nahi kiya, session expire",MAGIC_CHECKOUT,HDFC,27242.5,99.4,3,TRANSIENT_TECHNICAL
PAYMENT_METHOD_UNAVAILABLE,payment option show nahi ho raha tha,MAGIC_CHECKOUT,UTIB,32098.36,96.5,3,BEHAVIORAL_DROPOFF
TOKENIZATION_TIMEOUT,"tokenization service slow, mandate auth timed out",CARD_MANDATE,HDFC,35389.95,99.4,1,TRANSIENT_TECHNICAL
TOKENIZATION_TIMEOUT,"tokenization service slow, mandate auth timed out",CARD_MANDATE,HDFC,6936.5,99.4,0,TRANSIENT_TECHNICAL
UPI_DAILY_LIMIT_EXCEEDED,"UPI daily cap khatam, kal retry karo",UPI_AUTOPAY,SBIN,23266.87,78.2,1,SOFT_FINANCIAL
PAYMENT_METHOD_UNAVAILABLE,payment option show nahi ho raha tha,MAGIC_CHECKOUT,HDFC,21020.85,99.4,0,BEHAVIORAL_DROPOFF
CART_ABANDONED_SHIPPING_FRICTION,shipping fee dekh kar customer ne cart chhod diya,MAGIC_CHECKOUT,UTIB,16645.63,96.5,1,BEHAVIORAL_DROPOFF
MANDATE_AMOUNT_EXCEEDS_CAP,"autopay cap se zyada amount, bank ne decline kiya",UPI_AUTOPAY,UTIB,15317.62,96.5,0,SOFT_FINANCIAL
ACCOUNT_CLOSED,"account band ho gaya hai, retry bekar hai",UPI_AUTOPAY,SBIN,13336.43,78.2,1,HARD_PERMANENT
ACCOUNT_CLOSED,"account band ho gaya hai, retry bekar hai",UPI_AUTOPAY,ICIC,13535.51,98.9,0,HARD_PERMANENT
CART_ABANDONED_SHIPPING_FRICTION,shipping fee dekh kar customer ne cart chhod diya,MAGIC_CHECKOUT,HDFC,24000.36,99.4,1,BEHAVIORAL_DROPOFF
INSUFFICIENT_FUNDS,Salary credit not yet posted; balance too low for auto-debit,UPI_AUTOPAY,HDFC,24166.87,99.4,0,SOFT_FINANCIAL
CHECKOUT_DROPPED_OFF,OTP verification timed out during checkout,MAGIC_CHECKOUT,UTIB,19512.74,96.5,0,BEHAVIORAL_DROPOFF
MANDATE_AMOUNT_EXCEEDS_CAP,"autopay cap se zyada amount, bank ne decline kiya",UPI_AUTOPAY,KKBK,11134.96,97.8,3,SOFT_FINANCIAL
STOLEN_CARD,"chori ka card report hua, block hai",CARD_MANDATE,HDFC,3627.9,99.4,0,HARD_PERMANENT
BANK_DEBIT_FAILED_TECHNICAL,Issuer node degradation during 02:00 AM auto-debit window,UPI_AUTOPAY,KKBK,43962.56,97.8,2,TRANSIENT_TECHNICAL
CART_ABANDONED_SHIPPING_FRICTION,shipping fee dekh kar customer ne cart chhod diya,MAGIC_CHECKOUT,KKBK,44115.92,97.8,0,BEHAVIORAL_DROPOFF
INVOICE_OVERDUE_30_DAYS,"30 din se payment pending, accounts se approval nahi aaya",B2B_INVOICE,UTIB,18152.53,96.5,0,COMMERCIAL_DISPUTE
INVALID_VPA_PERMANENT,"VPA does not exist, invalid payee address",UPI_AUTOPAY,UTIB,43439.14,96.5,3,HARD_PERMANENT
GATEWAY_ERROR,"downstream gateway error, retry after clearing window",UPI_AUTOPAY,ICIC,27777.67,98.9,1,TRANSIENT_TECHNICAL
INSUFFICIENT_FUNDS,Declined by customer bank due to low balance,UPI_AUTOPAY,ICIC,25885.03,98.9,0,SOFT_FINANCIAL
OTP_TIMEOUT,"customer ne OTP time par enter nahi kiya, session expire",MAGIC_CHECKOUT,SBIN,12602.33,78.2,2,TRANSIENT_TECHNICAL
BANK_DEBIT_FAILED_TECHNICAL,debit attempt failed due to issuer switch congestion,UPI_AUTOPAY,SBIN,30583.41,78.2,0,TRANSIENT_TECHNICAL
ACCOUNT_CLOSED,"account band ho gaya hai, retry bekar hai",UPI_AUTOPAY,SBIN,1037.63,78.2,1,HARD_PERMANENT
CHECKOUT_DROPPED_OFF,user ne checkout beech me chhod diya,MAGIC_CHECKOUT,ICIC,20916.83,98.9,3,BEHAVIORAL_DROPOFF
INVOICE_OVERDUE_30_DAYS,Net-30 invoice crossed due date without payment reconciliation,B2B_INVOICE,SBIN,10271.37,78.2,2,COMMERCIAL_DISPUTE
INVOICE_OVERDUE_30_DAYS,Net-30 invoice crossed due date without payment reconciliation,B2B_INVOICE,HDFC,27589.72,99.4,2,COMMERCIAL_DISPUTE
PAYMENT_METHOD_UNAVAILABLE,payment option show nahi ho raha tha,MAGIC_CHECKOUT,KKBK,14927.42,97.8,1,BEHAVIORAL_DROPOFF
PURCHASE_ORDER_MISMATCH,"PO amount mismatch, reconciliation on hold",B2B_INVOICE,ICIC,15458.04,98.9,0,COMMERCIAL_DISPUTE
PAYMENT_METHOD_UNAVAILABLE,selected UPI method unavailable at checkout,MAGIC_CHECKOUT,UTIB,38475.0,96.5,1,BEHAVIORAL_DROPOFF
GATEWAY_ERROR,issuer node degraded during mandate authorization,UPI_AUTOPAY,UTIB,11654.28,96.5,0,TRANSIENT_TECHNICAL
UPI_DAILY_LIMIT_EXCEEDED,"Customer reached daily UPI transaction limit of Rs.1,00,000",UPI_AUTOPAY,UTIB,25346.95,96.5,0,SOFT_FINANCIAL
CARD_EXPIRED,Mandate card token expired; bank declined authorization,CARD_MANDATE,KKBK,16739.15,97.8,0,HARD_PERMANENT
INVOICE_OVERDUE_30_DAYS,"30 din se payment pending, accounts se approval nahi aaya",B2B_INVOICE,UTIB,1523.52,96.5,1,COMMERCIAL_DISPUTE
UPI_DAILY_LIMIT_EXCEEDED,"Customer reached daily UPI transaction limit of Rs.1,00,000",UPI_AUTOPAY,KKBK,15952.21,97.8,1,SOFT_FINANCIAL
OTP_TIMEOUT,OTP verification timed out during checkout,MAGIC_CHECKOUT,ICIC,25128.05,98.9,1,TRANSIENT_TECHNICAL
INSUFFICIENT_FUNDS,Mandate debit declined due to low card account balance,UPI_AUTOPAY,KKBK,6099.17,97.8,1,SOFT_FINANCIAL
CART_ABANDONED_SHIPPING_FRICTION,User exited after shipping charge calculated,MAGIC_CHECKOUT,UTIB,9979.3,96.5,0,BEHAVIORAL_DROPOFF
UPI_DAILY_LIMIT_EXCEEDED,"UPI daily cap khatam, kal retry karo",UPI_AUTOPAY,SBIN,38947.08,78.2,3,SOFT_FINANCIAL
NPCI_TIMEOUT,"NPCI timeout, bank se confirmation nahi aaya",UPI_AUTOPAY,UTIB,15970.06,96.5,0,TRANSIENT_TECHNICAL
OTP_TIMEOUT,"customer ne OTP time par enter nahi kiya, session expire",MAGIC_CHECKOUT,ICIC,34718.16,98.9,2,TRANSIENT_TECHNICAL
CART_ABANDONED_SHIPPING_FRICTION,shipping fee dekh kar customer ne cart chhod diya,MAGIC_CHECKOUT,KKBK,24195.63,97.8,1,BEHAVIORAL_DROPOFF
INSUFFICIENT_FUNDS,Mandate debit declined due to low card account balance,UPI_AUTOPAY,UTIB,34105.66,96.5,0,SOFT_FINANCIAL
PAYMENT_METHOD_UNAVAILABLE,selected UPI method unavailable at checkout,MAGIC_CHECKOUT,SBIN,18121.84,78.2,0,BEHAVIORAL_DROPOFF
TOKENIZATION_TIMEOUT,"tokenization service slow, mandate auth timed out",CARD_MANDATE,UTIB,29597.0,96.5,2,TRANSIENT_TECHNICAL
CART_ABANDONED_SHIPPING_FRICTION,shipping fee dekh kar customer ne cart chhod diya,MAGIC_CHECKOUT,KKBK,29458.72,97.8,1,BEHAVIORAL_DROPOFF
OTP_TIMEOUT,OTP verification timed out during checkout,MAGIC_CHECKOUT,HDFC,27925.26,99.4,0,TRANSIENT_TECHNICAL
STOLEN_CARD,stolen card hotlisted by issuer,CARD_MANDATE,KKBK,25761.77,97.8,1,HARD_PERMANENT
ACCOUNT_CLOSED,"account band ho gaya hai, retry bekar hai",UPI_AUTOPAY,KKBK,11396.6,97.8,1,HARD_PERMANENT
PURCHASE_ORDER_MISMATCH,"PO amount mismatch, reconciliation on hold",B2B_INVOICE,ICIC,1216.86,98.9,1,COMMERCIAL_DISPUTE
NPCI_TIMEOUT,"NPCI timeout, bank se confirmation nahi aaya",UPI_AUTOPAY,KKBK,38881.9,97.8,3,TRANSIENT_TECHNICAL
FRAUD_DETECTED,"suspicious activity, fraud check fail",CARD_MANDATE,ICIC,32592.82,98.9,0,HARD_PERMANENT
FRAUD_DETECTED,"suspicious activity, fraud check fail",CARD_MANDATE,SBIN,14657.37,78.2,0,HARD_PERMANENT
CARD_EXPIRED,Mandate card token expired; bank declined authorization,CARD_MANDATE,SBIN,26076.16,78.2,1,HARD_PERMANENT
INSUFFICIENT_FUNDS,Mandate debit declined due to low card account balance,UPI_AUTOPAY,SBIN,35894.36,78.2,1,SOFT_FINANCIAL
STOLEN_CARD,stolen card hotlisted by issuer,CARD_MANDATE,KKBK,37736.66,97.8,3,HARD_PERMANENT
FRAUD_DETECTED,High-risk score flagged by issuer fraud detection switch,CARD_MANDATE,UTIB,32547.39,96.5,0,HARD_PERMANENT
ACCOUNT_CLOSED,"customer account closed, debit returned",UPI_AUTOPAY,UTIB,39044.28,96.5,1,HARD_PERMANENT
NPCI_TIMEOUT,UPI switch response timed out after 30 seconds,UPI_AUTOPAY,UTIB,43099.31,96.5,2,TRANSIENT_TECHNICAL
TOKENIZATION_TIMEOUT,card token vault timeout during authorization,CARD_MANDATE,KKBK,29189.25,97.8,1,TRANSIENT_TECHNICAL
ACCOUNT_CLOSED,"account band ho gaya hai, retry bekar hai",UPI_AUTOPAY,UTIB,37283.2,96.5,0,HARD_PERMANENT
INVOICE_APPROVAL_PENDING,procurement team se approval pending hai,B2B_INVOICE,HDFC,16478.49,99.4,2,COMMERCIAL_DISPUTE
STOLEN_CARD,"chori ka card report hua, block hai",CARD_MANDATE,UTIB,35476.36,96.5,0,HARD_PERMANENT
CHECKOUT_DROPPED_OFF,user ne checkout beech me chhod diya,MAGIC_CHECKOUT,KKBK,33960.04,97.8,0,BEHAVIORAL_DROPOFF
FRAUD_DETECTED,"suspicious activity, fraud check fail",CARD_MANDATE,UTIB,29612.51,96.5,0,HARD_PERMANENT
INSUFFICIENT_FUNDS,Mandate debit declined due to low card account balance,UPI_AUTOPAY,SBIN,12049.21,78.2,0,SOFT_FINANCIAL
CARD_EXPIRED,"card expiry ho gayi, naya card link karo",CARD_MANDATE,UTIB,33911.86,96.5,3,HARD_PERMANENT
INVALID_VPA_PERMANENT,"galat UPI ID, ye VPA exist nahi karti",UPI_AUTOPAY,ICIC,31075.59,98.9,0,HARD_PERMANENT
PAYMENT_METHOD_UNAVAILABLE,payment option show nahi ho raha tha,MAGIC_CHECKOUT,KKBK,12532.67,97.8,0,BEHAVIORAL_DROPOFF
CHECKOUT_DROPPED_OFF,Customer abandoned session at shipping/payment step,MAGIC_CHECKOUT,KKBK,13120.97,97.8,0,BEHAVIORAL_DROPOFF
MANDATE_AMOUNT_EXCEEDS_CAP,"autopay cap se zyada amount, bank ne decline kiya",UPI_AUTOPAY,ICIC,13937.8,98.9,2,SOFT_FINANCIAL
FRAUD_DETECTED,"suspicious activity, fraud check fail",CARD_MANDATE,UTIB,32145.64,96.5,2,HARD_PERMANENT
INVOICE_APPROVAL_PENDING,Invoice stuck in enterprise procurement approval workflow,B2B_INVOICE,SBIN,6763.52,78.2,0,COMMERCIAL_DISPUTE
NPCI_TIMEOUT,Card network switch response timed out,UPI_AUTOPAY,SBIN,1453.64,78.2,0,TRANSIENT_TECHNICAL
UPI_DAILY_LIMIT_EXCEEDED,"UPI daily cap khatam, kal retry karo",UPI_AUTOPAY,SBIN,26373.3,78.2,0,SOFT_FINANCIAL
MANDATE_AMOUNT_EXCEEDS_CAP,"autopay cap se zyada amount, bank ne decline kiya",UPI_AUTOPAY,UTIB,27906.63,96.5,0,SOFT_FINANCIAL
MANDATE_AMOUNT_EXCEEDS_CAP,"mandate amount exceeds NPCI cap of Rs.1,00,000",UPI_AUTOPAY,KKBK,38396.8,97.8,0,SOFT_FINANCIAL
STOLEN_CARD,"chori ka card report hua, block hai",CARD_MANDATE,UTIB,38970.17,96.5,1,HARD_PERMANENT
FRAUD_DETECTED,"suspicious activity, fraud check fail",CARD_MANDATE,SBIN,21882.61,78.2,1,HARD_PERMANENT
ACCOUNT_CLOSED,"customer account closed, debit returned",UPI_AUTOPAY,ICIC,10271.39,98.9,0,HARD_PERMANENT
INSUFFICIENT_FUNDS,Salary credit not yet posted; balance too low for auto-debit,UPI_AUTOPAY,ICIC,27466.74,98.9,2,SOFT_FINANCIAL
CART_ABANDONED_SHIPPING_FRICTION,User exited after shipping charge calculated,MAGIC_CHECKOUT,ICIC,22545.3,98.9,1,BEHAVIORAL_DROPOFF
ACCOUNT_CLOSED,"customer account closed, debit returned",UPI_AUTOPAY,SBIN,16486.87,78.2,0,HARD_PERMANENT
NPCI_TIMEOUT,"NPCI timeout, bank se confirmation nahi aaya",UPI_AUTOPAY,HDFC,42850.82,99.4,1,TRANSIENT_TECHNICAL
CARD_EXPIRED,"card expiry ho gayi, naya card link karo",CARD_MANDATE,KKBK,43282.16,97.8,3,HARD_PERMANENT
TOKENIZATION_TIMEOUT,card token vault timeout during authorization,CARD_MANDATE,HDFC,20208.6,99.4,1,TRANSIENT_TECHNICAL
INSUFFICIENT_FUNDS,Salary credit not yet posted; balance too low for auto-debit,UPI_AUTOPAY,ICIC,35917.49,98.9,0,SOFT_FINANCIAL
INSUFFICIENT_FUNDS,Salary credit not yet posted; balance too low for auto-debit,UPI_AUTOPAY,UTIB,8148.07,96.5,1,SOFT_FINANCIAL
INVALID_VPA_PERMANENT,"galat UPI ID, ye VPA exist nahi karti",UPI_AUTOPAY,HDFC,33491.09,99.4,2,HARD_PERMANENT
CARD_EXPIRED,Mandate card token expired; bank declined authorization,CARD_MANDATE,KKBK,13762.99,97.8,0,HARD_PERMANENT
INSUFFICIENT_FUNDS,Salary credit not yet posted; balance too low for auto-debit,UPI_AUTOPAY,KKBK,34323.05,97.8,1,SOFT_FINANCIAL
PAYMENT_METHOD_UNAVAILABLE,selected UPI method unavailable at checkout,MAGIC_CHECKOUT,KKBK,39697.39,97.8,0,BEHAVIORAL_DROPOFF
INVOICE_OVERDUE_30_DAYS,Net-30 invoice crossed due date without payment reconciliation,B2B_INVOICE,SBIN,21627.28,78.2,1,COMMERCIAL_DISPUTE
CARD_EXPIRED,"card expiry ho gayi, naya card link karo",CARD_MANDATE,SBIN,4673.54,78.2,1,HARD_PERMANENT
GATEWAY_ERROR,"payment gateway ne response nahi diya, timeout ho gaya",UPI_AUTOPAY,ICIC,25705.52,98.9,1,TRANSIENT_TECHNICAL
OTP_TIMEOUT,OTP verification timed out during checkout,MAGIC_CHECKOUT,UTIB,35027.11,96.5,0,TRANSIENT_TECHNICAL
UPI_DAILY_LIMIT_EXCEEDED,"limit exceed, transaction declined by bank",UPI_AUTOPAY,KKBK,34048.08,97.8,0,SOFT_FINANCIAL
INVALID_VPA_PERMANENT,"galat UPI ID, ye VPA exist nahi karti",UPI_AUTOPAY,KKBK,12328.57,97.8,2,HARD_PERMANENT
FRAUD_DETECTED,"suspicious activity, fraud check fail",CARD_MANDATE,KKBK,21850.41,97.8,0,HARD_PERMANENT
INVOICE_APPROVAL_PENDING,procurement team se approval pending hai,B2B_INVOICE,KKBK,11355.43,97.8,0,COMMERCIAL_DISPUTE
TOKENIZATION_TIMEOUT,"tokenization service slow, mandate auth timed out",CARD_MANDATE,UTIB,5192.97,96.5,3,TRANSIENT_TECHNICAL
FRAUD_DETECTED,"suspicious activity, fraud check fail",CARD_MANDATE,HDFC,14499.82,99.4,1,HARD_PERMANENT
PURCHASE_ORDER_MISMATCH,purchase order aur invoice me antar hai,B2B_INVOICE,SBIN,8209.2,78.2,3,COMMERCIAL_DISPUTE
OTP_TIMEOUT,"customer ne OTP time par enter nahi kiya, session expire",MAGIC_CHECKOUT,HDFC,41653.16,99.4,1,TRANSIENT_TECHNICAL
INVOICE_OVERDUE_30_DAYS,Net-30 invoice crossed due date without payment reconciliation,B2B_INVOICE,SBIN,35089.65,78.2,3,COMMERCIAL_DISPUTE
INSUFFICIENT_FUNDS,Salary credit not yet posted; balance too low for auto-debit,UPI_AUTOPAY,ICIC,22679.23,98.9,0,SOFT_FINANCIAL
STOLEN_CARD,"chori ka card report hua, block hai",CARD_MANDATE,HDFC,30876.32,99.4,1,HARD_PERMANENT
GATEWAY_ERROR,issuer node degraded during mandate authorization,UPI_AUTOPAY,ICIC,7205.33,98.9,3,TRANSIENT_TECHNICAL
NPCI_TIMEOUT,UPI switch response timed out after 30 seconds,UPI_AUTOPAY,SBIN,27533.13,78.2,0,TRANSIENT_TECHNICAL
INVOICE_OVERDUE_30_DAYS,"30 din se payment pending, accounts se approval nahi aaya",B2B_INVOICE,KKBK,35535.73,97.8,3,COMMERCIAL_DISPUTE
INVALID_VPA_PERMANENT,"VPA does not exist, invalid payee address",UPI_AUTOPAY,ICIC,21344.25,98.9,3,HARD_PERMANENT
INVOICE_APPROVAL_PENDING,procurement team se approval pending hai,B2B_INVOICE,SBIN,13918.52,78.2,2,COMMERCIAL_DISPUTE
MANDATE_AMOUNT_EXCEEDS_CAP,"autopay cap se zyada amount, bank ne decline kiya",UPI_AUTOPAY,UTIB,13998.46,96.5,1,SOFT_FINANCIAL
NPCI_TIMEOUT,Card network switch response timed out,UPI_AUTOPAY,HDFC,34347.34,99.4,1,TRANSIENT_TECHNICAL
BANK_DEBIT_FAILED_TECHNICAL,debit attempt failed due to issuer switch congestion,UPI_AUTOPAY,ICIC,29131.16,98.9,0,TRANSIENT_TECHNICAL
PAYMENT_METHOD_UNAVAILABLE,payment option show nahi ho raha tha,MAGIC_CHECKOUT,HDFC,36870.1,99.4,0,BEHAVIORAL_DROPOFF
GATEWAY_ERROR,"downstream gateway error, retry after clearing window",UPI_AUTOPAY,ICIC,37498.15,98.9,0,TRANSIENT_TECHNICAL
INVOICE_OVERDUE_30_DAYS,"30 din se payment pending, accounts se approval nahi aaya",B2B_INVOICE,UTIB,14790.02,96.5,1,COMMERCIAL_DISPUTE
GATEWAY_ERROR,issuer node degraded during mandate authorization,UPI_AUTOPAY,KKBK,22731.37,97.8,3,TRANSIENT_TECHNICAL
INVALID_VPA_PERMANENT,"VPA does not exist, invalid payee address",UPI_AUTOPAY,HDFC,11091.82,99.4,0,HARD_PERMANENT
PURCHASE_ORDER_MISMATCH,purchase order aur invoice me antar hai,B2B_INVOICE,HDFC,35198.79,99.4,1,COMMERCIAL_DISPUTE
PURCHASE_ORDER_MISMATCH,"PO amount mismatch, reconciliation on hold",B2B_INVOICE,ICIC,44414.41,98.9,1,COMMERCIAL_DISPUTE
NPCI_TIMEOUT,UPI switch response timed out after 30 seconds,UPI_AUTOPAY,HDFC,2712.99,99.4,0,TRANSIENT_TECHNICAL
INVALID_VPA_PERMANENT,"galat UPI ID, ye VPA exist nahi karti",UPI_AUTOPAY,UTIB,41577.48,96.5,0,HARD_PERMANENT
PURCHASE_ORDER_MISMATCH,"PO amount mismatch, reconciliation on hold",B2B_INVOICE,HDFC,14738.96,99.4,3,COMMERCIAL_DISPUTE
OTP_TIMEOUT,OTP verification timed out during checkout,MAGIC_CHECKOUT,SBIN,26623.0,78.2,1,TRANSIENT_TECHNICAL
GATEWAY_ERROR,504 Gateway Timeout from NPCI switch,UPI_AUTOPAY,UTIB,11185.4,96.5,1,TRANSIENT_TECHNICAL
TOKENIZATION_TIMEOUT,"tokenization service slow, mandate auth timed out",CARD_MANDATE,KKBK,23989.56,97.8,0,TRANSIENT_TECHNICAL
ACCOUNT_CLOSED,"customer account closed, debit returned",UPI_AUTOPAY,HDFC,39208.37,99.4,2,HARD_PERMANENT
INVOICE_OVERDUE_30_DAYS,"30 din se payment pending, accounts se approval nahi aaya",B2B_INVOICE,UTIB,33677.59,96.5,0,COMMERCIAL_DISPUTE
FRAUD_DETECTED,"suspicious activity, fraud check fail",CARD_MANDATE,UTIB,10399.39,96.5,0,HARD_PERMANENT
INVOICE_OVERDUE_30_DAYS,Net-30 invoice crossed due date without payment reconciliation,B2B_INVOICE,ICIC,11639.28,98.9,2,COMMERCIAL_DISPUTE
ACCOUNT_CLOSED,"customer account closed, debit returned",UPI_AUTOPAY,HDFC,28972.0,99.4,1,HARD_PERMANENT
NPCI_TIMEOUT,Card network switch response timed out,UPI_AUTOPAY,HDFC,37458.85,99.4,0,TRANSIENT_TECHNICAL
STOLEN_CARD,"chori ka card report hua, block hai",CARD_MANDATE,HDFC,25543.58,99.4,0,HARD_PERMANENT
STOLEN_CARD,"chori ka card report hua, block hai",CARD_MANDATE,KKBK,22241.52,97.8,1,HARD_PERMANENT
INVOICE_OVERDUE_30_DAYS,Net-30 invoice crossed due date without payment reconciliation,B2B_INVOICE,HDFC,25525.31,99.4,1,COMMERCIAL_DISPUTE
CART_ABANDONED_SHIPPING_FRICTION,User exited after shipping charge calculated,MAGIC_CHECKOUT,KKBK,38114.06,97.8,0,BEHAVIORAL_DROPOFF
UPI_DAILY_LIMIT_EXCEEDED,"UPI daily cap khatam, kal retry karo",UPI_AUTOPAY,KKBK,29327.45,97.8,0,SOFT_FINANCIAL
CARD_EXPIRED,"card expiry ho gayi, naya card link karo",CARD_MANDATE,ICIC,21063.51,98.9,2,HARD_PERMANENT
CHECKOUT_DROPPED_OFF,OTP verification timed out during checkout,MAGIC_CHECKOUT,ICIC,3470.63,98.9,2,BEHAVIORAL_DROPOFF
UPI_DAILY_LIMIT_EXCEEDED,"UPI daily cap khatam, kal retry karo",UPI_AUTOPAY,UTIB,23841.11,96.5,2,SOFT_FINANCIAL
OTP_TIMEOUT,OTP verification timed out during checkout,MAGIC_CHECKOUT,UTIB,25947.83,96.5,0,TRANSIENT_TECHNICAL
NPCI_TIMEOUT,UPI switch response timed out after 30 seconds,UPI_AUTOPAY,HDFC,10289.53,99.4,1,TRANSIENT_TECHNICAL
CHECKOUT_DROPPED_OFF,user ne checkout beech me chhod diya,MAGIC_CHECKOUT,SBIN,26379.65,78.2,3,BEHAVIORAL_DROPOFF
INVOICE_OVERDUE_30_DAYS,"30 din se payment pending, accounts se approval nahi aaya",B2B_INVOICE,SBIN,34692.54,78.2,1,COMMERCIAL_DISPUTE
MANDATE_AMOUNT_EXCEEDS_CAP,"mandate amount exceeds NPCI cap of Rs.1,00,000",UPI_AUTOPAY,SBIN,34829.81,78.2,0,SOFT_FINANCIAL
INVOICE_APPROVAL_PENDING,Invoice stuck in enterprise procurement approval workflow,B2B_INVOICE,HDFC,1373.88,99.4,1,COMMERCIAL_DISPUTE
BANK_DEBIT_FAILED_TECHNICAL,Issuer node degradation during 02:00 AM auto-debit window,UPI_AUTOPAY,KKBK,15813.03,97.8,0,TRANSIENT_TECHNICAL
INVOICE_OVERDUE_30_DAYS,"30 din se payment pending, accounts se approval nahi aaya",B2B_INVOICE,SBIN,29685.54,78.2,0,COMMERCIAL_DISPUTE
INVOICE_APPROVAL_PENDING,Invoice stuck in enterprise procurement approval workflow,B2B_INVOICE,UTIB,44596.95,96.5,0,COMMERCIAL_DISPUTE
GATEWAY_ERROR,"downstream gateway error, retry after clearing window",UPI_AUTOPAY,HDFC,6350.72,99.4,1,TRANSIENT_TECHNICAL
CART_ABANDONED_SHIPPING_FRICTION,shipping fee dekh kar customer ne cart chhod diya,MAGIC_CHECKOUT,HDFC,20088.51,99.4,2,BEHAVIORAL_DROPOFF
GATEWAY_ERROR,"payment gateway ne response nahi diya, timeout ho gaya",UPI_AUTOPAY,HDFC,20216.64,99.4,1,TRANSIENT_TECHNICAL
GATEWAY_ERROR,issuer node degraded during mandate authorization,UPI_AUTOPAY,UTIB,26641.32,96.5,0,TRANSIENT_TECHNICAL
CARD_EXPIRED,Mandate card token expired; bank declined authorization,CARD_MANDATE,KKBK,41115.0,97.8,2,HARD_PERMANENT
STOLEN_CARD,stolen card hotlisted by issuer,CARD_MANDATE,SBIN,34095.72,78.2,0,HARD_PERMANENT
PURCHASE_ORDER_MISMATCH,purchase order aur invoice me antar hai,B2B_INVOICE,ICIC,18797.14,98.9,0,COMMERCIAL_DISPUTE
CARD_EXPIRED,"card expiry ho gayi, naya card link karo",CARD_MANDATE,UTIB,11636.0,96.5,0,HARD_PERMANENT
PAYMENT_METHOD_UNAVAILABLE,selected UPI method unavailable at checkout,MAGIC_CHECKOUT,HDFC,17224.69,99.4,1,BEHAVIORAL_DROPOFF
NPCI_TIMEOUT,UPI switch response timed out after 30 seconds,UPI_AUTOPAY,ICIC,16344.94,98.9,0,TRANSIENT_TECHNICAL
CARD_EXPIRED,"card expiry ho gayi, naya card link karo",CARD_MANDATE,ICIC,10474.51,98.9,2,HARD_PERMANENT
CARD_EXPIRED,"card expiry ho gayi, naya card link karo",CARD_MANDATE,UTIB,909.1,96.5,0,HARD_PERMANENT
INVOICE_OVERDUE_30_DAYS,Net-30 invoice crossed due date without payment reconciliation,B2B_INVOICE,SBIN,38164.03,78.2,0,COMMERCIAL_DISPUTE
UPI_DAILY_LIMIT_EXCEEDED,"Customer reached daily UPI transaction limit of Rs.1,00,000",UPI_AUTOPAY,SBIN,23433.79,78.2,0,SOFT_FINANCIAL
PURCHASE_ORDER_MISMATCH,"PO amount mismatch, reconciliation on hold",B2B_INVOICE,HDFC,26909.56,99.4,0,COMMERCIAL_DISPUTE
INVOICE_APPROVAL_PENDING,procurement team se approval pending hai,B2B_INVOICE,KKBK,18785.88,97.8,0,COMMERCIAL_DISPUTE
OTP_TIMEOUT,OTP verification timed out during checkout,MAGIC_CHECKOUT,SBIN,42145.8,78.2,0,TRANSIENT_TECHNICAL
FRAUD_DETECTED,"suspicious activity, fraud check fail",CARD_MANDATE,HDFC,35437.53,99.4,0,HARD_PERMANENT
PURCHASE_ORDER_MISMATCH,"PO amount mismatch, reconciliation on hold",B2B_INVOICE,ICIC,18283.12,98.9,0,COMMERCIAL_DISPUTE
INVALID_VPA_PERMANENT,"galat UPI ID, ye VPA exist nahi karti",UPI_AUTOPAY,HDFC,35290.23,99.4,0,HARD_PERMANENT
ACCOUNT_CLOSED,"account band ho gaya hai, retry bekar hai",UPI_AUTOPAY,HDFC,33125.53,99.4,0,HARD_PERMANENT
OTP_TIMEOUT,OTP verification timed out during checkout,MAGIC_CHECKOUT,KKBK,17090.62,97.8,1,TRANSIENT_TECHNICAL
STOLEN_CARD,stolen card hotlisted by issuer,CARD_MANDATE,SBIN,4684.26,78.2,0,HARD_PERMANENT
INSUFFICIENT_FUNDS,Declined by customer bank due to low balance,UPI_AUTOPAY,UTIB,44470.97,96.5,0,SOFT_FINANCIAL
PURCHASE_ORDER_MISMATCH,purchase order aur invoice me antar hai,B2B_INVOICE,UTIB,38554.95,96.5,1,COMMERCIAL_DISPUTE
PAYMENT_METHOD_UNAVAILABLE,selected UPI method unavailable at checkout,MAGIC_CHECKOUT,KKBK,36462.05,97.8,0,BEHAVIORAL_DROPOFF
INVOICE_APPROVAL_PENDING,procurement team se approval pending hai,B2B_INVOICE,UTIB,40499.69,96.5,0,COMMERCIAL_DISPUTE
CHECKOUT_DROPPED_OFF,user ne checkout beech me chhod diya,MAGIC_CHECKOUT,KKBK,16577.47,97.8,1,BEHAVIORAL_DROPOFF
CART_ABANDONED_SHIPPING_FRICTION,shipping fee dekh kar customer ne cart chhod diya,MAGIC_CHECKOUT,UTIB,33742.36,96.5,3,BEHAVIORAL_DROPOFF
UPI_DAILY_LIMIT_EXCEEDED,"Customer reached daily UPI transaction limit of Rs.1,00,000",UPI_AUTOPAY,SBIN,10024.36,78.2,0,SOFT_FINANCIAL
CHECKOUT_DROPPED_OFF,Customer abandoned session at shipping/payment step,MAGIC_CHECKOUT,HDFC,33494.44,99.4,2,BEHAVIORAL_DROPOFF
NPCI_TIMEOUT,Card network switch response timed out,UPI_AUTOPAY,KKBK,4913.33,97.8,0,TRANSIENT_TECHNICAL
INVALID_VPA_PERMANENT,"VPA does not exist, invalid payee address",UPI_AUTOPAY,ICIC,14921.76,98.9,1,HARD_PERMANENT
UPI_DAILY_LIMIT_EXCEEDED,"limit exceed, transaction declined by bank",UPI_AUTOPAY,KKBK,26056.66,97.8,0,SOFT_FINANCIAL
CHECKOUT_DROPPED_OFF,user ne checkout beech me chhod diya,MAGIC_CHECKOUT,UTIB,16989.1,96.5,0,BEHAVIORAL_DROPOFF
UPI_DAILY_LIMIT_EXCEEDED,"limit exceed, transaction declined by bank",UPI_AUTOPAY,HDFC,33707.28,99.4,3,SOFT_FINANCIAL
NPCI_TIMEOUT,"NPCI timeout, bank se confirmation nahi aaya",UPI_AUTOPAY,HDFC,35779.72,99.4,0,TRANSIENT_TECHNICAL
ACCOUNT_CLOSED,"customer account closed, debit returned",UPI_AUTOPAY,HDFC,37624.82,99.4,0,HARD_PERMANENT
FRAUD_DETECTED,"suspicious activity, fraud check fail",CARD_MANDATE,ICIC,723.73,98.9,1,HARD_PERMANENT
PURCHASE_ORDER_MISMATCH,purchase order aur invoice me antar hai,B2B_INVOICE,SBIN,28365.97,78.2,3,COMMERCIAL_DISPUTE
UPI_DAILY_LIMIT_EXCEEDED,"UPI daily cap khatam, kal retry karo",UPI_AUTOPAY,UTIB,44672.9,96.5,1,SOFT_FINANCIAL
INVALID_VPA_PERMANENT,"galat UPI ID, ye VPA exist nahi karti",UPI_AUTOPAY,HDFC,33573.97,99.4,2,HARD_PERMANENT
STOLEN_CARD,"chori ka card report hua, block hai",CARD_MANDATE,ICIC,44851.52,98.9,0,HARD_PERMANENT
INVALID_VPA_PERMANENT,"galat UPI ID, ye VPA exist nahi karti",UPI_AUTOPAY,UTIB,34785.72,96.5,1,HARD_PERMANENT
CART_ABANDONED_SHIPPING_FRICTION,shipping fee dekh kar customer ne cart chhod diya,MAGIC_CHECKOUT,KKBK,11975.54,97.8,3,BEHAVIORAL_DROPOFF
MANDATE_AMOUNT_EXCEEDS_CAP,"autopay cap se zyada amount, bank ne decline kiya",UPI_AUTOPAY,HDFC,43420.92,99.4,0,SOFT_FINANCIAL
CART_ABANDONED_SHIPPING_FRICTION,User exited after shipping charge calculated,MAGIC_CHECKOUT,UTIB,37387.32,96.5,0,BEHAVIORAL_DROPOFF
TOKENIZATION_TIMEOUT,"tokenization service slow, mandate auth timed out",CARD_MANDATE,SBIN,39324.02,78.2,0,TRANSIENT_TECHNICAL
PAYMENT_METHOD_UNAVAILABLE,payment option show nahi ho raha tha,MAGIC_CHECKOUT,KKBK,44297.15,97.8,0,BEHAVIORAL_DROPOFF
STOLEN_CARD,stolen card hotlisted by issuer,CARD_MANDATE,UTIB,36937.01,96.5,1,HARD_PERMANENT
GATEWAY_ERROR,issuer node degraded during mandate authorization,UPI_AUTOPAY,SBIN,34960.6,78.2,0,TRANSIENT_TECHNICAL
MANDATE_AMOUNT_EXCEEDS_CAP,"mandate amount exceeds NPCI cap of Rs.1,00,000",UPI_AUTOPAY,KKBK,38724.55,97.8,1,SOFT_FINANCIAL
BANK_DEBIT_FAILED_TECHNICAL,"bank server busy, auto-debit fail ho gaya technical issue se",UPI_AUTOPAY,KKBK,10522.21,97.8,1,TRANSIENT_TECHNICAL
FRAUD_DETECTED,"suspicious activity, fraud check fail",CARD_MANDATE,SBIN,4685.29,78.2,0,HARD_PERMANENT
INSUFFICIENT_FUNDS,Salary credit not yet posted; balance too low for auto-debit,UPI_AUTOPAY,KKBK,42410.14,97.8,1,SOFT_FINANCIAL
OTP_TIMEOUT,OTP verification timed out during checkout,MAGIC_CHECKOUT,ICIC,2390.31,98.9,1,TRANSIENT_TECHNICAL
INVOICE_APPROVAL_PENDING,procurement team se approval pending hai,B2B_INVOICE,KKBK,43745.97,97.8,1,COMMERCIAL_DISPUTE
PAYMENT_METHOD_UNAVAILABLE,payment option show nahi ho raha tha,MAGIC_CHECKOUT,SBIN,32525.06,78.2,0,BEHAVIORAL_DROPOFF
ACCOUNT_CLOSED,"customer account closed, debit returned",UPI_AUTOPAY,ICIC,31933.39,98.9,2,HARD_PERMANENT
INVOICE_APPROVAL_PENDING,Invoice stuck in enterprise procurement approval workflow,B2B_INVOICE,KKBK,26810.12,97.8,0,COMMERCIAL_DISPUTE
BANK_DEBIT_FAILED_TECHNICAL,debit attempt failed due to issuer switch congestion,UPI_AUTOPAY,SBIN,6641.01,78.2,3,TRANSIENT_TECHNICAL
FRAUD_DETECTED,High-risk score flagged by issuer fraud detection switch,CARD_MANDATE,UTIB,35426.6,96.5,2,HARD_PERMANENT
OTP_TIMEOUT,"customer ne OTP time par enter nahi kiya, session expire",MAGIC_CHECKOUT,KKBK,8862.23,97.8,3,TRANSIENT_TECHNICAL
MANDATE_AMOUNT_EXCEEDS_CAP,"mandate amount exceeds NPCI cap of Rs.1,00,000",UPI_AUTOPAY,SBIN,43358.37,78.2,0,SOFT_FINANCIAL
CHECKOUT_DROPPED_OFF,user ne checkout beech me chhod diya,MAGIC_CHECKOUT,HDFC,32723.58,99.4,1,BEHAVIORAL_DROPOFF
CHECKOUT_DROPPED_OFF,Customer abandoned session at shipping/payment step,MAGIC_CHECKOUT,UTIB,6579.04,96.5,0,BEHAVIORAL_DROPOFF
INVOICE_OVERDUE_30_DAYS,Net-30 invoice crossed due date without payment reconciliation,B2B_INVOICE,HDFC,23523.31,99.4,1,COMMERCIAL_DISPUTE
CART_ABANDONED_SHIPPING_FRICTION,shipping fee dekh kar customer ne cart chhod diya,MAGIC_CHECKOUT,SBIN,29786.54,78.2,0,BEHAVIORAL_DROPOFF
CART_ABANDONED_SHIPPING_FRICTION,shipping fee dekh kar customer ne cart chhod diya,MAGIC_CHECKOUT,SBIN,3353.11,78.2,3,BEHAVIORAL_DROPOFF
INVOICE_OVERDUE_30_DAYS,"30 din se payment pending, accounts se approval nahi aaya",B2B_INVOICE,HDFC,17290.66,99.4,0,COMMERCIAL_DISPUTE
CART_ABANDONED_SHIPPING_FRICTION,shipping fee dekh kar customer ne cart chhod diya,MAGIC_CHECKOUT,UTIB,26406.63,96.5,2,BEHAVIORAL_DROPOFF
PURCHASE_ORDER_MISMATCH,purchase order aur invoice me antar hai,B2B_INVOICE,SBIN,23622.72,78.2,0,COMMERCIAL_DISPUTE
MANDATE_AMOUNT_EXCEEDS_CAP,"mandate amount exceeds NPCI cap of Rs.1,00,000",UPI_AUTOPAY,UTIB,37684.41,96.5,1,SOFT_FINANCIAL
OTP_TIMEOUT,OTP verification timed out during checkout,MAGIC_CHECKOUT,HDFC,38959.36,99.4,0,TRANSIENT_TECHNICAL
INVALID_VPA_PERMANENT,"galat UPI ID, ye VPA exist nahi karti",UPI_AUTOPAY,KKBK,14930.9,97.8,2,HARD_PERMANENT
INVALID_VPA_PERMANENT,"galat UPI ID, ye VPA exist nahi karti",UPI_AUTOPAY,HDFC,778.1,99.4,2,HARD_PERMANENT
PURCHASE_ORDER_MISMATCH,"PO amount mismatch, reconciliation on hold",B2B_INVOICE,KKBK,22374.42,97.8,1,COMMERCIAL_DISPUTE
OTP_TIMEOUT,"customer ne OTP time par enter nahi kiya, session expire",MAGIC_CHECKOUT,HDFC,44879.15,99.4,3,TRANSIENT_TECHNICAL
PURCHASE_ORDER_MISMATCH,purchase order aur invoice me antar hai,B2B_INVOICE,KKBK,23449.23,97.8,2,COMMERCIAL_DISPUTE
NPCI_TIMEOUT,UPI switch response timed out after 30 seconds,UPI_AUTOPAY,KKBK,5028.44,97.8,3,TRANSIENT_TECHNICAL
CART_ABANDONED_SHIPPING_FRICTION,User exited after shipping charge calculated,MAGIC_CHECKOUT,HDFC,43509.45,99.4,0,BEHAVIORAL_DROPOFF
MANDATE_AMOUNT_EXCEEDS_CAP,"autopay cap se zyada amount, bank ne decline kiya",UPI_AUTOPAY,UTIB,32379.07,96.5,0,SOFT_FINANCIAL
MANDATE_AMOUNT_EXCEEDS_CAP,"autopay cap se zyada amount, bank ne decline kiya",UPI_AUTOPAY,UTIB,25885.43,96.5,1,SOFT_FINANCIAL
BANK_DEBIT_FAILED_TECHNICAL,debit attempt failed due to issuer switch congestion,UPI_AUTOPAY,UTIB,30173.93,96.5,0,TRANSIENT_TECHNICAL
GATEWAY_ERROR,issuer node degraded during mandate authorization,UPI_AUTOPAY,HDFC,28446.98,99.4,0,TRANSIENT_TECHNICAL
CART_ABANDONED_SHIPPING_FRICTION,shipping fee dekh kar customer ne cart chhod diya,MAGIC_CHECKOUT,UTIB,36124.71,96.5,2,BEHAVIORAL_DROPOFF
PAYMENT_METHOD_UNAVAILABLE,payment option show nahi ho raha tha,MAGIC_CHECKOUT,ICIC,36862.72,98.9,0,BEHAVIORAL_DROPOFF
MANDATE_AMOUNT_EXCEEDS_CAP,"mandate amount exceeds NPCI cap of Rs.1,00,000",UPI_AUTOPAY,ICIC,20180.56,98.9,0,SOFT_FINANCIAL
INVOICE_OVERDUE_30_DAYS,"30 din se payment pending, accounts se approval nahi aaya",B2B_INVOICE,ICIC,34633.55,98.9,0,COMMERCIAL_DISPUTE
GATEWAY_ERROR,"downstream gateway error, retry after clearing window",UPI_AUTOPAY,UTIB,33948.45,96.5,3,TRANSIENT_TECHNICAL
FRAUD_DETECTED,"suspicious activity, fraud check fail",CARD_MANDATE,HDFC,15151.93,99.4,1,HARD_PERMANENT
TOKENIZATION_TIMEOUT,card token vault timeout during authorization,CARD_MANDATE,ICIC,37324.83,98.9,0,TRANSIENT_TECHNICAL
CARD_EXPIRED,"card expiry ho gayi, naya card link karo",CARD_MANDATE,ICIC,28056.25,98.9,2,HARD_PERMANENT
FRAUD_DETECTED,"suspicious activity, fraud check fail",CARD_MANDATE,SBIN,12056.95,78.2,2,HARD_PERMANENT
PURCHASE_ORDER_MISMATCH,purchase order aur invoice me antar hai,B2B_INVOICE,ICIC,36304.01,98.9,0,COMMERCIAL_DISPUTE
FRAUD_DETECTED,High-risk score flagged by issuer fraud detection switch,CARD_MANDATE,ICIC,912.56,98.9,0,HARD_PERMANENT
UPI_DAILY_LIMIT_EXCEEDED,"UPI daily cap khatam, kal retry karo",UPI_AUTOPAY,KKBK,31569.93,97.8,1,SOFT_FINANCIAL
INVOICE_APPROVAL_PENDING,Invoice stuck in enterprise procurement approval workflow,B2B_INVOICE,UTIB,27907.12,96.5,0,COMMERCIAL_DISPUTE
GATEWAY_ERROR,504 Gateway Timeout from NPCI switch,UPI_AUTOPAY,HDFC,32082.33,99.4,2,TRANSIENT_TECHNICAL
NPCI_TIMEOUT,Card network switch response timed out,UPI_AUTOPAY,SBIN,32271.5,78.2,1,TRANSIENT_TECHNICAL
MANDATE_AMOUNT_EXCEEDS_CAP,"autopay cap se zyada amount, bank ne decline kiya",UPI_AUTOPAY,SBIN,41472.29,78.2,0,SOFT_FINANCIAL
INVOICE_APPROVAL_PENDING,Invoice stuck in enterprise procurement approval workflow,B2B_INVOICE,ICIC,44974.86,98.9,1,COMMERCIAL_DISPUTE
BANK_DEBIT_FAILED_TECHNICAL,Issuer node degradation during 02:00 AM auto-debit window,UPI_AUTOPAY,KKBK,7143.68,97.8,0,TRANSIENT_TECHNICAL
ACCOUNT_CLOSED,"account band ho gaya hai, retry bekar hai",UPI_AUTOPAY,SBIN,37529.34,78.2,0,HARD_PERMANENT
INSUFFICIENT_FUNDS,Salary credit not yet posted; balance too low for auto-debit,UPI_AUTOPAY,UTIB,29225.35,96.5,0,SOFT_FINANCIAL
CHECKOUT_DROPPED_OFF,Customer abandoned session at shipping/payment step,MAGIC_CHECKOUT,ICIC,11116.12,98.9,0,BEHAVIORAL_DROPOFF
PURCHASE_ORDER_MISMATCH,purchase order aur invoice me antar hai,B2B_INVOICE,UTIB,25122.8,96.5,1,COMMERCIAL_DISPUTE
GATEWAY_ERROR,"payment gateway ne response nahi diya, timeout ho gaya",UPI_AUTOPAY,SBIN,38185.98,78.2,1,TRANSIENT_TECHNICAL
NPCI_TIMEOUT,"NPCI timeout, bank se confirmation nahi aaya",UPI_AUTOPAY,KKBK,40009.35,97.8,1,TRANSIENT_TECHNICAL
INVALID_VPA_PERMANENT,"galat UPI ID, ye VPA exist nahi karti",UPI_AUTOPAY,ICIC,19522.33,98.9,0,HARD_PERMANENT
INSUFFICIENT_FUNDS,"account me paise nahi hai, balance insufficient",UPI_AUTOPAY,KKBK,16196.28,97.8,2,SOFT_FINANCIAL
CHECKOUT_DROPPED_OFF,user ne checkout beech me chhod diya,MAGIC_CHECKOUT,SBIN,35840.75,78.2,1,BEHAVIORAL_DROPOFF
CHECKOUT_DROPPED_OFF,Customer abandoned session at shipping/payment step,MAGIC_CHECKOUT,KKBK,31933.96,97.8,1,BEHAVIORAL_DROPOFF
INVOICE_OVERDUE_30_DAYS,Net-30 invoice crossed due date without payment reconciliation,B2B_INVOICE,KKBK,10405.76,97.8,0,COMMERCIAL_DISPUTE
TOKENIZATION_TIMEOUT,card token vault timeout during authorization,CARD_MANDATE,UTIB,12256.45,96.5,3,TRANSIENT_TECHNICAL
BANK_DEBIT_FAILED_TECHNICAL,debit attempt failed due to issuer switch congestion,UPI_AUTOPAY,KKBK,19816.06,97.8,1,TRANSIENT_TECHNICAL
OTP_TIMEOUT,OTP verification timed out during checkout,MAGIC_CHECKOUT,SBIN,1189.78,78.2,1,TRANSIENT_TECHNICAL
TOKENIZATION_TIMEOUT,card token vault timeout during authorization,CARD_MANDATE,ICIC,21552.34,98.9,2,TRANSIENT_TECHNICAL
CHECKOUT_DROPPED_OFF,Customer abandoned session at shipping/payment step,MAGIC_CHECKOUT,ICIC,3129.56,98.9,2,BEHAVIORAL_DROPOFF
INVALID_VPA_PERMANENT,"galat UPI ID, ye VPA exist nahi karti",UPI_AUTOPAY,HDFC,32169.54,99.4,1,HARD_PERMANENT
OTP_TIMEOUT,OTP verification timed out during checkout,MAGIC_CHECKOUT,UTIB,9840.36,96.5,1,TRANSIENT_TECHNICAL
INVOICE_APPROVAL_PENDING,procurement team se approval pending hai,B2B_INVOICE,ICIC,10618.12,98.9,3,COMMERCIAL_DISPUTE
STOLEN_CARD,"chori ka card report hua, block hai",CARD_MANDATE,SBIN,34530.02,78.2,2,HARD_PERMANENT
UPI_DAILY_LIMIT_EXCEEDED,"UPI daily cap khatam, kal retry karo",UPI_AUTOPAY,HDFC,43695.78,99.4,0,SOFT_FINANCIAL
MANDATE_AMOUNT_EXCEEDS_CAP,"mandate amount exceeds NPCI cap of Rs.1,00,000",UPI_AUTOPAY,HDFC,27700.11,99.4,1,SOFT_FINANCIAL
OTP_TIMEOUT,OTP verification timed out during checkout,MAGIC_CHECKOUT,SBIN,11345.47,78.2,1,TRANSIENT_TECHNICAL
FRAUD_DETECTED,High-risk score flagged by issuer fraud detection switch,CARD_MANDATE,HDFC,29293.08,99.4,1,HARD_PERMANENT
CART_ABANDONED_SHIPPING_FRICTION,shipping fee dekh kar customer ne cart chhod diya,MAGIC_CHECKOUT,HDFC,4417.53,99.4,1,BEHAVIORAL_DROPOFF
UPI_DAILY_LIMIT_EXCEEDED,"limit exceed, transaction declined by bank",UPI_AUTOPAY,UTIB,36259.95,96.5,1,SOFT_FINANCIAL
PURCHASE_ORDER_MISMATCH,"PO amount mismatch, reconciliation on hold",B2B_INVOICE,ICIC,8397.12,98.9,0,COMMERCIAL_DISPUTE
MANDATE_AMOUNT_EXCEEDS_CAP,"mandate amount exceeds NPCI cap of Rs.1,00,000",UPI_AUTOPAY,UTIB,39581.97,96.5,1,SOFT_FINANCIAL
CARD_EXPIRED,Mandate card token expired; bank declined authorization,CARD_MANDATE,ICIC,18183.36,98.9,0,HARD_PERMANENT
MANDATE_AMOUNT_EXCEEDS_CAP,"mandate amount exceeds NPCI cap of Rs.1,00,000",UPI_AUTOPAY,ICIC,20436.84,98.9,0,SOFT_FINANCIAL
STOLEN_CARD,"chori ka card report hua, block hai",CARD_MANDATE,HDFC,39592.58,99.4,0,HARD_PERMANENT
TOKENIZATION_TIMEOUT,card token vault timeout during authorization,CARD_MANDATE,ICIC,4477.06,98.9,0,TRANSIENT_TECHNICAL
STOLEN_CARD,stolen card hotlisted by issuer,CARD_MANDATE,HDFC,14842.64,99.4,0,HARD_PERMANENT
ACCOUNT_CLOSED,"account band ho gaya hai, retry bekar hai",UPI_AUTOPAY,HDFC,43015.84,99.4,0,HARD_PERMANENT
PURCHASE_ORDER_MISMATCH,"PO amount mismatch, reconciliation on hold",B2B_INVOICE,KKBK,9982.37,97.8,0,COMMERCIAL_DISPUTE
CART_ABANDONED_SHIPPING_FRICTION,User exited after shipping charge calculated,MAGIC_CHECKOUT,KKBK,16962.11,97.8,0,BEHAVIORAL_DROPOFF
PAYMENT_METHOD_UNAVAILABLE,selected UPI method unavailable at checkout,MAGIC_CHECKOUT,KKBK,6867.62,97.8,3,BEHAVIORAL_DROPOFF
PAYMENT_METHOD_UNAVAILABLE,selected UPI method unavailable at checkout,MAGIC_CHECKOUT,KKBK,1936.13,97.8,1,BEHAVIORAL_DROPOFF
CART_ABANDONED_SHIPPING_FRICTION,shipping fee dekh kar customer ne cart chhod diya,MAGIC_CHECKOUT,ICIC,5027.42,98.9,2,BEHAVIORAL_DROPOFF
FRAUD_DETECTED,High-risk score flagged by issuer fraud detection switch,CARD_MANDATE,HDFC,22494.26,99.4,1,HARD_PERMANENT
CHECKOUT_DROPPED_OFF,OTP verification timed out during checkout,MAGIC_CHECKOUT,ICIC,42214.2,98.9,2,BEHAVIORAL_DROPOFF
TOKENIZATION_TIMEOUT,"tokenization service slow, mandate auth timed out",CARD_MANDATE,UTIB,42491.64,96.5,2,TRANSIENT_TECHNICAL
TOKENIZATION_TIMEOUT,card token vault timeout during authorization,CARD_MANDATE,ICIC,11230.0,98.9,0,TRANSIENT_TECHNICAL
INSUFFICIENT_FUNDS,Mandate debit declined due to low card account balance,UPI_AUTOPAY,SBIN,35773.41,78.2,0,SOFT_FINANCIAL
MANDATE_AMOUNT_EXCEEDS_CAP,"mandate amount exceeds NPCI cap of Rs.1,00,000",UPI_AUTOPAY,UTIB,36528.46,96.5,2,SOFT_FINANCIAL
UPI_DAILY_LIMIT_EXCEEDED,"Customer reached daily UPI transaction limit of Rs.1,00,000",UPI_AUTOPAY,KKBK,4273.81,97.8,2,SOFT_FINANCIAL
INVOICE_OVERDUE_30_DAYS,"30 din se payment pending, accounts se approval nahi aaya",B2B_INVOICE,KKBK,29014.94,97.8,0,COMMERCIAL_DISPUTE
INVOICE_OVERDUE_30_DAYS,Net-30 invoice crossed due date without payment reconciliation,B2B_INVOICE,UTIB,34405.58,96.5,0,COMMERCIAL_DISPUTE
OTP_TIMEOUT,"customer ne OTP time par enter nahi kiya, session expire",MAGIC_CHECKOUT,UTIB,17091.98,96.5,1,TRANSIENT_TECHNICAL
ACCOUNT_CLOSED,"account band ho gaya hai, retry bekar hai",UPI_AUTOPAY,HDFC,14603.17,99.4,1,HARD_PERMANENT
NPCI_TIMEOUT,Card network switch response timed out,UPI_AUTOPAY,UTIB,44654.47,96.5,3,TRANSIENT_TECHNICAL
INVOICE_APPROVAL_PENDING,Invoice stuck in enterprise procurement approval workflow,B2B_INVOICE,KKBK,37440.15,97.8,0,COMMERCIAL_DISPUTE
CARD_EXPIRED,"card expiry ho gayi, naya card link karo",CARD_MANDATE,KKBK,33703.49,97.8,1,HARD_PERMANENT
TOKENIZATION_TIMEOUT,card token vault timeout during authorization,CARD_MANDATE,ICIC,33318.46,98.9,1,TRANSIENT_TECHNICAL
ACCOUNT_CLOSED,"customer account closed, debit returned",UPI_AUTOPAY,ICIC,17442.97,98.9,0,HARD_PERMANENT
TOKENIZATION_TIMEOUT,card token vault timeout during authorization,CARD_MANDATE,UTIB,33286.33,96.5,1,TRANSIENT_TECHNICAL
FRAUD_DETECTED,"suspicious activity, fraud check fail",CARD_MANDATE,HDFC,40997.57,99.4,0,HARD_PERMANENT
PAYMENT_METHOD_UNAVAILABLE,selected UPI method unavailable at checkout,MAGIC_CHECKOUT,SBIN,32115.71,78.2,0,BEHAVIORAL_DROPOFF
GATEWAY_ERROR,"payment gateway ne response nahi diya, timeout ho gaya",UPI_AUTOPAY,SBIN,25786.88,78.2,1,TRANSIENT_TECHNICAL
ACCOUNT_CLOSED,"customer account closed, debit returned",UPI_AUTOPAY,UTIB,9429.34,96.5,2,HARD_PERMANENT
CART_ABANDONED_SHIPPING_FRICTION,shipping fee dekh kar customer ne cart chhod diya,MAGIC_CHECKOUT,HDFC,40716.84,99.4,2,BEHAVIORAL_DROPOFF
INVOICE_OVERDUE_30_DAYS,Net-30 invoice crossed due date without payment reconciliation,B2B_INVOICE,UTIB,37230.26,96.5,0,COMMERCIAL_DISPUTE
NPCI_TIMEOUT,UPI switch response timed out after 30 seconds,UPI_AUTOPAY,SBIN,6545.93,78.2,0,TRANSIENT_TECHNICAL
INVALID_VPA_PERMANENT,"galat UPI ID, ye VPA exist nahi karti",UPI_AUTOPAY,KKBK,32015.43,97.8,2,HARD_PERMANENT
INVOICE_APPROVAL_PENDING,Invoice stuck in enterprise procurement approval workflow,B2B_INVOICE,ICIC,18531.72,98.9,0,COMMERCIAL_DISPUTE
OTP_TIMEOUT,"customer ne OTP time par enter nahi kiya, session expire",MAGIC_CHECKOUT,UTIB,12657.56,96.5,0,TRANSIENT_TECHNICAL
PURCHASE_ORDER_MISMATCH,purchase order aur invoice me antar hai,B2B_INVOICE,KKBK,666.26,97.8,2,COMMERCIAL_DISPUTE
NPCI_TIMEOUT,UPI switch response timed out after 30 seconds,UPI_AUTOPAY,UTIB,5973.32,96.5,2,TRANSIENT_TECHNICAL
INSUFFICIENT_FUNDS,Declined by customer bank due to low balance,UPI_AUTOPAY,HDFC,5363.59,99.4,3,SOFT_FINANCIAL
PURCHASE_ORDER_MISMATCH,"PO amount mismatch, reconciliation on hold",B2B_INVOICE,SBIN,24254.44,78.2,0,COMMERCIAL_DISPUTE
INVALID_VPA_PERMANENT,"galat UPI ID, ye VPA exist nahi karti",UPI_AUTOPAY,ICIC,24223.99,98.9,0,HARD_PERMANENT
UPI_DAILY_LIMIT_EXCEEDED,"UPI daily cap khatam, kal retry karo",UPI_AUTOPAY,HDFC,34292.08,99.4,1,SOFT_FINANCIAL
GATEWAY_ERROR,504 Gateway Timeout from NPCI switch,UPI_AUTOPAY,KKBK,38121.0,97.8,0,TRANSIENT_TECHNICAL
CHECKOUT_DROPPED_OFF,OTP verification timed out during checkout,MAGIC_CHECKOUT,HDFC,21208.74,99.4,0,BEHAVIORAL_DROPOFF
CART_ABANDONED_SHIPPING_FRICTION,User exited after shipping charge calculated,MAGIC_CHECKOUT,HDFC,37522.48,99.4,0,BEHAVIORAL_DROPOFF
CARD_EXPIRED,Mandate card token expired; bank declined authorization,CARD_MANDATE,SBIN,19729.93,78.2,0,HARD_PERMANENT
PAYMENT_METHOD_UNAVAILABLE,selected UPI method unavailable at checkout,MAGIC_CHECKOUT,UTIB,26945.26,96.5,0,BEHAVIORAL_DROPOFF
STOLEN_CARD,stolen card hotlisted by issuer,CARD_MANDATE,SBIN,32675.7,78.2,0,HARD_PERMANENT
UPI_DAILY_LIMIT_EXCEEDED,"Customer reached daily UPI transaction limit of Rs.1,00,000",UPI_AUTOPAY,SBIN,15491.71,78.2,0,SOFT_FINANCIAL
FRAUD_DETECTED,"suspicious activity, fraud check fail",CARD_MANDATE,UTIB,9188.29,96.5,2,HARD_PERMANENT
BANK_DEBIT_FAILED_TECHNICAL,debit attempt failed due to issuer switch congestion,UPI_AUTOPAY,UTIB,7057.92,96.5,0,TRANSIENT_TECHNICAL
STOLEN_CARD,stolen card hotlisted by issuer,CARD_MANDATE,SBIN,8440.73,78.2,0,HARD_PERMANENT
INVOICE_OVERDUE_30_DAYS,"30 din se payment pending, accounts se approval nahi aaya",B2B_INVOICE,HDFC,39235.78,99.4,0,COMMERCIAL_DISPUTE
INSUFFICIENT_FUNDS,"account me paise nahi hai, balance insufficient",UPI_AUTOPAY,KKBK,7416.35,97.8,1,SOFT_FINANCIAL
INVOICE_OVERDUE_30_DAYS,Net-30 invoice crossed due date without payment reconciliation,B2B_INVOICE,HDFC,30877.06,99.4,1,COMMERCIAL_DISPUTE
STOLEN_CARD,stolen card hotlisted by issuer,CARD_MANDATE,KKBK,32477.33,97.8,2,HARD_PERMANENT
INVOICE_OVERDUE_30_DAYS,"30 din se payment pending, accounts se approval nahi aaya",B2B_INVOICE,HDFC,6627.34,99.4,0,COMMERCIAL_DISPUTE
INSUFFICIENT_FUNDS,Declined by customer bank due to low balance,UPI_AUTOPAY,UTIB,352.26,96.5,0,SOFT_FINANCIAL
NPCI_TIMEOUT,"NPCI timeout, bank se confirmation nahi aaya",UPI_AUTOPAY,HDFC,38593.59,99.4,3,TRANSIENT_TECHNICAL
BANK_DEBIT_FAILED_TECHNICAL,Downstream bank gateway timeout during debit attempt,UPI_AUTOPAY,HDFC,29268.69,99.4,1,TRANSIENT_TECHNICAL
UPI_DAILY_LIMIT_EXCEEDED,"limit exceed, transaction declined by bank",UPI_AUTOPAY,UTIB,12853.87,96.5,1,SOFT_FINANCIAL
NPCI_TIMEOUT,Card network switch response timed out,UPI_AUTOPAY,SBIN,30792.76,78.2,1,TRANSIENT_TECHNICAL
INVALID_VPA_PERMANENT,"galat UPI ID, ye VPA exist nahi karti",UPI_AUTOPAY,UTIB,21664.46,96.5,0,HARD_PERMANENT
PAYMENT_METHOD_UNAVAILABLE,payment option show nahi ho raha tha,MAGIC_CHECKOUT,SBIN,6668.6,78.2,2,BEHAVIORAL_DROPOFF
FRAUD_DETECTED,"suspicious activity, fraud check fail",CARD_MANDATE,ICIC,39710.68,98.9,0,HARD_PERMANENT
ACCOUNT_CLOSED,"account band ho gaya hai, retry bekar hai",UPI_AUTOPAY,ICIC,6649.62,98.9,1,HARD_PERMANENT
OTP_TIMEOUT,OTP verification timed out during checkout,MAGIC_CHECKOUT,UTIB,5800.21,96.5,2,TRANSIENT_TECHNICAL
MANDATE_AMOUNT_EXCEEDS_CAP,"mandate amount exceeds NPCI cap of Rs.1,00,000",UPI_AUTOPAY,UTIB,19066.52,96.5,1,SOFT_FINANCIAL
PAYMENT_METHOD_UNAVAILABLE,payment option show nahi ho raha tha,MAGIC_CHECKOUT,UTIB,42866.31,96.5,1,BEHAVIORAL_DROPOFF
MANDATE_AMOUNT_EXCEEDS_CAP,"autopay cap se zyada amount, bank ne decline kiya",UPI_AUTOPAY,ICIC,30008.39,98.9,0,SOFT_FINANCIAL
STOLEN_CARD,stolen card hotlisted by issuer,CARD_MANDATE,SBIN,9918.99,78.2,0,HARD_PERMANENT
UPI_DAILY_LIMIT_EXCEEDED,"Customer reached daily UPI transaction limit of Rs.1,00,000",UPI_AUTOPAY,KKBK,16480.35,97.8,1,SOFT_FINANCIAL
TOKENIZATION_TIMEOUT,"tokenization service slow, mandate auth timed out",CARD_MANDATE,ICIC,29050.85,98.9,0,TRANSIENT_TECHNICAL
NPCI_TIMEOUT,UPI switch response timed out after 30 seconds,UPI_AUTOPAY,UTIB,5066.64,96.5,2,TRANSIENT_TECHNICAL
PAYMENT_METHOD_UNAVAILABLE,payment option show nahi ho raha tha,MAGIC_CHECKOUT,KKBK,18662.29,97.8,0,BEHAVIORAL_DROPOFF
GATEWAY_ERROR,"downstream gateway error, retry after clearing window",UPI_AUTOPAY,KKBK,40068.51,97.8,2,TRANSIENT_TECHNICAL
NPCI_TIMEOUT,"NPCI timeout, bank se confirmation nahi aaya",UPI_AUTOPAY,UTIB,8277.3,96.5,1,TRANSIENT_TECHNICAL
ACCOUNT_CLOSED,"customer account closed, debit returned",UPI_AUTOPAY,UTIB,25618.77,96.5,0,HARD_PERMANENT
INVALID_VPA_PERMANENT,"VPA does not exist, invalid payee address",UPI_AUTOPAY,UTIB,25962.67,96.5,3,HARD_PERMANENT
GATEWAY_ERROR,issuer node degraded during mandate authorization,UPI_AUTOPAY,UTIB,14378.1,96.5,0,TRANSIENT_TECHNICAL
CHECKOUT_DROPPED_OFF,user ne checkout beech me chhod diya,MAGIC_CHECKOUT,ICIC,27543.65,98.9,3,BEHAVIORAL_DROPOFF
STOLEN_CARD,stolen card hotlisted by issuer,CARD_MANDATE,HDFC,35455.7,99.4,0,HARD_PERMANENT
ACCOUNT_CLOSED,"customer account closed, debit returned",UPI_AUTOPAY,HDFC,15050.92,99.4,0,HARD_PERMANENT
INVOICE_OVERDUE_30_DAYS,"30 din se payment pending, accounts se approval nahi aaya",B2B_INVOICE,SBIN,33512.32,78.2,0,COMMERCIAL_DISPUTE
INVOICE_APPROVAL_PENDING,Invoice stuck in enterprise procurement approval workflow,B2B_INVOICE,ICIC,28120.4,98.9,0,COMMERCIAL_DISPUTE
UPI_DAILY_LIMIT_EXCEEDED,"UPI daily cap khatam, kal retry karo",UPI_AUTOPAY,UTIB,15369.55,96.5,0,SOFT_FINANCIAL
INVOICE_APPROVAL_PENDING,procurement team se approval pending hai,B2B_INVOICE,HDFC,36144.45,99.4,0,COMMERCIAL_DISPUTE
CHECKOUT_DROPPED_OFF,Customer abandoned session at shipping/payment step,MAGIC_CHECKOUT,UTIB,5505.25,96.5,1,BEHAVIORAL_DROPOFF
OTP_TIMEOUT,OTP verification timed out during checkout,MAGIC_CHECKOUT,KKBK,24943.54,97.8,1,TRANSIENT_TECHNICAL
INVALID_VPA_PERMANENT,"VPA does not exist, invalid payee address",UPI_AUTOPAY,HDFC,29941.0,99.4,0,HARD_PERMANENT
PAYMENT_METHOD_UNAVAILABLE,selected UPI method unavailable at checkout,MAGIC_CHECKOUT,HDFC,6273.96,99.4,1,BEHAVIORAL_DROPOFF
PURCHASE_ORDER_MISMATCH,purchase order aur invoice me antar hai,B2B_INVOICE,UTIB,7835.69,96.5,0,COMMERCIAL_DISPUTE
UPI_DAILY_LIMIT_EXCEEDED,"limit exceed, transaction declined by bank",UPI_AUTOPAY,ICIC,41906.14,98.9,1,SOFT_FINANCIAL
UPI_DAILY_LIMIT_EXCEEDED,"Customer reached daily UPI transaction limit of Rs.1,00,000",UPI_AUTOPAY,UTIB,40250.56,96.5,1,SOFT_FINANCIAL
UPI_DAILY_LIMIT_EXCEEDED,"UPI daily cap khatam, kal retry karo",UPI_AUTOPAY,ICIC,44454.11,98.9,0,SOFT_FINANCIAL
CARD_EXPIRED,Mandate card token expired; bank declined authorization,CARD_MANDATE,SBIN,28156.22,78.2,2,HARD_PERMANENT
NPCI_TIMEOUT,UPI switch response timed out after 30 seconds,UPI_AUTOPAY,HDFC,44681.77,99.4,3,TRANSIENT_TECHNICAL
GATEWAY_ERROR,"downstream gateway error, retry after clearing window",UPI_AUTOPAY,ICIC,32070.8,98.9,3,TRANSIENT_TECHNICAL
CARD_EXPIRED,"card expiry ho gayi, naya card link karo",CARD_MANDATE,KKBK,44263.96,97.8,1,HARD_PERMANENT
ACCOUNT_CLOSED,"account band ho gaya hai, retry bekar hai",UPI_AUTOPAY,SBIN,16561.04,78.2,0,HARD_PERMANENT
GATEWAY_ERROR,"downstream gateway error, retry after clearing window",UPI_AUTOPAY,KKBK,40711.64,97.8,0,TRANSIENT_TECHNICAL
PURCHASE_ORDER_MISMATCH,purchase order aur invoice me antar hai,B2B_INVOICE,SBIN,2529.15,78.2,0,COMMERCIAL_DISPUTE
INVOICE_APPROVAL_PENDING,procurement team se approval pending hai,B2B_INVOICE,UTIB,44827.69,96.5,0,COMMERCIAL_DISPUTE
BANK_DEBIT_FAILED_TECHNICAL,"bank server busy, auto-debit fail ho gaya technical issue se",UPI_AUTOPAY,UTIB,29741.25,96.5,0,TRANSIENT_TECHNICAL
TOKENIZATION_TIMEOUT,card token vault timeout during authorization,CARD_MANDATE,SBIN,39267.27,78.2,1,TRANSIENT_TECHNICAL
ACCOUNT_CLOSED,"customer account closed, debit returned",UPI_AUTOPAY,ICIC,17253.45,98.9,1,HARD_PERMANENT
NPCI_TIMEOUT,Card network switch response timed out,UPI_AUTOPAY,HDFC,31348.61,99.4,0,TRANSIENT_TECHNICAL
NPCI_TIMEOUT,Card network switch response timed out,UPI_AUTOPAY,ICIC,36180.75,98.9,3,TRANSIENT_TECHNICAL
OTP_TIMEOUT,"customer ne OTP time par enter nahi kiya, session expire",MAGIC_CHECKOUT,ICIC,6127.97,98.9,0,TRANSIENT_TECHNICAL
INVALID_VPA_PERMANENT,"VPA does not exist, invalid payee address",UPI_AUTOPAY,UTIB,12816.8,96.5,0,HARD_PERMANENT
PAYMENT_METHOD_UNAVAILABLE,selected UPI method unavailable at checkout,MAGIC_CHECKOUT,ICIC,38794.13,98.9,0,BEHAVIORAL_DROPOFF
ACCOUNT_CLOSED,"customer account closed, debit returned",UPI_AUTOPAY,HDFC,11083.9,99.4,0,HARD_PERMANENT
MANDATE_AMOUNT_EXCEEDS_CAP,"mandate amount exceeds NPCI cap of Rs.1,00,000",UPI_AUTOPAY,SBIN,25821.09,78.2,0,SOFT_FINANCIAL
CARD_EXPIRED,Mandate card token expired; bank declined authorization,CARD_MANDATE,HDFC,32594.92,99.4,2,HARD_PERMANENT
INVOICE_OVERDUE_30_DAYS,Net-30 invoice crossed due date without payment reconciliation,B2B_INVOICE,SBIN,26307.0,78.2,3,COMMERCIAL_DISPUTE
PAYMENT_METHOD_UNAVAILABLE,payment option show nahi ho raha tha,MAGIC_CHECKOUT,HDFC,27642.53,99.4,0,BEHAVIORAL_DROPOFF
CHECKOUT_DROPPED_OFF,Customer abandoned session at shipping/payment step,MAGIC_CHECKOUT,HDFC,8512.94,99.4,2,BEHAVIORAL_DROPOFF
CARD_EXPIRED,Mandate card token expired; bank declined authorization,CARD_MANDATE,UTIB,35663.15,96.5,0,HARD_PERMANENT
GATEWAY_ERROR,504 Gateway Timeout from NPCI switch,UPI_AUTOPAY,HDFC,17532.55,99.4,2,TRANSIENT_TECHNICAL
STOLEN_CARD,stolen card hotlisted by issuer,CARD_MANDATE,UTIB,36826.1,96.5,2,HARD_PERMANENT
PURCHASE_ORDER_MISMATCH,"PO amount mismatch, reconciliation on hold",B2B_INVOICE,UTIB,13104.53,96.5,2,COMMERCIAL_DISPUTE
UPI_DAILY_LIMIT_EXCEEDED,"Customer reached daily UPI transaction limit of Rs.1,00,000",UPI_AUTOPAY,UTIB,8483.95,96.5,0,SOFT_FINANCIAL
CARD_EXPIRED,Mandate card token expired; bank declined authorization,CARD_MANDATE,SBIN,11993.38,78.2,1,HARD_PERMANENT
UPI_DAILY_LIMIT_EXCEEDED,"Customer reached daily UPI transaction limit of Rs.1,00,000",UPI_AUTOPAY,HDFC,31688.19,99.4,0,SOFT_FINANCIAL
GATEWAY_ERROR,issuer node degraded during mandate authorization,UPI_AUTOPAY,ICIC,34081.38,98.9,0,TRANSIENT_TECHNICAL
FRAUD_DETECTED,"suspicious activity, fraud check fail",CARD_MANDATE,KKBK,13492.33,97.8,1,HARD_PERMANENT
STOLEN_CARD,"chori ka card report hua, block hai",CARD_MANDATE,SBIN,19307.67,78.2,3,HARD_PERMANENT
MANDATE_AMOUNT_EXCEEDS_CAP,"mandate amount exceeds NPCI cap of Rs.1,00,000",UPI_AUTOPAY,KKBK,511.85,97.8,2,SOFT_FINANCIAL
INVALID_VPA_PERMANENT,"galat UPI ID, ye VPA exist nahi karti",UPI_AUTOPAY,SBIN,3095.53,78.2,0,HARD_PERMANENT
PURCHASE_ORDER_MISMATCH,purchase order aur invoice me antar hai,B2B_INVOICE,HDFC,27968.69,99.4,3,COMMERCIAL_DISPUTE
OTP_TIMEOUT,OTP verification timed out during checkout,MAGIC_CHECKOUT,UTIB,736.56,96.5,2,TRANSIENT_TECHNICAL
CARD_EXPIRED,"card expiry ho gayi, naya card link karo",CARD_MANDATE,KKBK,34757.87,97.8,0,HARD_PERMANENT
CARD_EXPIRED,"card expiry ho gayi, naya card link karo",CARD_MANDATE,ICIC,20394.71,98.9,2,HARD_PERMANENT
PURCHASE_ORDER_MISMATCH,purchase order aur invoice me antar hai,B2B_INVOICE,UTIB,13650.37,96.5,1,COMMERCIAL_DISPUTE
INVOICE_OVERDUE_30_DAYS,Net-30 invoice crossed due date without payment reconciliation,B2B_INVOICE,SBIN,26507.45,78.2,0,COMMERCIAL_DISPUTE
MANDATE_AMOUNT_EXCEEDS_CAP,"autopay cap se zyada amount, bank ne decline kiya",UPI_AUTOPAY,UTIB,39622.74,96.5,0,SOFT_FINANCIAL
NPCI_TIMEOUT,Card network switch response timed out,UPI_AUTOPAY,UTIB,20456.96,96.5,0,TRANSIENT_TECHNICAL
NPCI_TIMEOUT,Card network switch response timed out,UPI_AUTOPAY,HDFC,39326.48,99.4,3,TRANSIENT_TECHNICAL
INVOICE_OVERDUE_30_DAYS,"30 din se payment pending, accounts se approval nahi aaya",B2B_INVOICE,SBIN,18093.34,78.2,0,COMMERCIAL_DISPUTE
OTP_TIMEOUT,OTP verification timed out during checkout,MAGIC_CHECKOUT,SBIN,26763.18,78.2,0,TRANSIENT_TECHNICAL
GATEWAY_ERROR,504 Gateway Timeout from NPCI switch,UPI_AUTOPAY,HDFC,17729.26,99.4,0,TRANSIENT_TECHNICAL
INVALID_VPA_PERMANENT,"galat UPI ID, ye VPA exist nahi karti",UPI_AUTOPAY,SBIN,1170.32,78.2,1,HARD_PERMANENT
FRAUD_DETECTED,"suspicious activity, fraud check fail",CARD_MANDATE,KKBK,12638.88,97.8,0,HARD_PERMANENT
PURCHASE_ORDER_MISMATCH,purchase order aur invoice me antar hai,B2B_INVOICE,UTIB,19692.25,96.5,3,COMMERCIAL_DISPUTE
FRAUD_DETECTED,"suspicious activity, fraud check fail",CARD_MANDATE,HDFC,16030.3,99.4,0,HARD_PERMANENT
CARD_EXPIRED,"card expiry ho gayi, naya card link karo",CARD_MANDATE,UTIB,27429.84,96.5,0,HARD_PERMANENT
INSUFFICIENT_FUNDS,Mandate debit declined due to low card account balance,UPI_AUTOPAY,SBIN,18851.69,78.2,0,SOFT_FINANCIAL
INVOICE_APPROVAL_PENDING,Invoice stuck in enterprise procurement approval workflow,B2B_INVOICE,ICIC,28444.2,98.9,2,COMMERCIAL_DISPUTE
OTP_TIMEOUT,OTP verification timed out during checkout,MAGIC_CHECKOUT,KKBK,5997.51,97.8,0,TRANSIENT_TECHNICAL
INVOICE_OVERDUE_30_DAYS,"30 din se payment pending, accounts se approval nahi aaya",B2B_INVOICE,SBIN,16756.0,78.2,1,COMMERCIAL_DISPUTE
CARD_EXPIRED,Mandate card token expired; bank declined authorization,CARD_MANDATE,UTIB,16775.75,96.5,0,HARD_PERMANENT
GATEWAY_ERROR,"downstream gateway error, retry after clearing window",UPI_AUTOPAY,SBIN,40974.46,78.2,0,TRANSIENT_TECHNICAL
PURCHASE_ORDER_MISMATCH,purchase order aur invoice me antar hai,B2B_INVOICE,KKBK,15465.27,97.8,3,COMMERCIAL_DISPUTE
INVOICE_OVERDUE_30_DAYS,Net-30 invoice crossed due date without payment reconciliation,B2B_INVOICE,SBIN,43453.2,78.2,3,COMMERCIAL_DISPUTE
UPI_DAILY_LIMIT_EXCEEDED,"Customer reached daily UPI transaction limit of Rs.1,00,000",UPI_AUTOPAY,KKBK,27500.15,97.8,3,SOFT_FINANCIAL
INSUFFICIENT_FUNDS,Mandate debit declined due to low card account balance,UPI_AUTOPAY,KKBK,21244.38,97.8,0,SOFT_FINANCIAL
INVOICE_OVERDUE_30_DAYS,Net-30 invoice crossed due date without payment reconciliation,B2B_INVOICE,UTIB,33808.37,96.5,1,COMMERCIAL_DISPUTE
INVOICE_OVERDUE_30_DAYS,Net-30 invoice crossed due date without payment reconciliation,B2B_INVOICE,KKBK,22193.62,97.8,1,COMMERCIAL_DISPUTE
INVALID_VPA_PERMANENT,"VPA does not exist, invalid payee address",UPI_AUTOPAY,UTIB,17652.42,96.5,0,HARD_PERMANENT
INVALID_VPA_PERMANENT,"VPA does not exist, invalid payee address",UPI_AUTOPAY,ICIC,38180.07,98.9,0,HARD_PERMANENT
PURCHASE_ORDER_MISMATCH,"PO amount mismatch, reconciliation on hold",B2B_INVOICE,SBIN,28561.16,78.2,0,COMMERCIAL_DISPUTE
MANDATE_AMOUNT_EXCEEDS_CAP,"autopay cap se zyada amount, bank ne decline kiya",UPI_AUTOPAY,KKBK,6745.33,97.8,0,SOFT_FINANCIAL
INVOICE_OVERDUE_30_DAYS,"30 din se payment pending, accounts se approval nahi aaya",B2B_INVOICE,ICIC,27293.35,98.9,1,COMMERCIAL_DISPUTE
GATEWAY_ERROR,issuer node degraded during mandate authorization,UPI_AUTOPAY,KKBK,27307.25,97.8,0,TRANSIENT_TECHNICAL
BANK_DEBIT_FAILED_TECHNICAL,Issuer node degradation during 02:00 AM auto-debit window,UPI_AUTOPAY,KKBK,35988.21,97.8,0,TRANSIENT_TECHNICAL
INSUFFICIENT_FUNDS,Mandate debit declined due to low card account balance,UPI_AUTOPAY,UTIB,31588.65,96.5,3,SOFT_FINANCIAL
ACCOUNT_CLOSED,"account band ho gaya hai, retry bekar hai",UPI_AUTOPAY,ICIC,9349.16,98.9,0,HARD_PERMANENT
ACCOUNT_CLOSED,"customer account closed, debit returned",UPI_AUTOPAY,UTIB,3725.27,96.5,1,HARD_PERMANENT
CHECKOUT_DROPPED_OFF,user ne checkout beech me chhod diya,MAGIC_CHECKOUT,UTIB,25075.4,96.5,1,BEHAVIORAL_DROPOFF
PAYMENT_METHOD_UNAVAILABLE,payment option show nahi ho raha tha,MAGIC_CHECKOUT,HDFC,42173.19,99.4,1,BEHAVIORAL_DROPOFF
INVALID_VPA_PERMANENT,"VPA does not exist, invalid payee address",UPI_AUTOPAY,KKBK,20508.79,97.8,0,HARD_PERMANENT
UPI_DAILY_LIMIT_EXCEEDED,"Customer reached daily UPI transaction limit of Rs.1,00,000",UPI_AUTOPAY,ICIC,43033.49,98.9,0,SOFT_FINANCIAL
BANK_DEBIT_FAILED_TECHNICAL,"bank server busy, auto-debit fail ho gaya technical issue se",UPI_AUTOPAY,KKBK,21573.62,97.8,0,TRANSIENT_TECHNICAL
INVOICE_OVERDUE_30_DAYS,"30 din se payment pending, accounts se approval nahi aaya",B2B_INVOICE,KKBK,1339.87,97.8,1,COMMERCIAL_DISPUTE
INVOICE_OVERDUE_30_DAYS,"30 din se payment pending, accounts se approval nahi aaya",B2B_INVOICE,SBIN,14831.48,78.2,3,COMMERCIAL_DISPUTE
BANK_DEBIT_FAILED_TECHNICAL,"bank server busy, auto-debit fail ho gaya technical issue se",UPI_AUTOPAY,ICIC,25539.2,98.9,1,TRANSIENT_TECHNICAL
BANK_DEBIT_FAILED_TECHNICAL,Downstream bank gateway timeout during debit attempt,UPI_AUTOPAY,SBIN,22450.61,78.2,0,TRANSIENT_TECHNICAL
CHECKOUT_DROPPED_OFF,Customer abandoned session at shipping/payment step,MAGIC_CHECKOUT,HDFC,23620.09,99.4,2,BEHAVIORAL_DROPOFF
INSUFFICIENT_FUNDS,Declined by customer bank due to low balance,UPI_AUTOPAY,ICIC,43759.88,98.9,0,SOFT_FINANCIAL
CARD_EXPIRED,"card expiry ho gayi, naya card link karo",CARD_MANDATE,ICIC,33837.86,98.9,1,HARD_PERMANENT
NPCI_TIMEOUT,"NPCI timeout, bank se confirmation nahi aaya",UPI_AUTOPAY,HDFC,23705.16,99.4,2,TRANSIENT_TECHNICAL
NPCI_TIMEOUT,"NPCI timeout, bank se confirmation nahi aaya",UPI_AUTOPAY,SBIN,24754.32,78.2,0,TRANSIENT_TECHNICAL
GATEWAY_ERROR,"payment gateway ne response nahi diya, timeout ho gaya",UPI_AUTOPAY,SBIN,5362.28,78.2,3,TRANSIENT_TECHNICAL
INVALID_VPA_PERMANENT,"VPA does not exist, invalid payee address",UPI_AUTOPAY,SBIN,2730.89,78.2,2,HARD_PERMANENT
TOKENIZATION_TIMEOUT,card token vault timeout during authorization,CARD_MANDATE,HDFC,29001.68,99.4,2,TRANSIENT_TECHNICAL
INSUFFICIENT_FUNDS,Mandate debit declined due to low card account balance,UPI_AUTOPAY,HDFC,2088.52,99.4,3,SOFT_FINANCIAL
INSUFFICIENT_FUNDS,Salary credit not yet posted; balance too low for auto-debit,UPI_AUTOPAY,SBIN,22625.66,78.2,0,SOFT_FINANCIAL
NPCI_TIMEOUT,"NPCI timeout, bank se confirmation nahi aaya",UPI_AUTOPAY,UTIB,1061.68,96.5,3,TRANSIENT_TECHNICAL
INVOICE_APPROVAL_PENDING,procurement team se approval pending hai,B2B_INVOICE,HDFC,30199.63,99.4,2,COMMERCIAL_DISPUTE
OTP_TIMEOUT,OTP verification timed out during checkout,MAGIC_CHECKOUT,HDFC,9164.77,99.4,0,TRANSIENT_TECHNICAL
GATEWAY_ERROR,issuer node degraded during mandate authorization,UPI_AUTOPAY,KKBK,22217.13,97.8,0,TRANSIENT_TECHNICAL
CARD_EXPIRED,"card expiry ho gayi, naya card link karo",CARD_MANDATE,KKBK,40456.24,97.8,0,HARD_PERMANENT
NPCI_TIMEOUT,UPI switch response timed out after 30 seconds,UPI_AUTOPAY,SBIN,24222.64,78.2,2,TRANSIENT_TECHNICAL
INVOICE_APPROVAL_PENDING,procurement team se approval pending hai,B2B_INVOICE,KKBK,16968.04,97.8,1,COMMERCIAL_DISPUTE
FRAUD_DETECTED,High-risk score flagged by issuer fraud detection switch,CARD_MANDATE,KKBK,11680.52,97.8,0,HARD_PERMANENT
INVOICE_OVERDUE_30_DAYS,"30 din se payment pending, accounts se approval nahi aaya",B2B_INVOICE,UTIB,5537.83,96.5,0,COMMERCIAL_DISPUTE
PAYMENT_METHOD_UNAVAILABLE,selected UPI method unavailable at checkout,MAGIC_CHECKOUT,UTIB,27230.48,96.5,2,BEHAVIORAL_DROPOFF
STOLEN_CARD,"chori ka card report hua, block hai",CARD_MANDATE,SBIN,8479.66,78.2,0,HARD_PERMANENT
NPCI_TIMEOUT,UPI switch response timed out after 30 seconds,UPI_AUTOPAY,SBIN,9165.59,78.2,1,TRANSIENT_TECHNICAL
INVOICE_APPROVAL_PENDING,Invoice stuck in enterprise procurement approval workflow,B2B_INVOICE,KKBK,36839.96,97.8,0,COMMERCIAL_DISPUTE
PAYMENT_METHOD_UNAVAILABLE,selected UPI method unavailable at checkout,MAGIC_CHECKOUT,SBIN,25594.29,78.2,3,BEHAVIORAL_DROPOFF
INVALID_VPA_PERMANENT,"VPA does not exist, invalid payee address",UPI_AUTOPAY,KKBK,1265.83,97.8,0,HARD_PERMANENT
GATEWAY_ERROR,issuer node degraded during mandate authorization,UPI_AUTOPAY,ICIC,9443.81,98.9,2,TRANSIENT_TECHNICAL
NPCI_TIMEOUT,"NPCI timeout, bank se confirmation nahi aaya",UPI_AUTOPAY,ICIC,20712.68,98.9,1,TRANSIENT_TECHNICAL
FRAUD_DETECTED,"suspicious activity, fraud check fail",CARD_MANDATE,UTIB,25324.74,96.5,0,HARD_PERMANENT
INSUFFICIENT_FUNDS,Declined by customer bank due to low balance,UPI_AUTOPAY,KKBK,5004.43,97.8,0,SOFT_FINANCIAL
ACCOUNT_CLOSED,"customer account closed, debit returned",UPI_AUTOPAY,HDFC,42616.01,99.4,0,HARD_PERMANENT
INVOICE_APPROVAL_PENDING,procurement team se approval pending hai,B2B_INVOICE,UTIB,32847.65,96.5,0,COMMERCIAL_DISPUTE
CART_ABANDONED_SHIPPING_FRICTION,User exited after shipping charge calculated,MAGIC_CHECKOUT,ICIC,9845.04,98.9,0,BEHAVIORAL_DROPOFF
OTP_TIMEOUT,"customer ne OTP time par enter nahi kiya, session expire",MAGIC_CHECKOUT,HDFC,12742.32,99.4,2,TRANSIENT_TECHNICAL
ACCOUNT_CLOSED,"account band ho gaya hai, retry bekar hai",UPI_AUTOPAY,HDFC,40453.67,99.4,0,HARD_PERMANENT
CHECKOUT_DROPPED_OFF,user ne checkout beech me chhod diya,MAGIC_CHECKOUT,UTIB,41869.56,96.5,3,BEHAVIORAL_DROPOFF
GATEWAY_ERROR,504 Gateway Timeout from NPCI switch,UPI_AUTOPAY,HDFC,39636.9,99.4,1,TRANSIENT_TECHNICAL
FRAUD_DETECTED,High-risk score flagged by issuer fraud detection switch,CARD_MANDATE,HDFC,4056.15,99.4,0,HARD_PERMANENT
PAYMENT_METHOD_UNAVAILABLE,payment option show nahi ho raha tha,MAGIC_CHECKOUT,ICIC,1209.66,98.9,1,BEHAVIORAL_DROPOFF
PURCHASE_ORDER_MISMATCH,"PO amount mismatch, reconciliation on hold",B2B_INVOICE,SBIN,9852.52,78.2,1,COMMERCIAL_DISPUTE
NPCI_TIMEOUT,UPI switch response timed out after 30 seconds,UPI_AUTOPAY,HDFC,22484.07,99.4,3,TRANSIENT_TECHNICAL
PAYMENT_METHOD_UNAVAILABLE,payment option show nahi ho raha tha,MAGIC_CHECKOUT,SBIN,43786.21,78.2,1,BEHAVIORAL_DROPOFF
BANK_DEBIT_FAILED_TECHNICAL,Downstream bank gateway timeout during debit attempt,UPI_AUTOPAY,ICIC,32003.31,98.9,2,TRANSIENT_TECHNICAL
PURCHASE_ORDER_MISMATCH,"PO amount mismatch, reconciliation on hold",B2B_INVOICE,ICIC,1292.72,98.9,0,COMMERCIAL_DISPUTE
GATEWAY_ERROR,issuer node degraded during mandate authorization,UPI_AUTOPAY,UTIB,36503.67,96.5,2,TRANSIENT_TECHNICAL
BANK_DEBIT_FAILED_TECHNICAL,debit attempt failed due to issuer switch congestion,UPI_AUTOPAY,KKBK,42856.11,97.8,1,TRANSIENT_TECHNICAL
INSUFFICIENT_FUNDS,Declined by customer bank due to low balance,UPI_AUTOPAY,ICIC,16508.12,98.9,1,SOFT_FINANCIAL
MANDATE_AMOUNT_EXCEEDS_CAP,"autopay cap se zyada amount, bank ne decline kiya",UPI_AUTOPAY,UTIB,24597.21,96.5,0,SOFT_FINANCIAL
MANDATE_AMOUNT_EXCEEDS_CAP,"mandate amount exceeds NPCI cap of Rs.1,00,000",UPI_AUTOPAY,ICIC,33136.47,98.9,0,SOFT_FINANCIAL
OTP_TIMEOUT,OTP verification timed out during checkout,MAGIC_CHECKOUT,KKBK,18199.11,97.8,1,TRANSIENT_TECHNICAL
MANDATE_AMOUNT_EXCEEDS_CAP,"autopay cap se zyada amount, bank ne decline kiya",UPI_AUTOPAY,SBIN,36677.21,78.2,3,SOFT_FINANCIAL
PURCHASE_ORDER_MISMATCH,purchase order aur invoice me antar hai,B2B_INVOICE,ICIC,43270.07,98.9,0,COMMERCIAL_DISPUTE
INVALID_VPA_PERMANENT,"VPA does not exist, invalid payee address",UPI_AUTOPAY,ICIC,41627.34,98.9,2,HARD_PERMANENT
PAYMENT_METHOD_UNAVAILABLE,payment option show nahi ho raha tha,MAGIC_CHECKOUT,KKBK,38808.5,97.8,0,BEHAVIORAL_DROPOFF
BANK_DEBIT_FAILED_TECHNICAL,"bank server busy, auto-debit fail ho gaya technical issue se",UPI_AUTOPAY,KKBK,41339.7,97.8,2,TRANSIENT_TECHNICAL
CHECKOUT_DROPPED_OFF,OTP verification timed out during checkout,MAGIC_CHECKOUT,ICIC,24400.99,98.9,3,BEHAVIORAL_DROPOFF
FRAUD_DETECTED,High-risk score flagged by issuer fraud detection switch,CARD_MANDATE,SBIN,37145.74,78.2,1,HARD_PERMANENT
CARD_EXPIRED,"card expiry ho gayi, naya card link karo",CARD_MANDATE,HDFC,44574.57,99.4,1,HARD_PERMANENT
BANK_DEBIT_FAILED_TECHNICAL,Downstream bank gateway timeout during debit attempt,UPI_AUTOPAY,KKBK,380.02,97.8,1,TRANSIENT_TECHNICAL
FRAUD_DETECTED,High-risk score flagged by issuer fraud detection switch,CARD_MANDATE,ICIC,22114.75,98.9,0,HARD_PERMANENT
MANDATE_AMOUNT_EXCEEDS_CAP,"autopay cap se zyada amount, bank ne decline kiya",UPI_AUTOPAY,KKBK,29628.41,97.8,1,SOFT_FINANCIAL
INSUFFICIENT_FUNDS,"account me paise nahi hai, balance insufficient",UPI_AUTOPAY,UTIB,31013.17,96.5,0,SOFT_FINANCIAL
INSUFFICIENT_FUNDS,Mandate debit declined due to low card account balance,UPI_AUTOPAY,SBIN,37578.68,78.2,3,SOFT_FINANCIAL
GATEWAY_ERROR,504 Gateway Timeout from NPCI switch,UPI_AUTOPAY,KKBK,36036.9,97.8,1,TRANSIENT_TECHNICAL
CHECKOUT_DROPPED_OFF,Customer abandoned session at shipping/payment step,MAGIC_CHECKOUT,ICIC,11033.38,98.9,1,BEHAVIORAL_DROPOFF
INVOICE_APPROVAL_PENDING,Invoice stuck in enterprise procurement approval workflow,B2B_INVOICE,KKBK,28793.18,97.8,3,COMMERCIAL_DISPUTE
GATEWAY_ERROR,504 Gateway Timeout from NPCI switch,UPI_AUTOPAY,HDFC,1592.2,99.4,0,TRANSIENT_TECHNICAL
GATEWAY_ERROR,issuer node degraded during mandate authorization,UPI_AUTOPAY,HDFC,3201.65,99.4,1,TRANSIENT_TECHNICAL
CART_ABANDONED_SHIPPING_FRICTION,shipping fee dekh kar customer ne cart chhod diya,MAGIC_CHECKOUT,ICIC,29838.67,98.9,0,BEHAVIORAL_DROPOFF
INVOICE_APPROVAL_PENDING,procurement team se approval pending hai,B2B_INVOICE,UTIB,16995.61,96.5,0,COMMERCIAL_DISPUTE
OTP_TIMEOUT,"customer ne OTP time par enter nahi kiya, session expire",MAGIC_CHECKOUT,KKBK,26781.05,97.8,2,TRANSIENT_TECHNICAL
PURCHASE_ORDER_MISMATCH,"PO amount mismatch, reconciliation on hold",B2B_INVOICE,UTIB,14518.83,96.5,0,COMMERCIAL_DISPUTE
INVALID_VPA_PERMANENT,"galat UPI ID, ye VPA exist nahi karti",UPI_AUTOPAY,UTIB,33930.48,96.5,3,HARD_PERMANENT
CART_ABANDONED_SHIPPING_FRICTION,shipping fee dekh kar customer ne cart chhod diya,MAGIC_CHECKOUT,KKBK,27986.0,97.8,0,BEHAVIORAL_DROPOFF
PURCHASE_ORDER_MISMATCH,"PO amount mismatch, reconciliation on hold",B2B_INVOICE,UTIB,1931.53,96.5,1,COMMERCIAL_DISPUTE
CARD_EXPIRED,"card expiry ho gayi, naya card link karo",CARD_MANDATE,ICIC,24558.87,98.9,0,HARD_PERMANENT
INSUFFICIENT_FUNDS,Declined by customer bank due to low balance,UPI_AUTOPAY,UTIB,17216.71,96.5,0,SOFT_FINANCIAL
INSUFFICIENT_FUNDS,Mandate debit declined due to low card account balance,UPI_AUTOPAY,HDFC,14664.01,99.4,1,SOFT_FINANCIAL
PAYMENT_METHOD_UNAVAILABLE,selected UPI method unavailable at checkout,MAGIC_CHECKOUT,KKBK,18594.61,97.8,0,BEHAVIORAL_DROPOFF
CHECKOUT_DROPPED_OFF,OTP verification timed out during checkout,MAGIC_CHECKOUT,HDFC,42112.05,99.4,1,BEHAVIORAL_DROPOFF
CARD_EXPIRED,Mandate card token expired; bank declined authorization,CARD_MANDATE,UTIB,12507.68,96.5,1,HARD_PERMANENT
NPCI_TIMEOUT,"NPCI timeout, bank se confirmation nahi aaya",UPI_AUTOPAY,HDFC,11542.81,99.4,0,TRANSIENT_TECHNICAL
STOLEN_CARD,"chori ka card report hua, block hai",CARD_MANDATE,SBIN,40621.23,78.2,0,HARD_PERMANENT
FRAUD_DETECTED,High-risk score flagged by issuer fraud detection switch,CARD_MANDATE,ICIC,27129.79,98.9,1,HARD_PERMANENT
CART_ABANDONED_SHIPPING_FRICTION,User exited after shipping charge calculated,MAGIC_CHECKOUT,HDFC,9119.91,99.4,1,BEHAVIORAL_DROPOFF
INSUFFICIENT_FUNDS,Declined by customer bank due to low balance,UPI_AUTOPAY,UTIB,34952.93,96.5,3,SOFT_FINANCIAL
FRAUD_DETECTED,"suspicious activity, fraud check fail",CARD_MANDATE,HDFC,13741.3,99.4,0,HARD_PERMANENT
INVOICE_OVERDUE_30_DAYS,"30 din se payment pending, accounts se approval nahi aaya",B2B_INVOICE,SBIN,32179.21,78.2,3,COMMERCIAL_DISPUTE
CART_ABANDONED_SHIPPING_FRICTION,User exited after shipping charge calculated,MAGIC_CHECKOUT,SBIN,6435.54,78.2,2,BEHAVIORAL_DROPOFF
UPI_DAILY_LIMIT_EXCEEDED,"Customer reached daily UPI transaction limit of Rs.1,00,000",UPI_AUTOPAY,UTIB,22426.82,96.5,3,SOFT_FINANCIAL
OTP_TIMEOUT,OTP verification timed out during checkout,MAGIC_CHECKOUT,KKBK,40416.39,97.8,0,TRANSIENT_TECHNICAL
TOKENIZATION_TIMEOUT,card token vault timeout during authorization,CARD_MANDATE,UTIB,21419.35,96.5,0,TRANSIENT_TECHNICAL
OTP_TIMEOUT,"customer ne OTP time par enter nahi kiya, session expire",MAGIC_CHECKOUT,HDFC,3118.92,99.4,0,TRANSIENT_TECHNICAL
MANDATE_AMOUNT_EXCEEDS_CAP,"autopay cap se zyada amount, bank ne decline kiya",UPI_AUTOPAY,UTIB,22918.19,96.5,0,SOFT_FINANCIAL
CHECKOUT_DROPPED_OFF,Customer abandoned session at shipping/payment step,MAGIC_CHECKOUT,HDFC,7456.55,99.4,1,BEHAVIORAL_DROPOFF
FRAUD_DETECTED,High-risk score flagged by issuer fraud detection switch,CARD_MANDATE,UTIB,29761.48,96.5,1,HARD_PERMANENT
MANDATE_AMOUNT_EXCEEDS_CAP,"autopay cap se zyada amount, bank ne decline kiya",UPI_AUTOPAY,UTIB,3192.55,96.5,3,SOFT_FINANCIAL
FRAUD_DETECTED,"suspicious activity, fraud check fail",CARD_MANDATE,HDFC,25272.62,99.4,0,HARD_PERMANENT
GATEWAY_ERROR,issuer node degraded during mandate authorization,UPI_AUTOPAY,ICIC,6167.16,98.9,2,TRANSIENT_TECHNICAL
NPCI_TIMEOUT,UPI switch response timed out after 30 seconds,UPI_AUTOPAY,ICIC,2886.79,98.9,3,TRANSIENT_TECHNICAL
ACCOUNT_CLOSED,"customer account closed, debit returned",UPI_AUTOPAY,KKBK,30032.49,97.8,1,HARD_PERMANENT
STOLEN_CARD,stolen card hotlisted by issuer,CARD_MANDATE,ICIC,39641.11,98.9,0,HARD_PERMANENT
INVOICE_OVERDUE_30_DAYS,Net-30 invoice crossed due date without payment reconciliation,B2B_INVOICE,UTIB,36094.69,96.5,0,COMMERCIAL_DISPUTE
PURCHASE_ORDER_MISMATCH,purchase order aur invoice me antar hai,B2B_INVOICE,UTIB,9791.9,96.5,0,COMMERCIAL_DISPUTE
NPCI_TIMEOUT,"NPCI timeout, bank se confirmation nahi aaya",UPI_AUTOPAY,KKBK,38669.3,97.8,0,TRANSIENT_TECHNICAL
CHECKOUT_DROPPED_OFF,OTP verification timed out during checkout,MAGIC_CHECKOUT,SBIN,38631.34,78.2,0,BEHAVIORAL_DROPOFF
CARD_EXPIRED,"card expiry ho gayi, naya card link karo",CARD_MANDATE,KKBK,44546.03,97.8,0,HARD_PERMANENT
UPI_DAILY_LIMIT_EXCEEDED,"Customer reached daily UPI transaction limit of Rs.1,00,000",UPI_AUTOPAY,SBIN,28286.58,78.2,1,SOFT_FINANCIAL
MANDATE_AMOUNT_EXCEEDS_CAP,"mandate amount exceeds NPCI cap of Rs.1,00,000",UPI_AUTOPAY,ICIC,18405.74,98.9,3,SOFT_FINANCIAL
OTP_TIMEOUT,OTP verification timed out during checkout,MAGIC_CHECKOUT,ICIC,35172.09,98.9,0,TRANSIENT_TECHNICAL
GATEWAY_ERROR,"downstream gateway error, retry after clearing window",UPI_AUTOPAY,UTIB,20351.76,96.5,3,TRANSIENT_TECHNICAL
INSUFFICIENT_FUNDS,Salary credit not yet posted; balance too low for auto-debit,UPI_AUTOPAY,UTIB,27746.95,96.5,3,SOFT_FINANCIAL
STOLEN_CARD,"chori ka card report hua, block hai",CARD_MANDATE,SBIN,11011.3,78.2,1,HARD_PERMANENT
INVOICE_APPROVAL_PENDING,procurement team se approval pending hai,B2B_INVOICE,HDFC,19586.25,99.4,0,COMMERCIAL_DISPUTE
OTP_TIMEOUT,OTP verification timed out during checkout,MAGIC_CHECKOUT,KKBK,4000.04,97.8,3,TRANSIENT_TECHNICAL
CHECKOUT_DROPPED_OFF,OTP verification timed out during checkout,MAGIC_CHECKOUT,HDFC,16753.92,99.4,1,BEHAVIORAL_DROPOFF
INVALID_VPA_PERMANENT,"galat UPI ID, ye VPA exist nahi karti",UPI_AUTOPAY,ICIC,13795.96,98.9,1,HARD_PERMANENT
INVOICE_OVERDUE_30_DAYS,"30 din se payment pending, accounts se approval nahi aaya",B2B_INVOICE,UTIB,23112.02,96.5,1,COMMERCIAL_DISPUTE
UPI_DAILY_LIMIT_EXCEEDED,"limit exceed, transaction declined by bank",UPI_AUTOPAY,KKBK,41570.66,97.8,1,SOFT_FINANCIAL
UPI_DAILY_LIMIT_EXCEEDED,"Customer reached daily UPI transaction limit of Rs.1,00,000",UPI_AUTOPAY,UTIB,15300.31,96.5,2,SOFT_FINANCIAL
PURCHASE_ORDER_MISMATCH,purchase order aur invoice me antar hai,B2B_INVOICE,KKBK,23361.01,97.8,2,COMMERCIAL_DISPUTE
CARD_EXPIRED,"card expiry ho gayi, naya card link karo",CARD_MANDATE,ICIC,42050.34,98.9,3,HARD_PERMANENT
INVOICE_APPROVAL_PENDING,Invoice stuck in enterprise procurement approval workflow,B2B_INVOICE,ICIC,41721.46,98.9,0,COMMERCIAL_DISPUTE
INSUFFICIENT_FUNDS,Salary credit not yet posted; balance too low for auto-debit,UPI_AUTOPAY,ICIC,43760.83,98.9,0,SOFT_FINANCIAL
INVOICE_OVERDUE_30_DAYS,"30 din se payment pending, accounts se approval nahi aaya",B2B_INVOICE,ICIC,12022.44,98.9,1,COMMERCIAL_DISPUTE
GATEWAY_ERROR,issuer node degraded during mandate authorization,UPI_AUTOPAY,ICIC,8709.67,98.9,2,TRANSIENT_TECHNICAL
MANDATE_AMOUNT_EXCEEDS_CAP,"autopay cap se zyada amount, bank ne decline kiya",UPI_AUTOPAY,SBIN,35951.57,78.2,1,SOFT_FINANCIAL
STOLEN_CARD,stolen card hotlisted by issuer,CARD_MANDATE,HDFC,32661.48,99.4,0,HARD_PERMANENT
INSUFFICIENT_FUNDS,Salary credit not yet posted; balance too low for auto-debit,UPI_AUTOPAY,KKBK,35589.33,97.8,3,SOFT_FINANCIAL
INVOICE_OVERDUE_30_DAYS,Net-30 invoice crossed due date without payment reconciliation,B2B_INVOICE,UTIB,16999.31,96.5,1,COMMERCIAL_DISPUTE
PURCHASE_ORDER_MISMATCH,purchase order aur invoice me antar hai,B2B_INVOICE,KKBK,20766.21,97.8,0,COMMERCIAL_DISPUTE
CHECKOUT_DROPPED_OFF,user ne checkout beech me chhod diya,MAGIC_CHECKOUT,KKBK,3426.92,97.8,0,BEHAVIORAL_DROPOFF
NPCI_TIMEOUT,"NPCI timeout, bank se confirmation nahi aaya",UPI_AUTOPAY,UTIB,345.37,96.5,0,TRANSIENT_TECHNICAL
INVALID_VPA_PERMANENT,"galat UPI ID, ye VPA exist nahi karti",UPI_AUTOPAY,UTIB,42076.78,96.5,1,HARD_PERMANENT
UPI_DAILY_LIMIT_EXCEEDED,"UPI daily cap khatam, kal retry karo",UPI_AUTOPAY,KKBK,25621.49,97.8,0,SOFT_FINANCIAL
INVALID_VPA_PERMANENT,"VPA does not exist, invalid payee address",UPI_AUTOPAY,UTIB,28339.08,96.5,1,HARD_PERMANENT
CART_ABANDONED_SHIPPING_FRICTION,shipping fee dekh kar customer ne cart chhod diya,MAGIC_CHECKOUT,UTIB,17531.82,96.5,0,BEHAVIORAL_DROPOFF
CHECKOUT_DROPPED_OFF,Customer abandoned session at shipping/payment step,MAGIC_CHECKOUT,HDFC,16387.17,99.4,3,BEHAVIORAL_DROPOFF
BANK_DEBIT_FAILED_TECHNICAL,Downstream bank gateway timeout during debit attempt,UPI_AUTOPAY,HDFC,12624.83,99.4,1,TRANSIENT_TECHNICAL
TOKENIZATION_TIMEOUT,"tokenization service slow, mandate auth timed out",CARD_MANDATE,SBIN,35317.19,78.2,2,TRANSIENT_TECHNICAL
OTP_TIMEOUT,OTP verification timed out during checkout,MAGIC_CHECKOUT,HDFC,40130.65,99.4,1,TRANSIENT_TECHNICAL
BANK_DEBIT_FAILED_TECHNICAL,Downstream bank gateway timeout during debit attempt,UPI_AUTOPAY,HDFC,15324.08,99.4,1,TRANSIENT_TECHNICAL
INVALID_VPA_PERMANENT,"galat UPI ID, ye VPA exist nahi karti",UPI_AUTOPAY,UTIB,10981.72,96.5,0,HARD_PERMANENT
UPI_DAILY_LIMIT_EXCEEDED,"UPI daily cap khatam, kal retry karo",UPI_AUTOPAY,KKBK,16038.46,97.8,0,SOFT_FINANCIAL
CHECKOUT_DROPPED_OFF,Customer abandoned session at shipping/payment step,MAGIC_CHECKOUT,KKBK,26368.16,97.8,3,BEHAVIORAL_DROPOFF
INSUFFICIENT_FUNDS,Salary credit not yet posted; balance too low for auto-debit,UPI_AUTOPAY,UTIB,9299.93,96.5,1,SOFT_FINANCIAL
ACCOUNT_CLOSED,"customer account closed, debit returned",UPI_AUTOPAY,HDFC,25791.14,99.4,1,HARD_PERMANENT
INVALID_VPA_PERMANENT,"galat UPI ID, ye VPA exist nahi karti",UPI_AUTOPAY,HDFC,4485.72,99.4,3,HARD_PERMANENT
OTP_TIMEOUT,OTP verification timed out during checkout,MAGIC_CHECKOUT,SBIN,20785.36,78.2,0,TRANSIENT_TECHNICAL
FRAUD_DETECTED,High-risk score flagged by issuer fraud detection switch,CARD_MANDATE,ICIC,5010.04,98.9,0,HARD_PERMANENT
INVOICE_APPROVAL_PENDING,procurement team se approval pending hai,B2B_INVOICE,KKBK,38767.97,97.8,3,COMMERCIAL_DISPUTE
NPCI_TIMEOUT,Card network switch response timed out,UPI_AUTOPAY,SBIN,10600.93,78.2,3,TRANSIENT_TECHNICAL
CARD_EXPIRED,"card expiry ho gayi, naya card link karo",CARD_MANDATE,UTIB,20024.68,96.5,2,HARD_PERMANENT
NPCI_TIMEOUT,"NPCI timeout, bank se confirmation nahi aaya",UPI_AUTOPAY,UTIB,1230.61,96.5,3,TRANSIENT_TECHNICAL
INVALID_VPA_PERMANENT,"VPA does not exist, invalid payee address",UPI_AUTOPAY,UTIB,19761.37,96.5,1,HARD_PERMANENT
INVOICE_OVERDUE_30_DAYS,"30 din se payment pending, accounts se approval nahi aaya",B2B_INVOICE,HDFC,22556.14,99.4,1,COMMERCIAL_DISPUTE
NPCI_TIMEOUT,Card network switch response timed out,UPI_AUTOPAY,KKBK,9404.24,97.8,0,TRANSIENT_TECHNICAL
CARD_EXPIRED,"card expiry ho gayi, naya card link karo",CARD_MANDATE,SBIN,35505.32,78.2,0,HARD_PERMANENT
GATEWAY_ERROR,"downstream gateway error, retry after clearing window",UPI_AUTOPAY,ICIC,18347.99,98.9,0,TRANSIENT_TECHNICAL
INVOICE_APPROVAL_PENDING,Invoice stuck in enterprise procurement approval workflow,B2B_INVOICE,UTIB,27099.12,96.5,1,COMMERCIAL_DISPUTE
ACCOUNT_CLOSED,"customer account closed, debit returned",UPI_AUTOPAY,HDFC,20460.06,99.4,3,HARD_PERMANENT
ACCOUNT_CLOSED,"account band ho gaya hai, retry bekar hai",UPI_AUTOPAY,KKBK,15663.6,97.8,1,HARD_PERMANENT
ACCOUNT_CLOSED,"account band ho gaya hai, retry bekar hai",UPI_AUTOPAY,UTIB,32642.92,96.5,1,HARD_PERMANENT
CARD_EXPIRED,"card expiry ho gayi, naya card link karo",CARD_MANDATE,ICIC,15800.05,98.9,0,HARD_PERMANENT
MANDATE_AMOUNT_EXCEEDS_CAP,"autopay cap se zyada amount, bank ne decline kiya",UPI_AUTOPAY,UTIB,7281.96,96.5,0,SOFT_FINANCIAL
UPI_DAILY_LIMIT_EXCEEDED,"limit exceed, transaction declined by bank",UPI_AUTOPAY,KKBK,27039.51,97.8,3,SOFT_FINANCIAL
GATEWAY_ERROR,504 Gateway Timeout from NPCI switch,UPI_AUTOPAY,UTIB,16532.18,96.5,3,TRANSIENT_TECHNICAL
INSUFFICIENT_FUNDS,Declined by customer bank due to low balance,UPI_AUTOPAY,SBIN,4337.57,78.2,2,SOFT_FINANCIAL
TOKENIZATION_TIMEOUT,card token vault timeout during authorization,CARD_MANDATE,ICIC,3749.72,98.9,0,TRANSIENT_TECHNICAL
PAYMENT_METHOD_UNAVAILABLE,selected UPI method unavailable at checkout,MAGIC_CHECKOUT,ICIC,6544.35,98.9,1,BEHAVIORAL_DROPOFF
INVALID_VPA_PERMANENT,"VPA does not exist, invalid payee address",UPI_AUTOPAY,SBIN,18543.41,78.2,0,HARD_PERMANENT
STOLEN_CARD,stolen card hotlisted by issuer,CARD_MANDATE,SBIN,39256.96,78.2,1,HARD_PERMANENT
BANK_DEBIT_FAILED_TECHNICAL,Issuer node degradation during 02:00 AM auto-debit window,UPI_AUTOPAY,ICIC,24747.2,98.9,1,TRANSIENT_TECHNICAL
FRAUD_DETECTED,High-risk score flagged by issuer fraud detection switch,CARD_MANDATE,HDFC,36386.05,99.4,0,HARD_PERMANENT
CARD_EXPIRED,Mandate card token expired; bank declined authorization,CARD_MANDATE,HDFC,12252.45,99.4,3,HARD_PERMANENT
FRAUD_DETECTED,High-risk score flagged by issuer fraud detection switch,CARD_MANDATE,UTIB,24993.61,96.5,0,HARD_PERMANENT
FRAUD_DETECTED,High-risk score flagged by issuer fraud detection switch,CARD_MANDATE,KKBK,41960.26,97.8,0,HARD_PERMANENT
ACCOUNT_CLOSED,"account band ho gaya hai, retry bekar hai",UPI_AUTOPAY,SBIN,34532.23,78.2,1,HARD_PERMANENT
ACCOUNT_CLOSED,"customer account closed, debit returned",UPI_AUTOPAY,UTIB,6244.85,96.5,0,HARD_PERMANENT
PURCHASE_ORDER_MISMATCH,"PO amount mismatch, reconciliation on hold",B2B_INVOICE,SBIN,11037.51,78.2,1,COMMERCIAL_DISPUTE
MANDATE_AMOUNT_EXCEEDS_CAP,"autopay cap se zyada amount, bank ne decline kiya",UPI_AUTOPAY,UTIB,11210.59,96.5,0,SOFT_FINANCIAL
CART_ABANDONED_SHIPPING_FRICTION,User exited after shipping charge calculated,MAGIC_CHECKOUT,SBIN,28877.74,78.2,3,BEHAVIORAL_DROPOFF
BANK_DEBIT_FAILED_TECHNICAL,Downstream bank gateway timeout during debit attempt,UPI_AUTOPAY,UTIB,6287.65,96.5,0,TRANSIENT_TECHNICAL
PAYMENT_METHOD_UNAVAILABLE,payment option show nahi ho raha tha,MAGIC_CHECKOUT,UTIB,24853.7,96.5,2,BEHAVIORAL_DROPOFF
NPCI_TIMEOUT,"NPCI timeout, bank se confirmation nahi aaya",UPI_AUTOPAY,UTIB,43302.26,96.5,1,TRANSIENT_TECHNICAL
MANDATE_AMOUNT_EXCEEDS_CAP,"autopay cap se zyada amount, bank ne decline kiya",UPI_AUTOPAY,ICIC,23651.0,98.9,1,SOFT_FINANCIAL
FRAUD_DETECTED,"suspicious activity, fraud check fail",CARD_MANDATE,SBIN,36256.58,78.2,0,HARD_PERMANENT
CARD_EXPIRED,"card expiry ho gayi, naya card link karo",CARD_MANDATE,ICIC,5375.14,98.9,1,HARD_PERMANENT
NPCI_TIMEOUT,Card network switch response timed out,UPI_AUTOPAY,ICIC,16937.7,98.9,0,TRANSIENT_TECHNICAL
PURCHASE_ORDER_MISMATCH,"PO amount mismatch, reconciliation on hold",B2B_INVOICE,HDFC,9856.77,99.4,3,COMMERCIAL_DISPUTE
CHECKOUT_DROPPED_OFF,user ne checkout beech me chhod diya,MAGIC_CHECKOUT,KKBK,35615.28,97.8,2,BEHAVIORAL_DROPOFF
CHECKOUT_DROPPED_OFF,OTP verification timed out during checkout,MAGIC_CHECKOUT,ICIC,17956.36,98.9,0,BEHAVIORAL_DROPOFF
ACCOUNT_CLOSED,"customer account closed, debit returned",UPI_AUTOPAY,UTIB,11530.07,96.5,1,HARD_PERMANENT
PAYMENT_METHOD_UNAVAILABLE,payment option show nahi ho raha tha,MAGIC_CHECKOUT,ICIC,39730.66,98.9,1,BEHAVIORAL_DROPOFF
CHECKOUT_DROPPED_OFF,user ne checkout beech me chhod diya,MAGIC_CHECKOUT,HDFC,11191.64,99.4,0,BEHAVIORAL_DROPOFF
CART_ABANDONED_SHIPPING_FRICTION,shipping fee dekh kar customer ne cart chhod diya,MAGIC_CHECKOUT,ICIC,2578.8,98.9,1,BEHAVIORAL_DROPOFF
NPCI_TIMEOUT,"NPCI timeout, bank se confirmation nahi aaya",UPI_AUTOPAY,UTIB,3699.01,96.5,0,TRANSIENT_TECHNICAL
MANDATE_AMOUNT_EXCEEDS_CAP,"autopay cap se zyada amount, bank ne decline kiya",UPI_AUTOPAY,HDFC,42042.11,99.4,3,SOFT_FINANCIAL
PURCHASE_ORDER_MISMATCH,"PO amount mismatch, reconciliation on hold",B2B_INVOICE,ICIC,15048.4,98.9,0,COMMERCIAL_DISPUTE
STOLEN_CARD,stolen card hotlisted by issuer,CARD_MANDATE,HDFC,44646.05,99.4,0,HARD_PERMANENT
TOKENIZATION_TIMEOUT,"tokenization service slow, mandate auth timed out",CARD_MANDATE,HDFC,1304.85,99.4,0,TRANSIENT_TECHNICAL
STOLEN_CARD,"chori ka card report hua, block hai",CARD_MANDATE,HDFC,20285.92,99.4,0,HARD_PERMANENT
PAYMENT_METHOD_UNAVAILABLE,payment option show nahi ho raha tha,MAGIC_CHECKOUT,KKBK,14828.53,97.8,0,BEHAVIORAL_DROPOFF
BANK_DEBIT_FAILED_TECHNICAL,Downstream bank gateway timeout during debit attempt,UPI_AUTOPAY,UTIB,34180.22,96.5,1,TRANSIENT_TECHNICAL
STOLEN_CARD,stolen card hotlisted by issuer,CARD_MANDATE,KKBK,32843.9,97.8,1,HARD_PERMANENT
STOLEN_CARD,stolen card hotlisted by issuer,CARD_MANDATE,SBIN,41995.98,78.2,1,HARD_PERMANENT
INVOICE_OVERDUE_30_DAYS,"30 din se payment pending, accounts se approval nahi aaya",B2B_INVOICE,ICIC,6648.17,98.9,3,COMMERCIAL_DISPUTE
GATEWAY_ERROR,504 Gateway Timeout from NPCI switch,UPI_AUTOPAY,KKBK,17397.64,97.8,1,TRANSIENT_TECHNICAL
INSUFFICIENT_FUNDS,Declined by customer bank due to low balance,UPI_AUTOPAY,HDFC,13769.68,99.4,0,SOFT_FINANCIAL
GATEWAY_ERROR,"payment gateway ne response nahi diya, timeout ho gaya",UPI_AUTOPAY,KKBK,8875.35,97.8,3,TRANSIENT_TECHNICAL
CHECKOUT_DROPPED_OFF,user ne checkout beech me chhod diya,MAGIC_CHECKOUT,KKBK,25654.34,97.8,0,BEHAVIORAL_DROPOFF
ACCOUNT_CLOSED,"customer account closed, debit returned",UPI_AUTOPAY,SBIN,38675.92,78.2,0,HARD_PERMANENT
PURCHASE_ORDER_MISMATCH,"PO amount mismatch, reconciliation on hold",B2B_INVOICE,SBIN,21179.6,78.2,0,COMMERCIAL_DISPUTE
PURCHASE_ORDER_MISMATCH,"PO amount mismatch, reconciliation on hold",B2B_INVOICE,HDFC,30189.56,99.4,3,COMMERCIAL_DISPUTE
INVOICE_OVERDUE_30_DAYS,"30 din se payment pending, accounts se approval nahi aaya",B2B_INVOICE,UTIB,43013.9,96.5,0,COMMERCIAL_DISPUTE
UPI_DAILY_LIMIT_EXCEEDED,"limit exceed, transaction declined by bank",UPI_AUTOPAY,KKBK,40034.72,97.8,3,SOFT_FINANCIAL
INVOICE_OVERDUE_30_DAYS,"30 din se payment pending, accounts se approval nahi aaya",B2B_INVOICE,KKBK,7169.96,97.8,2,COMMERCIAL_DISPUTE
UPI_DAILY_LIMIT_EXCEEDED,"limit exceed, transaction declined by bank",UPI_AUTOPAY,ICIC,36317.07,98.9,3,SOFT_FINANCIAL
INSUFFICIENT_FUNDS,Salary credit not yet posted; balance too low for auto-debit,UPI_AUTOPAY,HDFC,19636.96,99.4,0,SOFT_FINANCIAL
INVOICE_OVERDUE_30_DAYS,"30 din se payment pending, accounts se approval nahi aaya",B2B_INVOICE,UTIB,43779.67,96.5,1,COMMERCIAL_DISPUTE
BANK_DEBIT_FAILED_TECHNICAL,"bank server busy, auto-debit fail ho gaya technical issue se",UPI_AUTOPAY,ICIC,4970.16,98.9,0,TRANSIENT_TECHNICAL
TOKENIZATION_TIMEOUT,card token vault timeout during authorization,CARD_MANDATE,SBIN,39657.31,78.2,0,TRANSIENT_TECHNICAL
PAYMENT_METHOD_UNAVAILABLE,selected UPI method unavailable at checkout,MAGIC_CHECKOUT,HDFC,31442.4,99.4,1,BEHAVIORAL_DROPOFF
MANDATE_AMOUNT_EXCEEDS_CAP,"autopay cap se zyada amount, bank ne decline kiya",UPI_AUTOPAY,UTIB,18983.68,96.5,0,SOFT_FINANCIAL
INVOICE_APPROVAL_PENDING,Invoice stuck in enterprise procurement approval workflow,B2B_INVOICE,SBIN,7476.72,78.2,1,COMMERCIAL_DISPUTE
CARD_EXPIRED,"card expiry ho gayi, naya card link karo",CARD_MANDATE,HDFC,19715.37,99.4,3,HARD_PERMANENT
OTP_TIMEOUT,OTP verification timed out during checkout,MAGIC_CHECKOUT,UTIB,21397.67,96.5,0,TRANSIENT_TECHNICAL
INVOICE_OVERDUE_30_DAYS,"30 din se payment pending, accounts se approval nahi aaya",B2B_INVOICE,HDFC,13998.04,99.4,1,COMMERCIAL_DISPUTE
PURCHASE_ORDER_MISMATCH,purchase order aur invoice me antar hai,B2B_INVOICE,KKBK,9787.69,97.8,1,COMMERCIAL_DISPUTE
INSUFFICIENT_FUNDS,"account me paise nahi hai, balance insufficient",UPI_AUTOPAY,SBIN,27553.27,78.2,0,SOFT_FINANCIAL
INVOICE_OVERDUE_30_DAYS,Net-30 invoice crossed due date without payment reconciliation,B2B_INVOICE,KKBK,14855.33,97.8,1,COMMERCIAL_DISPUTE
CARD_EXPIRED,Mandate card token expired; bank declined authorization,CARD_MANDATE,HDFC,3886.58,99.4,2,HARD_PERMANENT
ACCOUNT_CLOSED,"customer account closed, debit returned",UPI_AUTOPAY,KKBK,19398.14,97.8,0,HARD_PERMANENT
CHECKOUT_DROPPED_OFF,Customer abandoned session at shipping/payment step,MAGIC_CHECKOUT,HDFC,21309.6,99.4,0,BEHAVIORAL_DROPOFF
CHECKOUT_DROPPED_OFF,user ne checkout beech me chhod diya,MAGIC_CHECKOUT,ICIC,30607.22,98.9,3,BEHAVIORAL_DROPOFF
MANDATE_AMOUNT_EXCEEDS_CAP,"mandate amount exceeds NPCI cap of Rs.1,00,000",UPI_AUTOPAY,HDFC,7601.09,99.4,0,SOFT_FINANCIAL
INVOICE_OVERDUE_30_DAYS,Net-30 invoice crossed due date without payment reconciliation,B2B_INVOICE,HDFC,44834.93,99.4,0,COMMERCIAL_DISPUTE
BANK_DEBIT_FAILED_TECHNICAL,Downstream bank gateway timeout during debit attempt,UPI_AUTOPAY,SBIN,35571.3,78.2,1,TRANSIENT_TECHNICAL
PURCHASE_ORDER_MISMATCH,"PO amount mismatch, reconciliation on hold",B2B_INVOICE,ICIC,26782.58,98.9,1,COMMERCIAL_DISPUTE
STOLEN_CARD,stolen card hotlisted by issuer,CARD_MANDATE,KKBK,12942.41,97.8,0,HARD_PERMANENT
PAYMENT_METHOD_UNAVAILABLE,payment option show nahi ho raha tha,MAGIC_CHECKOUT,SBIN,29026.83,78.2,2,BEHAVIORAL_DROPOFF
STOLEN_CARD,stolen card hotlisted by issuer,CARD_MANDATE,UTIB,27370.07,96.5,2,HARD_PERMANENT
INVOICE_APPROVAL_PENDING,Invoice stuck in enterprise procurement approval workflow,B2B_INVOICE,UTIB,38376.46,96.5,2,COMMERCIAL_DISPUTE
FRAUD_DETECTED,"suspicious activity, fraud check fail",CARD_MANDATE,UTIB,16271.44,96.5,1,HARD_PERMANENT
INVOICE_APPROVAL_PENDING,procurement team se approval pending hai,B2B_INVOICE,UTIB,18924.46,96.5,0,COMMERCIAL_DISPUTE
INVOICE_APPROVAL_PENDING,procurement team se approval pending hai,B2B_INVOICE,SBIN,10981.76,78.2,0,COMMERCIAL_DISPUTE
CHECKOUT_DROPPED_OFF,Customer abandoned session at shipping/payment step,MAGIC_CHECKOUT,HDFC,2830.97,99.4,0,BEHAVIORAL_DROPOFF
CHECKOUT_DROPPED_OFF,Customer abandoned session at shipping/payment step,MAGIC_CHECKOUT,UTIB,5848.84,96.5,2,BEHAVIORAL_DROPOFF
CARD_EXPIRED,"card expiry ho gayi, naya card link karo",CARD_MANDATE,ICIC,31009.8,98.9,1,HARD_PERMANENT
INSUFFICIENT_FUNDS,Mandate debit declined due to low card account balance,UPI_AUTOPAY,UTIB,18562.06,96.5,2,SOFT_FINANCIAL
TOKENIZATION_TIMEOUT,"tokenization service slow, mandate auth timed out",CARD_MANDATE,SBIN,40322.31,78.2,2,TRANSIENT_TECHNICAL
BANK_DEBIT_FAILED_TECHNICAL,"bank server busy, auto-debit fail ho gaya technical issue se",UPI_AUTOPAY,SBIN,17706.97,78.2,0,TRANSIENT_TECHNICAL
CARD_EXPIRED,Mandate card token expired; bank declined authorization,CARD_MANDATE,HDFC,37882.08,99.4,3,HARD_PERMANENT
INVALID_VPA_PERMANENT,"galat UPI ID, ye VPA exist nahi karti",UPI_AUTOPAY,SBIN,36600.66,78.2,1,HARD_PERMANENT
NPCI_TIMEOUT,"NPCI timeout, bank se confirmation nahi aaya",UPI_AUTOPAY,ICIC,20342.08,98.9,3,TRANSIENT_TECHNICAL
INVOICE_OVERDUE_30_DAYS,"30 din se payment pending, accounts se approval nahi aaya",B2B_INVOICE,ICIC,43121.28,98.9,3,COMMERCIAL_DISPUTE
UPI_DAILY_LIMIT_EXCEEDED,"limit exceed, transaction declined by bank",UPI_AUTOPAY,SBIN,532.26,78.2,3,SOFT_FINANCIAL
FRAUD_DETECTED,"suspicious activity, fraud check fail",CARD_MANDATE,UTIB,4375.18,96.5,0,HARD_PERMANENT
CHECKOUT_DROPPED_OFF,Customer abandoned session at shipping/payment step,MAGIC_CHECKOUT,SBIN,10952.29,78.2,1,BEHAVIORAL_DROPOFF
PURCHASE_ORDER_MISMATCH,purchase order aur invoice me antar hai,B2B_INVOICE,SBIN,32490.86,78.2,1,COMMERCIAL_DISPUTE
BANK_DEBIT_FAILED_TECHNICAL,Downstream bank gateway timeout during debit attempt,UPI_AUTOPAY,ICIC,32068.87,98.9,3,TRANSIENT_TECHNICAL
MANDATE_AMOUNT_EXCEEDS_CAP,"autopay cap se zyada amount, bank ne decline kiya",UPI_AUTOPAY,HDFC,4885.06,99.4,3,SOFT_FINANCIAL
STOLEN_CARD,stolen card hotlisted by issuer,CARD_MANDATE,SBIN,6820.85,78.2,2,HARD_PERMANENT
STOLEN_CARD,"chori ka card report hua, block hai",CARD_MANDATE,KKBK,17702.31,97.8,1,HARD_PERMANENT
UPI_DAILY_LIMIT_EXCEEDED,"limit exceed, transaction declined by bank",UPI_AUTOPAY,KKBK,9009.61,97.8,3,SOFT_FINANCIAL
BANK_DEBIT_FAILED_TECHNICAL,debit attempt failed due to issuer switch congestion,UPI_AUTOPAY,KKBK,24710.67,97.8,1,TRANSIENT_TECHNICAL
PAYMENT_METHOD_UNAVAILABLE,selected UPI method unavailable at checkout,MAGIC_CHECKOUT,ICIC,15100.05,98.9,1,BEHAVIORAL_DROPOFF
UPI_DAILY_LIMIT_EXCEEDED,"limit exceed, transaction declined by bank",UPI_AUTOPAY,HDFC,21457.86,99.4,1,SOFT_FINANCIAL
PAYMENT_METHOD_UNAVAILABLE,selected UPI method unavailable at checkout,MAGIC_CHECKOUT,ICIC,37598.97,98.9,0,BEHAVIORAL_DROPOFF
PAYMENT_METHOD_UNAVAILABLE,payment option show nahi ho raha tha,MAGIC_CHECKOUT,ICIC,40139.68,98.9,3,BEHAVIORAL_DROPOFF
BANK_DEBIT_FAILED_TECHNICAL,Issuer node degradation during 02:00 AM auto-debit window,UPI_AUTOPAY,KKBK,11584.81,97.8,0,TRANSIENT_TECHNICAL
ACCOUNT_CLOSED,"customer account closed, debit returned",UPI_AUTOPAY,HDFC,10135.9,99.4,3,HARD_PERMANENT
PAYMENT_METHOD_UNAVAILABLE,selected UPI method unavailable at checkout,MAGIC_CHECKOUT,UTIB,299.82,96.5,0,BEHAVIORAL_DROPOFF
CARD_EXPIRED,"card expiry ho gayi, naya card link karo",CARD_MANDATE,KKBK,36686.04,97.8,1,HARD_PERMANENT
OTP_TIMEOUT,OTP verification timed out during checkout,MAGIC_CHECKOUT,KKBK,39110.73,97.8,2,TRANSIENT_TECHNICAL
INVOICE_APPROVAL_PENDING,Invoice stuck in enterprise procurement approval workflow,B2B_INVOICE,UTIB,44501.29,96.5,0,COMMERCIAL_DISPUTE
TOKENIZATION_TIMEOUT,"tokenization service slow, mandate auth timed out",CARD_MANDATE,HDFC,38514.33,99.4,1,TRANSIENT_TECHNICAL
TOKENIZATION_TIMEOUT,"tokenization service slow, mandate auth timed out",CARD_MANDATE,SBIN,24618.38,78.2,0,TRANSIENT_TECHNICAL
ACCOUNT_CLOSED,"account band ho gaya hai, retry bekar hai",UPI_AUTOPAY,HDFC,14928.44,99.4,0,HARD_PERMANENT
PURCHASE_ORDER_MISMATCH,"PO amount mismatch, reconciliation on hold",B2B_INVOICE,HDFC,6017.64,99.4,2,COMMERCIAL_DISPUTE
INVALID_VPA_PERMANENT,"VPA does not exist, invalid payee address",UPI_AUTOPAY,ICIC,30296.8,98.9,1,HARD_PERMANENT
FRAUD_DETECTED,"suspicious activity, fraud check fail",CARD_MANDATE,SBIN,32866.18,78.2,0,HARD_PERMANENT
CART_ABANDONED_SHIPPING_FRICTION,shipping fee dekh kar customer ne cart chhod diya,MAGIC_CHECKOUT,ICIC,44905.25,98.9,2,BEHAVIORAL_DROPOFF
TOKENIZATION_TIMEOUT,card token vault timeout during authorization,CARD_MANDATE,HDFC,44230.03,99.4,3,TRANSIENT_TECHNICAL
CART_ABANDONED_SHIPPING_FRICTION,User exited after shipping charge calculated,MAGIC_CHECKOUT,SBIN,3155.07,78.2,3,BEHAVIORAL_DROPOFF
INVALID_VPA_PERMANENT,"VPA does not exist, invalid payee address",UPI_AUTOPAY,HDFC,34467.3,99.4,0,HARD_PERMANENT
CART_ABANDONED_SHIPPING_FRICTION,shipping fee dekh kar customer ne cart chhod diya,MAGIC_CHECKOUT,KKBK,5669.09,97.8,2,BEHAVIORAL_DROPOFF
INVALID_VPA_PERMANENT,"VPA does not exist, invalid payee address",UPI_AUTOPAY,ICIC,35546.99,98.9,0,HARD_PERMANENT
FRAUD_DETECTED,"suspicious activity, fraud check fail",CARD_MANDATE,SBIN,24629.18,78.2,0,HARD_PERMANENT
ACCOUNT_CLOSED,"customer account closed, debit returned",UPI_AUTOPAY,HDFC,7469.85,99.4,0,HARD_PERMANENT
FRAUD_DETECTED,High-risk score flagged by issuer fraud detection switch,CARD_MANDATE,UTIB,44601.88,96.5,3,HARD_PERMANENT
MANDATE_AMOUNT_EXCEEDS_CAP,"mandate amount exceeds NPCI cap of Rs.1,00,000",UPI_AUTOPAY,ICIC,38436.93,98.9,3,SOFT_FINANCIAL
OTP_TIMEOUT,OTP verification timed out during checkout,MAGIC_CHECKOUT,KKBK,34958.4,97.8,1,TRANSIENT_TECHNICAL
GATEWAY_ERROR,issuer node degraded during mandate authorization,UPI_AUTOPAY,SBIN,28023.78,78.2,1,TRANSIENT_TECHNICAL
UPI_DAILY_LIMIT_EXCEEDED,"limit exceed, transaction declined by bank",UPI_AUTOPAY,HDFC,43930.93,99.4,2,SOFT_FINANCIAL
INSUFFICIENT_FUNDS,Mandate debit declined due to low card account balance,UPI_AUTOPAY,KKBK,34733.36,97.8,1,SOFT_FINANCIAL
INVOICE_OVERDUE_30_DAYS,"30 din se payment pending, accounts se approval nahi aaya",B2B_INVOICE,SBIN,40518.58,78.2,0,COMMERCIAL_DISPUTE
PAYMENT_METHOD_UNAVAILABLE,selected UPI method unavailable at checkout,MAGIC_CHECKOUT,HDFC,25777.65,99.4,0,BEHAVIORAL_DROPOFF
MANDATE_AMOUNT_EXCEEDS_CAP,"autopay cap se zyada amount, bank ne decline kiya",UPI_AUTOPAY,UTIB,33787.77,96.5,0,SOFT_FINANCIAL
INVOICE_OVERDUE_30_DAYS,"30 din se payment pending, accounts se approval nahi aaya",B2B_INVOICE,HDFC,6205.9,99.4,0,COMMERCIAL_DISPUTE
STOLEN_CARD,stolen card hotlisted by issuer,CARD_MANDATE,KKBK,6281.65,97.8,1,HARD_PERMANENT
TOKENIZATION_TIMEOUT,"tokenization service slow, mandate auth timed out",CARD_MANDATE,HDFC,28197.23,99.4,0,TRANSIENT_TECHNICAL
INVOICE_OVERDUE_30_DAYS,Net-30 invoice crossed due date without payment reconciliation,B2B_INVOICE,ICIC,24260.79,98.9,1,COMMERCIAL_DISPUTE
INVOICE_APPROVAL_PENDING,Invoice stuck in enterprise procurement approval workflow,B2B_INVOICE,HDFC,2659.16,99.4,0,COMMERCIAL_DISPUTE
CHECKOUT_DROPPED_OFF,OTP verification timed out during checkout,MAGIC_CHECKOUT,ICIC,36742.88,98.9,0,BEHAVIORAL_DROPOFF
INVALID_VPA_PERMANENT,"galat UPI ID, ye VPA exist nahi karti",UPI_AUTOPAY,UTIB,44162.68,96.5,1,HARD_PERMANENT
MANDATE_AMOUNT_EXCEEDS_CAP,"mandate amount exceeds NPCI cap of Rs.1,00,000",UPI_AUTOPAY,UTIB,14014.96,96.5,0,SOFT_FINANCIAL
OTP_TIMEOUT,OTP verification timed out during checkout,MAGIC_CHECKOUT,HDFC,44160.15,99.4,0,TRANSIENT_TECHNICAL
FRAUD_DETECTED,High-risk score flagged by issuer fraud detection switch,CARD_MANDATE,SBIN,41927.11,78.2,1,HARD_PERMANENT
CART_ABANDONED_SHIPPING_FRICTION,shipping fee dekh kar customer ne cart chhod diya,MAGIC_CHECKOUT,HDFC,4462.14,99.4,0,BEHAVIORAL_DROPOFF
INVOICE_OVERDUE_30_DAYS,"30 din se payment pending, accounts se approval nahi aaya",B2B_INVOICE,HDFC,8380.51,99.4,0,COMMERCIAL_DISPUTE
UPI_DAILY_LIMIT_EXCEEDED,"Customer reached daily UPI transaction limit of Rs.1,00,000",UPI_AUTOPAY,SBIN,2397.78,78.2,0,SOFT_FINANCIAL
TOKENIZATION_TIMEOUT,card token vault timeout during authorization,CARD_MANDATE,KKBK,42097.31,97.8,3,TRANSIENT_TECHNICAL
TOKENIZATION_TIMEOUT,"tokenization service slow, mandate auth timed out",CARD_MANDATE,KKBK,29673.56,97.8,0,TRANSIENT_TECHNICAL
NPCI_TIMEOUT,UPI switch response timed out after 30 seconds,UPI_AUTOPAY,ICIC,41363.88,98.9,1,TRANSIENT_TECHNICAL
CARD_EXPIRED,"card expiry ho gayi, naya card link karo",CARD_MANDATE,ICIC,33400.77,98.9,0,HARD_PERMANENT
CARD_EXPIRED,Mandate card token expired; bank declined authorization,CARD_MANDATE,KKBK,378.63,97.8,1,HARD_PERMANENT
BANK_DEBIT_FAILED_TECHNICAL,debit attempt failed due to issuer switch congestion,UPI_AUTOPAY,ICIC,18387.7,98.9,0,TRANSIENT_TECHNICAL
INVALID_VPA_PERMANENT,"VPA does not exist, invalid payee address",UPI_AUTOPAY,KKBK,42296.58,97.8,3,HARD_PERMANENT
INSUFFICIENT_FUNDS,Declined by customer bank due to low balance,UPI_AUTOPAY,ICIC,7742.58,98.9,2,SOFT_FINANCIAL
UPI_DAILY_LIMIT_EXCEEDED,"limit exceed, transaction declined by bank",UPI_AUTOPAY,HDFC,28461.21,99.4,0,SOFT_FINANCIAL
PURCHASE_ORDER_MISMATCH,"PO amount mismatch, reconciliation on hold",B2B_INVOICE,SBIN,7786.93,78.2,3,COMMERCIAL_DISPUTE
STOLEN_CARD,stolen card hotlisted by issuer,CARD_MANDATE,UTIB,435.84,96.5,1,HARD_PERMANENT
INVALID_VPA_PERMANENT,"VPA does not exist, invalid payee address",UPI_AUTOPAY,UTIB,24730.4,96.5,0,HARD_PERMANENT
OTP_TIMEOUT,OTP verification timed out during checkout,MAGIC_CHECKOUT,KKBK,30075.99,97.8,0,TRANSIENT_TECHNICAL
STOLEN_CARD,"chori ka card report hua, block hai",CARD_MANDATE,ICIC,6301.37,98.9,1,HARD_PERMANENT
OTP_TIMEOUT,"customer ne OTP time par enter nahi kiya, session expire",MAGIC_CHECKOUT,ICIC,11355.82,98.9,3,TRANSIENT_TECHNICAL
CART_ABANDONED_SHIPPING_FRICTION,shipping fee dekh kar customer ne cart chhod diya,MAGIC_CHECKOUT,ICIC,29245.17,98.9,1,BEHAVIORAL_DROPOFF
ACCOUNT_CLOSED,"customer account closed, debit returned",UPI_AUTOPAY,UTIB,26664.62,96.5,2,HARD_PERMANENT
INVALID_VPA_PERMANENT,"VPA does not exist, invalid payee address",UPI_AUTOPAY,KKBK,8458.42,97.8,2,HARD_PERMANENT
UPI_DAILY_LIMIT_EXCEEDED,"Customer reached daily UPI transaction limit of Rs.1,00,000",UPI_AUTOPAY,SBIN,6132.83,78.2,0,SOFT_FINANCIAL
INSUFFICIENT_FUNDS,Salary credit not yet posted; balance too low for auto-debit,UPI_AUTOPAY,HDFC,32959.84,99.4,2,SOFT_FINANCIAL
NPCI_TIMEOUT,UPI switch response timed out after 30 seconds,UPI_AUTOPAY,SBIN,12588.67,78.2,0,TRANSIENT_TECHNICAL
UPI_DAILY_LIMIT_EXCEEDED,"Customer reached daily UPI transaction limit of Rs.1,00,000",UPI_AUTOPAY,SBIN,32331.91,78.2,3,SOFT_FINANCIAL
ACCOUNT_CLOSED,"account band ho gaya hai, retry bekar hai",UPI_AUTOPAY,HDFC,15492.13,99.4,1,HARD_PERMANENT
CHECKOUT_DROPPED_OFF,Customer abandoned session at shipping/payment step,MAGIC_CHECKOUT,HDFC,39122.16,99.4,0,BEHAVIORAL_DROPOFF
OTP_TIMEOUT,"customer ne OTP time par enter nahi kiya, session expire",MAGIC_CHECKOUT,KKBK,30677.77,97.8,1,TRANSIENT_TECHNICAL
GATEWAY_ERROR,issuer node degraded during mandate authorization,UPI_AUTOPAY,SBIN,17636.04,78.2,0,TRANSIENT_TECHNICAL
INSUFFICIENT_FUNDS,Mandate debit declined due to low card account balance,UPI_AUTOPAY,UTIB,42721.56,96.5,1,SOFT_FINANCIAL
BANK_DEBIT_FAILED_TECHNICAL,"bank server busy, auto-debit fail ho gaya technical issue se",UPI_AUTOPAY,HDFC,19610.98,99.4,0,TRANSIENT_TECHNICAL
BANK_DEBIT_FAILED_TECHNICAL,Downstream bank gateway timeout during debit attempt,UPI_AUTOPAY,UTIB,23687.36,96.5,0,TRANSIENT_TECHNICAL
OTP_TIMEOUT,OTP verification timed out during checkout,MAGIC_CHECKOUT,ICIC,6502.4,98.9,0,TRANSIENT_TECHNICAL
FRAUD_DETECTED,"suspicious activity, fraud check fail",CARD_MANDATE,HDFC,21400.35,99.4,3,HARD_PERMANENT
STOLEN_CARD,stolen card hotlisted by issuer,CARD_MANDATE,KKBK,20557.88,97.8,0,HARD_PERMANENT
INSUFFICIENT_FUNDS,Mandate debit declined due to low card account balance,UPI_AUTOPAY,SBIN,31041.39,78.2,0,SOFT_FINANCIAL
PURCHASE_ORDER_MISMATCH,purchase order aur invoice me antar hai,B2B_INVOICE,ICIC,7387.69,98.9,0,COMMERCIAL_DISPUTE
PAYMENT_METHOD_UNAVAILABLE,selected UPI method unavailable at checkout,MAGIC_CHECKOUT,HDFC,35188.93,99.4,2,BEHAVIORAL_DROPOFF
PURCHASE_ORDER_MISMATCH,purchase order aur invoice me antar hai,B2B_INVOICE,SBIN,44394.88,78.2,1,COMMERCIAL_DISPUTE
STOLEN_CARD,stolen card hotlisted by issuer,CARD_MANDATE,HDFC,12191.14,99.4,0,HARD_PERMANENT
STOLEN_CARD,"chori ka card report hua, block hai",CARD_MANDATE,HDFC,12376.45,99.4,2,HARD_PERMANENT
STOLEN_CARD,"chori ka card report hua, block hai",CARD_MANDATE,UTIB,1108.44,96.5,1,HARD_PERMANENT
CART_ABANDONED_SHIPPING_FRICTION,User exited after shipping charge calculated,MAGIC_CHECKOUT,ICIC,11493.28,98.9,0,BEHAVIORAL_DROPOFF
TOKENIZATION_TIMEOUT,card token vault timeout during authorization,CARD_MANDATE,UTIB,43989.82,96.5,0,TRANSIENT_TECHNICAL
CHECKOUT_DROPPED_OFF,Customer abandoned session at shipping/payment step,MAGIC_CHECKOUT,ICIC,34628.26,98.9,3,BEHAVIORAL_DROPOFF
TOKENIZATION_TIMEOUT,"tokenization service slow, mandate auth timed out",CARD_MANDATE,KKBK,15489.41,97.8,1,TRANSIENT_TECHNICAL
GATEWAY_ERROR,issuer node degraded during mandate authorization,UPI_AUTOPAY,HDFC,33021.06,99.4,2,TRANSIENT_TECHNICAL
OTP_TIMEOUT,"customer ne OTP time par enter nahi kiya, session expire",MAGIC_CHECKOUT,ICIC,26461.0,98.9,2,TRANSIENT_TECHNICAL
NPCI_TIMEOUT,"NPCI timeout, bank se confirmation nahi aaya",UPI_AUTOPAY,KKBK,25521.23,97.8,0,TRANSIENT_TECHNICAL
CART_ABANDONED_SHIPPING_FRICTION,shipping fee dekh kar customer ne cart chhod diya,MAGIC_CHECKOUT,UTIB,28182.57,96.5,0,BEHAVIORAL_DROPOFF
INVOICE_OVERDUE_30_DAYS,Net-30 invoice crossed due date without payment reconciliation,B2B_INVOICE,ICIC,16187.61,98.9,3,COMMERCIAL_DISPUTE
INSUFFICIENT_FUNDS,"account me paise nahi hai, balance insufficient",UPI_AUTOPAY,UTIB,10394.71,96.5,1,SOFT_FINANCIAL
ACCOUNT_CLOSED,"customer account closed, debit returned",UPI_AUTOPAY,HDFC,25518.69,99.4,0,HARD_PERMANENT
INSUFFICIENT_FUNDS,Mandate debit declined due to low card account balance,UPI_AUTOPAY,HDFC,9381.38,99.4,1,SOFT_FINANCIAL
TOKENIZATION_TIMEOUT,card token vault timeout during authorization,CARD_MANDATE,HDFC,30706.72,99.4,1,TRANSIENT_TECHNICAL
PAYMENT_METHOD_UNAVAILABLE,selected UPI method unavailable at checkout,MAGIC_CHECKOUT,SBIN,33263.23,78.2,0,BEHAVIORAL_DROPOFF
MANDATE_AMOUNT_EXCEEDS_CAP,"mandate amount exceeds NPCI cap of Rs.1,00,000",UPI_AUTOPAY,HDFC,11688.51,99.4,1,SOFT_FINANCIAL
OTP_TIMEOUT,OTP verification timed out during checkout,MAGIC_CHECKOUT,ICIC,29006.9,98.9,1,TRANSIENT_TECHNICAL
GATEWAY_ERROR,504 Gateway Timeout from NPCI switch,UPI_AUTOPAY,ICIC,41575.73,98.9,1,TRANSIENT_TECHNICAL
CART_ABANDONED_SHIPPING_FRICTION,User exited after shipping charge calculated,MAGIC_CHECKOUT,ICIC,35641.05,98.9,1,BEHAVIORAL_DROPOFF
INSUFFICIENT_FUNDS,Declined by customer bank due to low balance,UPI_AUTOPAY,UTIB,31066.74,96.5,1,SOFT_FINANCIAL
FRAUD_DETECTED,High-risk score flagged by issuer fraud detection switch,CARD_MANDATE,UTIB,36804.35,96.5,0,HARD_PERMANENT
OTP_TIMEOUT,"customer ne OTP time par enter nahi kiya, session expire",MAGIC_CHECKOUT,HDFC,4173.31,99.4,1,TRANSIENT_TECHNICAL
INSUFFICIENT_FUNDS,"account me paise nahi hai, balance insufficient",UPI_AUTOPAY,HDFC,19333.76,99.4,0,SOFT_FINANCIAL
MANDATE_AMOUNT_EXCEEDS_CAP,"autopay cap se zyada amount, bank ne decline kiya",UPI_AUTOPAY,KKBK,31377.76,97.8,0,SOFT_FINANCIAL
CART_ABANDONED_SHIPPING_FRICTION,User exited after shipping charge calculated,MAGIC_CHECKOUT,ICIC,8825.19,98.9,3,BEHAVIORAL_DROPOFF
FRAUD_DETECTED,High-risk score flagged by issuer fraud detection switch,CARD_MANDATE,HDFC,33013.05,99.4,0,HARD_PERMANENT
GATEWAY_ERROR,issuer node degraded during mandate authorization,UPI_AUTOPAY,SBIN,13415.29,78.2,0,TRANSIENT_TECHNICAL
PAYMENT_METHOD_UNAVAILABLE,selected UPI method unavailable at checkout,MAGIC_CHECKOUT,KKBK,6225.41,97.8,0,BEHAVIORAL_DROPOFF
GATEWAY_ERROR,"downstream gateway error, retry after clearing window",UPI_AUTOPAY,ICIC,37596.47,98.9,1,TRANSIENT_TECHNICAL
CHECKOUT_DROPPED_OFF,OTP verification timed out during checkout,MAGIC_CHECKOUT,HDFC,37545.99,99.4,0,BEHAVIORAL_DROPOFF
PURCHASE_ORDER_MISMATCH,purchase order aur invoice me antar hai,B2B_INVOICE,HDFC,7876.78,99.4,0,COMMERCIAL_DISPUTE
TOKENIZATION_TIMEOUT,card token vault timeout during authorization,CARD_MANDATE,UTIB,5061.0,96.5,3,TRANSIENT_TECHNICAL
FRAUD_DETECTED,High-risk score flagged by issuer fraud detection switch,CARD_MANDATE,HDFC,7086.69,99.4,0,HARD_PERMANENT
OTP_TIMEOUT,OTP verification timed out during checkout,MAGIC_CHECKOUT,SBIN,12122.34,78.2,1,TRANSIENT_TECHNICAL
TOKENIZATION_TIMEOUT,"tokenization service slow, mandate auth timed out",CARD_MANDATE,UTIB,7250.55,96.5,1,TRANSIENT_TECHNICAL
TOKENIZATION_TIMEOUT,card token vault timeout during authorization,CARD_MANDATE,UTIB,19234.33,96.5,1,TRANSIENT_TECHNICAL
PAYMENT_METHOD_UNAVAILABLE,payment option show nahi ho raha tha,MAGIC_CHECKOUT,ICIC,11857.5,98.9,0,BEHAVIORAL_DROPOFF
ACCOUNT_CLOSED,"customer account closed, debit returned",UPI_AUTOPAY,UTIB,13439.23,96.5,3,HARD_PERMANENT
TOKENIZATION_TIMEOUT,"tokenization service slow, mandate auth timed out",CARD_MANDATE,HDFC,39387.54,99.4,0,TRANSIENT_TECHNICAL
CHECKOUT_DROPPED_OFF,Customer abandoned session at shipping/payment step,MAGIC_CHECKOUT,SBIN,33217.5,78.2,1,BEHAVIORAL_DROPOFF
CART_ABANDONED_SHIPPING_FRICTION,shipping fee dekh kar customer ne cart chhod diya,MAGIC_CHECKOUT,UTIB,40938.03,96.5,1,BEHAVIORAL_DROPOFF
CHECKOUT_DROPPED_OFF,Customer abandoned session at shipping/payment step,MAGIC_CHECKOUT,KKBK,8253.89,97.8,0,BEHAVIORAL_DROPOFF
CHECKOUT_DROPPED_OFF,Customer abandoned session at shipping/payment step,MAGIC_CHECKOUT,HDFC,22976.54,99.4,1,BEHAVIORAL_DROPOFF
TOKENIZATION_TIMEOUT,card token vault timeout during authorization,CARD_MANDATE,SBIN,24346.87,78.2,0,TRANSIENT_TECHNICAL
INVOICE_OVERDUE_30_DAYS,Net-30 invoice crossed due date without payment reconciliation,B2B_INVOICE,ICIC,11898.34,98.9,1,COMMERCIAL_DISPUTE
CHECKOUT_DROPPED_OFF,Customer abandoned session at shipping/payment step,MAGIC_CHECKOUT,HDFC,19361.32,99.4,3,BEHAVIORAL_DROPOFF
GATEWAY_ERROR,issuer node degraded during mandate authorization,UPI_AUTOPAY,SBIN,31504.84,78.2,0,TRANSIENT_TECHNICAL
STOLEN_CARD,stolen card hotlisted by issuer,CARD_MANDATE,KKBK,20016.62,97.8,1,HARD_PERMANENT
TOKENIZATION_TIMEOUT,card token vault timeout during authorization,CARD_MANDATE,ICIC,20847.75,98.9,2,TRANSIENT_TECHNICAL
INVALID_VPA_PERMANENT,"galat UPI ID, ye VPA exist nahi karti",UPI_AUTOPAY,HDFC,1682.19,99.4,0,HARD_PERMANENT
ACCOUNT_CLOSED,"customer account closed, debit returned",UPI_AUTOPAY,HDFC,3945.88,99.4,0,HARD_PERMANENT
UPI_DAILY_LIMIT_EXCEEDED,"Customer reached daily UPI transaction limit of Rs.1,00,000",UPI_AUTOPAY,HDFC,31020.13,99.4,1,SOFT_FINANCIAL
CART_ABANDONED_SHIPPING_FRICTION,shipping fee dekh kar customer ne cart chhod diya,MAGIC_CHECKOUT,KKBK,29209.79,97.8,0,BEHAVIORAL_DROPOFF
ACCOUNT_CLOSED,"customer account closed, debit returned",UPI_AUTOPAY,ICIC,14214.73,98.9,2,HARD_PERMANENT
CART_ABANDONED_SHIPPING_FRICTION,shipping fee dekh kar customer ne cart chhod diya,MAGIC_CHECKOUT,ICIC,11883.28,98.9,0,BEHAVIORAL_DROPOFF
TOKENIZATION_TIMEOUT,card token vault timeout during authorization,CARD_MANDATE,KKBK,30132.5,97.8,1,TRANSIENT_TECHNICAL
PURCHASE_ORDER_MISMATCH,purchase order aur invoice me antar hai,B2B_INVOICE,UTIB,23595.08,96.5,3,COMMERCIAL_DISPUTE
CARD_EXPIRED,Mandate card token expired; bank declined authorization,CARD_MANDATE,SBIN,37131.02,78.2,0,HARD_PERMANENT
STOLEN_CARD,stolen card hotlisted by issuer,CARD_MANDATE,ICIC,17198.53,98.9,0,HARD_PERMANENT
STOLEN_CARD,"chori ka card report hua, block hai",CARD_MANDATE,UTIB,1375.09,96.5,1,HARD_PERMANENT
BANK_DEBIT_FAILED_TECHNICAL,Downstream bank gateway timeout during debit attempt,UPI_AUTOPAY,ICIC,39883.4,98.9,1,TRANSIENT_TECHNICAL
MANDATE_AMOUNT_EXCEEDS_CAP,"autopay cap se zyada amount, bank ne decline kiya",UPI_AUTOPAY,HDFC,16393.07,99.4,1,SOFT_FINANCIAL
INVALID_VPA_PERMANENT,"VPA does not exist, invalid payee address",UPI_AUTOPAY,UTIB,17121.29,96.5,0,HARD_PERMANENT
INSUFFICIENT_FUNDS,Mandate debit declined due to low card account balance,UPI_AUTOPAY,SBIN,35936.76,78.2,1,SOFT_FINANCIAL
INSUFFICIENT_FUNDS,"account me paise nahi hai, balance insufficient",UPI_AUTOPAY,ICIC,29826.97,98.9,0,SOFT_FINANCIAL
INVOICE_APPROVAL_PENDING,Invoice stuck in enterprise procurement approval workflow,B2B_INVOICE,KKBK,17013.96,97.8,0,COMMERCIAL_DISPUTE
TOKENIZATION_TIMEOUT,card token vault timeout during authorization,CARD_MANDATE,UTIB,2575.1,96.5,0,TRANSIENT_TECHNICAL
INSUFFICIENT_FUNDS,Mandate debit declined due to low card account balance,UPI_AUTOPAY,KKBK,38549.8,97.8,1,SOFT_FINANCIAL
PAYMENT_METHOD_UNAVAILABLE,payment option show nahi ho raha tha,MAGIC_CHECKOUT,HDFC,34801.79,99.4,3,BEHAVIORAL_DROPOFF
STOLEN_CARD,stolen card hotlisted by issuer,CARD_MANDATE,SBIN,3089.31,78.2,0,HARD_PERMANENT
BANK_DEBIT_FAILED_TECHNICAL,Downstream bank gateway timeout during debit attempt,UPI_AUTOPAY,UTIB,11525.37,96.5,1,TRANSIENT_TECHNICAL
CART_ABANDONED_SHIPPING_FRICTION,User exited after shipping charge calculated,MAGIC_CHECKOUT,ICIC,28225.54,98.9,0,BEHAVIORAL_DROPOFF
FRAUD_DETECTED,"suspicious activity, fraud check fail",CARD_MANDATE,UTIB,39644.22,96.5,0,HARD_PERMANENT
STOLEN_CARD,stolen card hotlisted by issuer,CARD_MANDATE,UTIB,32374.24,96.5,0,HARD_PERMANENT
STOLEN_CARD,stolen card hotlisted by issuer,CARD_MANDATE,UTIB,12196.68,96.5,0,HARD_PERMANENT
CARD_EXPIRED,Mandate card token expired; bank declined authorization,CARD_MANDATE,UTIB,27934.16,96.5,0,HARD_PERMANENT
FRAUD_DETECTED,"suspicious activity, fraud check fail",CARD_MANDATE,UTIB,13531.18,96.5,0,HARD_PERMANENT
INSUFFICIENT_FUNDS,Mandate debit declined due to low card account balance,UPI_AUTOPAY,SBIN,16697.26,78.2,2,SOFT_FINANCIAL
STOLEN_CARD,"chori ka card report hua, block hai",CARD_MANDATE,SBIN,4862.47,78.2,3,HARD_PERMANENT
INVALID_VPA_PERMANENT,"VPA does not exist, invalid payee address",UPI_AUTOPAY,UTIB,39330.17,96.5,3,HARD_PERMANENT
NPCI_TIMEOUT,Card network switch response timed out,UPI_AUTOPAY,UTIB,7218.06,96.5,3,TRANSIENT_TECHNICAL
MANDATE_AMOUNT_EXCEEDS_CAP,"autopay cap se zyada amount, bank ne decline kiya",UPI_AUTOPAY,HDFC,8558.38,99.4,3,SOFT_FINANCIAL
INSUFFICIENT_FUNDS,"account me paise nahi hai, balance insufficient",UPI_AUTOPAY,ICIC,24546.96,98.9,0,SOFT_FINANCIAL
INVOICE_APPROVAL_PENDING,Invoice stuck in enterprise procurement approval workflow,B2B_INVOICE,HDFC,30155.83,99.4,1,COMMERCIAL_DISPUTE
NPCI_TIMEOUT,Card network switch response timed out,UPI_AUTOPAY,UTIB,35685.59,96.5,3,TRANSIENT_TECHNICAL
INVOICE_APPROVAL_PENDING,Invoice stuck in enterprise procurement approval workflow,B2B_INVOICE,SBIN,32938.68,78.2,0,COMMERCIAL_DISPUTE
INSUFFICIENT_FUNDS,Salary credit not yet posted; balance too low for auto-debit,UPI_AUTOPAY,ICIC,15052.83,98.9,0,SOFT_FINANCIAL
PAYMENT_METHOD_UNAVAILABLE,selected UPI method unavailable at checkout,MAGIC_CHECKOUT,ICIC,1880.87,98.9,2,BEHAVIORAL_DROPOFF
BANK_DEBIT_FAILED_TECHNICAL,"bank server busy, auto-debit fail ho gaya technical issue se",UPI_AUTOPAY,SBIN,9367.07,78.2,0,TRANSIENT_TECHNICAL
GATEWAY_ERROR,"downstream gateway error, retry after clearing window",UPI_AUTOPAY,SBIN,37317.77,78.2,0,TRANSIENT_TECHNICAL
UPI_DAILY_LIMIT_EXCEEDED,"UPI daily cap khatam, kal retry karo",UPI_AUTOPAY,HDFC,17882.85,99.4,0,SOFT_FINANCIAL
CHECKOUT_DROPPED_OFF,Customer abandoned session at shipping/payment step,MAGIC_CHECKOUT,HDFC,4436.05,99.4,1,BEHAVIORAL_DROPOFF
PAYMENT_METHOD_UNAVAILABLE,payment option show nahi ho raha tha,MAGIC_CHECKOUT,HDFC,24587.68,99.4,1,BEHAVIORAL_DROPOFF
GATEWAY_ERROR,issuer node degraded during mandate authorization,UPI_AUTOPAY,KKBK,4294.65,97.8,2,TRANSIENT_TECHNICAL
GATEWAY_ERROR,"payment gateway ne response nahi diya, timeout ho gaya",UPI_AUTOPAY,SBIN,6234.01,78.2,2,TRANSIENT_TECHNICAL
INVOICE_OVERDUE_30_DAYS,Net-30 invoice crossed due date without payment reconciliation,B2B_INVOICE,HDFC,39730.63,99.4,3,COMMERCIAL_DISPUTE
BANK_DEBIT_FAILED_TECHNICAL,Downstream bank gateway timeout during debit attempt,UPI_AUTOPAY,HDFC,41332.16,99.4,1,TRANSIENT_TECHNICAL
STOLEN_CARD,"chori ka card report hua, block hai",CARD_MANDATE,ICIC,44615.7,98.9,0,HARD_PERMANENT
PAYMENT_METHOD_UNAVAILABLE,payment option show nahi ho raha tha,MAGIC_CHECKOUT,KKBK,32468.54,97.8,1,BEHAVIORAL_DROPOFF
ACCOUNT_CLOSED,"customer account closed, debit returned",UPI_AUTOPAY,SBIN,9549.13,78.2,0,HARD_PERMANENT
ACCOUNT_CLOSED,"customer account closed, debit returned",UPI_AUTOPAY,ICIC,35082.54,98.9,0,HARD_PERMANENT
TOKENIZATION_TIMEOUT,card token vault timeout during authorization,CARD_MANDATE,KKBK,23668.89,97.8,0,TRANSIENT_TECHNICAL
INSUFFICIENT_FUNDS,Mandate debit declined due to low card account balance,UPI_AUTOPAY,ICIC,21357.3,98.9,2,SOFT_FINANCIAL
PURCHASE_ORDER_MISMATCH,purchase order aur invoice me antar hai,B2B_INVOICE,ICIC,37072.06,98.9,1,COMMERCIAL_DISPUTE
CART_ABANDONED_SHIPPING_FRICTION,shipping fee dekh kar customer ne cart chhod diya,MAGIC_CHECKOUT,HDFC,39726.08,99.4,2,BEHAVIORAL_DROPOFF
GATEWAY_ERROR,"payment gateway ne response nahi diya, timeout ho gaya",UPI_AUTOPAY,ICIC,27516.08,98.9,0,TRANSIENT_TECHNICAL
CHECKOUT_DROPPED_OFF,Customer abandoned session at shipping/payment step,MAGIC_CHECKOUT,HDFC,14142.32,99.4,0,BEHAVIORAL_DROPOFF
CART_ABANDONED_SHIPPING_FRICTION,shipping fee dekh kar customer ne cart chhod diya,MAGIC_CHECKOUT,HDFC,24357.01,99.4,0,BEHAVIORAL_DROPOFF
INSUFFICIENT_FUNDS,Mandate debit declined due to low card account balance,UPI_AUTOPAY,KKBK,21584.62,97.8,3,SOFT_FINANCIAL
ACCOUNT_CLOSED,"customer account closed, debit returned",UPI_AUTOPAY,UTIB,8922.02,96.5,3,HARD_PERMANENT
FRAUD_DETECTED,High-risk score flagged by issuer fraud detection switch,CARD_MANDATE,KKBK,27167.62,97.8,0,HARD_PERMANENT
CARD_EXPIRED,Mandate card token expired; bank declined authorization,CARD_MANDATE,UTIB,12520.16,96.5,0,HARD_PERMANENT
OTP_TIMEOUT,OTP verification timed out during checkout,MAGIC_CHECKOUT,HDFC,11629.86,99.4,0,TRANSIENT_TECHNICAL
INVOICE_APPROVAL_PENDING,Invoice stuck in enterprise procurement approval workflow,B2B_INVOICE,KKBK,24217.04,97.8,2,COMMERCIAL_DISPUTE
BANK_DEBIT_FAILED_TECHNICAL,"bank server busy, auto-debit fail ho gaya technical issue se",UPI_AUTOPAY,HDFC,35055.0,99.4,0,TRANSIENT_TECHNICAL
INSUFFICIENT_FUNDS,Mandate debit declined due to low card account balance,UPI_AUTOPAY,UTIB,19403.82,96.5,3,SOFT_FINANCIAL
BANK_DEBIT_FAILED_TECHNICAL,Downstream bank gateway timeout during debit attempt,UPI_AUTOPAY,HDFC,33635.91,99.4,1,TRANSIENT_TECHNICAL
ACCOUNT_CLOSED,"customer account closed, debit returned",UPI_AUTOPAY,SBIN,39392.22,78.2,0,HARD_PERMANENT
STOLEN_CARD,stolen card hotlisted by issuer,CARD_MANDATE,ICIC,17697.81,98.9,1,HARD_PERMANENT
CARD_EXPIRED,Mandate card token expired; bank declined authorization,CARD_MANDATE,UTIB,7097.99,96.5,1,HARD_PERMANENT
CARD_EXPIRED,"card expiry ho gayi, naya card link karo",CARD_MANDATE,SBIN,4676.67,78.2,0,HARD_PERMANENT
GATEWAY_ERROR,"downstream gateway error, retry after clearing window",UPI_AUTOPAY,ICIC,16138.99,98.9,3,TRANSIENT_TECHNICAL
OTP_TIMEOUT,OTP verification timed out during checkout,MAGIC_CHECKOUT,UTIB,25827.03,96.5,1,TRANSIENT_TECHNICAL
PURCHASE_ORDER_MISMATCH,purchase order aur invoice me antar hai,B2B_INVOICE,KKBK,29057.61,97.8,0,COMMERCIAL_DISPUTE
GATEWAY_ERROR,"downstream gateway error, retry after clearing window",UPI_AUTOPAY,ICIC,33784.67,98.9,0,TRANSIENT_TECHNICAL
CART_ABANDONED_SHIPPING_FRICTION,User exited after shipping charge calculated,MAGIC_CHECKOUT,ICIC,40356.85,98.9,0,BEHAVIORAL_DROPOFF
STOLEN_CARD,"chori ka card report hua, block hai",CARD_MANDATE,SBIN,15548.24,78.2,0,HARD_PERMANENT
PURCHASE_ORDER_MISMATCH,"PO amount mismatch, reconciliation on hold",B2B_INVOICE,UTIB,2265.25,96.5,0,COMMERCIAL_DISPUTE
MANDATE_AMOUNT_EXCEEDS_CAP,"mandate amount exceeds NPCI cap of Rs.1,00,000",UPI_AUTOPAY,HDFC,4789.97,99.4,0,SOFT_FINANCIAL
PAYMENT_METHOD_UNAVAILABLE,selected UPI method unavailable at checkout,MAGIC_CHECKOUT,KKBK,37036.93,97.8,1,BEHAVIORAL_DROPOFF
MANDATE_AMOUNT_EXCEEDS_CAP,"mandate amount exceeds NPCI cap of Rs.1,00,000",UPI_AUTOPAY,ICIC,13001.53,98.9,0,SOFT_FINANCIAL
ACCOUNT_CLOSED,"account band ho gaya hai, retry bekar hai",UPI_AUTOPAY,ICIC,26313.46,98.9,0,HARD_PERMANENT
NPCI_TIMEOUT,"NPCI timeout, bank se confirmation nahi aaya",UPI_AUTOPAY,KKBK,28144.77,97.8,2,TRANSIENT_TECHNICAL
OTP_TIMEOUT,"customer ne OTP time par enter nahi kiya, session expire",MAGIC_CHECKOUT,ICIC,37396.47,98.9,2,TRANSIENT_TECHNICAL
PAYMENT_METHOD_UNAVAILABLE,selected UPI method unavailable at checkout,MAGIC_CHECKOUT,KKBK,13439.82,97.8,1,BEHAVIORAL_DROPOFF
MANDATE_AMOUNT_EXCEEDS_CAP,"autopay cap se zyada amount, bank ne decline kiya",UPI_AUTOPAY,KKBK,11318.64,97.8,0,SOFT_FINANCIAL
UPI_DAILY_LIMIT_EXCEEDED,"Customer reached daily UPI transaction limit of Rs.1,00,000",UPI_AUTOPAY,ICIC,1152.07,98.9,1,SOFT_FINANCIAL
INVOICE_APPROVAL_PENDING,Invoice stuck in enterprise procurement approval workflow,B2B_INVOICE,SBIN,40096.07,78.2,0,COMMERCIAL_DISPUTE
FRAUD_DETECTED,High-risk score flagged by issuer fraud detection switch,CARD_MANDATE,ICIC,35167.44,98.9,3,HARD_PERMANENT
OTP_TIMEOUT,"customer ne OTP time par enter nahi kiya, session expire",MAGIC_CHECKOUT,KKBK,25280.78,97.8,0,TRANSIENT_TECHNICAL
OTP_TIMEOUT,OTP verification timed out during checkout,MAGIC_CHECKOUT,KKBK,21388.87,97.8,1,TRANSIENT_TECHNICAL
CART_ABANDONED_SHIPPING_FRICTION,shipping fee dekh kar customer ne cart chhod diya,MAGIC_CHECKOUT,UTIB,43760.92,96.5,0,BEHAVIORAL_DROPOFF
PAYMENT_METHOD_UNAVAILABLE,selected UPI method unavailable at checkout,MAGIC_CHECKOUT,SBIN,14064.99,78.2,2,BEHAVIORAL_DROPOFF
INSUFFICIENT_FUNDS,Salary credit not yet posted; balance too low for auto-debit,UPI_AUTOPAY,ICIC,30222.24,98.9,1,SOFT_FINANCIAL
MANDATE_AMOUNT_EXCEEDS_CAP,"mandate amount exceeds NPCI cap of Rs.1,00,000",UPI_AUTOPAY,KKBK,6404.97,97.8,1,SOFT_FINANCIAL
ACCOUNT_CLOSED,"account band ho gaya hai, retry bekar hai",UPI_AUTOPAY,HDFC,40396.73,99.4,1,HARD_PERMANENT
CART_ABANDONED_SHIPPING_FRICTION,User exited after shipping charge calculated,MAGIC_CHECKOUT,KKBK,27527.92,97.8,0,BEHAVIORAL_DROPOFF
ACCOUNT_CLOSED,"customer account closed, debit returned",UPI_AUTOPAY,UTIB,26654.53,96.5,0,HARD_PERMANENT
TOKENIZATION_TIMEOUT,card token vault timeout during authorization,CARD_MANDATE,UTIB,29808.81,96.5,0,TRANSIENT_TECHNICAL
TOKENIZATION_TIMEOUT,"tokenization service slow, mandate auth timed out",CARD_MANDATE,KKBK,17147.04,97.8,1,TRANSIENT_TECHNICAL
CARD_EXPIRED,Mandate card token expired; bank declined authorization,CARD_MANDATE,HDFC,25367.94,99.4,3,HARD_PERMANENT
OTP_TIMEOUT,OTP verification timed out during checkout,MAGIC_CHECKOUT,SBIN,34538.56,78.2,3,TRANSIENT_TECHNICAL
STOLEN_CARD,"chori ka card report hua, block hai",CARD_MANDATE,KKBK,15290.33,97.8,3,HARD_PERMANENT
CART_ABANDONED_SHIPPING_FRICTION,shipping fee dekh kar customer ne cart chhod diya,MAGIC_CHECKOUT,SBIN,35019.17,78.2,1,BEHAVIORAL_DROPOFF
TOKENIZATION_TIMEOUT,card token vault timeout during authorization,CARD_MANDATE,SBIN,26524.57,78.2,3,TRANSIENT_TECHNICAL
INVOICE_APPROVAL_PENDING,procurement team se approval pending hai,B2B_INVOICE,HDFC,38487.59,99.4,3,COMMERCIAL_DISPUTE
FRAUD_DETECTED,"suspicious activity, fraud check fail",CARD_MANDATE,SBIN,242.82,78.2,2,HARD_PERMANENT
STOLEN_CARD,"chori ka card report hua, block hai",CARD_MANDATE,KKBK,17701.54,97.8,1,HARD_PERMANENT
CARD_EXPIRED,Mandate card token expired; bank declined authorization,CARD_MANDATE,HDFC,37550.05,99.4,3,HARD_PERMANENT
NPCI_TIMEOUT,"NPCI timeout, bank se confirmation nahi aaya",UPI_AUTOPAY,SBIN,3561.62,78.2,2,TRANSIENT_TECHNICAL
GATEWAY_ERROR,"downstream gateway error, retry after clearing window",UPI_AUTOPAY,HDFC,2345.69,99.4,0,TRANSIENT_TECHNICAL
NPCI_TIMEOUT,"NPCI timeout, bank se confirmation nahi aaya",UPI_AUTOPAY,HDFC,27620.24,99.4,0,TRANSIENT_TECHNICAL
CARD_EXPIRED,"card expiry ho gayi, naya card link karo",CARD_MANDATE,KKBK,3476.77,97.8,2,HARD_PERMANENT
INVOICE_OVERDUE_30_DAYS,Net-30 invoice crossed due date without payment reconciliation,B2B_INVOICE,UTIB,18468.45,96.5,0,COMMERCIAL_DISPUTE
STOLEN_CARD,stolen card hotlisted by issuer,CARD_MANDATE,KKBK,42734.13,97.8,2,HARD_PERMANENT
OTP_TIMEOUT,OTP verification timed out during checkout,MAGIC_CHECKOUT,HDFC,32902.67,99.4,0,TRANSIENT_TECHNICAL
INVALID_VPA_PERMANENT,"galat UPI ID, ye VPA exist nahi karti",UPI_AUTOPAY,HDFC,40328.08,99.4,1,HARD_PERMANENT
PAYMENT_METHOD_UNAVAILABLE,payment option show nahi ho raha tha,MAGIC_CHECKOUT,UTIB,7470.75,96.5,2,BEHAVIORAL_DROPOFF
PAYMENT_METHOD_UNAVAILABLE,selected UPI method unavailable at checkout,MAGIC_CHECKOUT,UTIB,34380.66,96.5,1,BEHAVIORAL_DROPOFF
CHECKOUT_DROPPED_OFF,OTP verification timed out during checkout,MAGIC_CHECKOUT,SBIN,15635.21,78.2,1,BEHAVIORAL_DROPOFF
CARD_EXPIRED,"card expiry ho gayi, naya card link karo",CARD_MANDATE,UTIB,41542.66,96.5,0,HARD_PERMANENT
FRAUD_DETECTED,High-risk score flagged by issuer fraud detection switch,CARD_MANDATE,ICIC,1217.55,98.9,1,HARD_PERMANENT
TOKENIZATION_TIMEOUT,"tokenization service slow, mandate auth timed out",CARD_MANDATE,HDFC,43669.27,99.4,0,TRANSIENT_TECHNICAL
GATEWAY_ERROR,"payment gateway ne response nahi diya, timeout ho gaya",UPI_AUTOPAY,SBIN,4194.66,78.2,0,TRANSIENT_TECHNICAL
INVOICE_OVERDUE_30_DAYS,"30 din se payment pending, accounts se approval nahi aaya",B2B_INVOICE,SBIN,9276.51,78.2,1,COMMERCIAL_DISPUTE
CART_ABANDONED_SHIPPING_FRICTION,shipping fee dekh kar customer ne cart chhod diya,MAGIC_CHECKOUT,KKBK,41737.0,97.8,1,BEHAVIORAL_DROPOFF
ACCOUNT_CLOSED,"customer account closed, debit returned",UPI_AUTOPAY,SBIN,30575.54,78.2,0,HARD_PERMANENT
FRAUD_DETECTED,High-risk score flagged by issuer fraud detection switch,CARD_MANDATE,UTIB,5244.49,96.5,3,HARD_PERMANENT
OTP_TIMEOUT,OTP verification timed out during checkout,MAGIC_CHECKOUT,KKBK,44083.56,97.8,0,TRANSIENT_TECHNICAL
CHECKOUT_DROPPED_OFF,user ne checkout beech me chhod diya,MAGIC_CHECKOUT,UTIB,24665.4,96.5,0,BEHAVIORAL_DROPOFF
NPCI_TIMEOUT,UPI switch response timed out after 30 seconds,UPI_AUTOPAY,SBIN,9976.98,78.2,0,TRANSIENT_TECHNICAL
TOKENIZATION_TIMEOUT,"tokenization service slow, mandate auth timed out",CARD_MANDATE,ICIC,12053.29,98.9,0,TRANSIENT_TECHNICAL
FRAUD_DETECTED,"suspicious activity, fraud check fail",CARD_MANDATE,HDFC,6509.27,99.4,1,HARD_PERMANENT
INVOICE_APPROVAL_PENDING,Invoice stuck in enterprise procurement approval workflow,B2B_INVOICE,HDFC,19515.39,99.4,0,COMMERCIAL_DISPUTE
BANK_DEBIT_FAILED_TECHNICAL,Issuer node degradation during 02:00 AM auto-debit window,UPI_AUTOPAY,UTIB,9378.29,96.5,0,TRANSIENT_TECHNICAL
CART_ABANDONED_SHIPPING_FRICTION,shipping fee dekh kar customer ne cart chhod diya,MAGIC_CHECKOUT,UTIB,24130.88,96.5,0,BEHAVIORAL_DROPOFF
PAYMENT_METHOD_UNAVAILABLE,payment option show nahi ho raha tha,MAGIC_CHECKOUT,KKBK,7829.43,97.8,0,BEHAVIORAL_DROPOFF
CARD_EXPIRED,Mandate card token expired; bank declined authorization,CARD_MANDATE,SBIN,28829.64,78.2,1,HARD_PERMANENT
UPI_DAILY_LIMIT_EXCEEDED,"limit exceed, transaction declined by bank",UPI_AUTOPAY,SBIN,4783.84,78.2,0,SOFT_FINANCIAL
INVALID_VPA_PERMANENT,"galat UPI ID, ye VPA exist nahi karti",UPI_AUTOPAY,SBIN,25848.46,78.2,0,HARD_PERMANENT
PURCHASE_ORDER_MISMATCH,purchase order aur invoice me antar hai,B2B_INVOICE,SBIN,34152.71,78.2,3,COMMERCIAL_DISPUTE
INSUFFICIENT_FUNDS,Salary credit not yet posted; balance too low for auto-debit,UPI_AUTOPAY,HDFC,38193.66,99.4,0,SOFT_FINANCIAL
TOKENIZATION_TIMEOUT,"tokenization service slow, mandate auth timed out",CARD_MANDATE,UTIB,1505.26,96.5,0,TRANSIENT_TECHNICAL
UPI_DAILY_LIMIT_EXCEEDED,"UPI daily cap khatam, kal retry karo",UPI_AUTOPAY,HDFC,22278.1,99.4,2,SOFT_FINANCIAL
UPI_DAILY_LIMIT_EXCEEDED,"limit exceed, transaction declined by bank",UPI_AUTOPAY,UTIB,18244.01,96.5,0,SOFT_FINANCIAL
PAYMENT_METHOD_UNAVAILABLE,payment option show nahi ho raha tha,MAGIC_CHECKOUT,HDFC,18238.54,99.4,1,BEHAVIORAL_DROPOFF
INSUFFICIENT_FUNDS,Mandate debit declined due to low card account balance,UPI_AUTOPAY,KKBK,35138.67,97.8,0,SOFT_FINANCIAL
ACCOUNT_CLOSED,"account band ho gaya hai, retry bekar hai",UPI_AUTOPAY,HDFC,17049.41,99.4,0,HARD_PERMANENT
CARD_EXPIRED,Mandate card token expired; bank declined authorization,CARD_MANDATE,SBIN,10230.31,78.2,0,HARD_PERMANENT
INVOICE_OVERDUE_30_DAYS,Net-30 invoice crossed due date without payment reconciliation,B2B_INVOICE,HDFC,44648.35,99.4,2,COMMERCIAL_DISPUTE
MANDATE_AMOUNT_EXCEEDS_CAP,"mandate amount exceeds NPCI cap of Rs.1,00,000",UPI_AUTOPAY,ICIC,24350.08,98.9,1,SOFT_FINANCIAL
CART_ABANDONED_SHIPPING_FRICTION,shipping fee dekh kar customer ne cart chhod diya,MAGIC_CHECKOUT,UTIB,25710.11,96.5,2,BEHAVIORAL_DROPOFF
CARD_EXPIRED,Mandate card token expired; bank declined authorization,CARD_MANDATE,HDFC,44180.23,99.4,0,HARD_PERMANENT
INVOICE_OVERDUE_30_DAYS,"30 din se payment pending, accounts se approval nahi aaya",B2B_INVOICE,UTIB,34022.1,96.5,0,COMMERCIAL_DISPUTE
TOKENIZATION_TIMEOUT,"tokenization service slow, mandate auth timed out",CARD_MANDATE,SBIN,19461.69,78.2,1,TRANSIENT_TECHNICAL
TOKENIZATION_TIMEOUT,"tokenization service slow, mandate auth timed out",CARD_MANDATE,KKBK,39089.75,97.8,0,TRANSIENT_TECHNICAL
CHECKOUT_DROPPED_OFF,Customer abandoned session at shipping/payment step,MAGIC_CHECKOUT,ICIC,35967.45,98.9,1,BEHAVIORAL_DROPOFF
INSUFFICIENT_FUNDS,Mandate debit declined due to low card account balance,UPI_AUTOPAY,KKBK,32310.16,97.8,0,SOFT_FINANCIAL
STOLEN_CARD,"chori ka card report hua, block hai",CARD_MANDATE,SBIN,13555.85,78.2,1,HARD_PERMANENT
INVOICE_OVERDUE_30_DAYS,Net-30 invoice crossed due date without payment reconciliation,B2B_INVOICE,HDFC,12903.04,99.4,1,COMMERCIAL_DISPUTE
TOKENIZATION_TIMEOUT,"tokenization service slow, mandate auth timed out",CARD_MANDATE,HDFC,31348.26,99.4,1,TRANSIENT_TECHNICAL
CARD_EXPIRED,"card expiry ho gayi, naya card link karo",CARD_MANDATE,SBIN,10739.82,78.2,1,HARD_PERMANENT
NPCI_TIMEOUT,Card network switch response timed out,UPI_AUTOPAY,UTIB,21596.02,96.5,1,TRANSIENT_TECHNICAL
FRAUD_DETECTED,High-risk score flagged by issuer fraud detection switch,CARD_MANDATE,KKBK,20449.34,97.8,1,HARD_PERMANENT
CARD_EXPIRED,Mandate card token expired; bank declined authorization,CARD_MANDATE,UTIB,22370.94,96.5,1,HARD_PERMANENT
PURCHASE_ORDER_MISMATCH,purchase order aur invoice me antar hai,B2B_INVOICE,KKBK,6915.44,97.8,1,COMMERCIAL_DISPUTE
UPI_DAILY_LIMIT_EXCEEDED,"UPI daily cap khatam, kal retry karo",UPI_AUTOPAY,KKBK,22475.23,97.8,3,SOFT_FINANCIAL
CHECKOUT_DROPPED_OFF,Customer abandoned session at shipping/payment step,MAGIC_CHECKOUT,ICIC,23321.55,98.9,0,BEHAVIORAL_DROPOFF
PURCHASE_ORDER_MISMATCH,"PO amount mismatch, reconciliation on hold",B2B_INVOICE,KKBK,14457.09,97.8,1,COMMERCIAL_DISPUTE
ACCOUNT_CLOSED,"account band ho gaya hai, retry bekar hai",UPI_AUTOPAY,SBIN,30768.46,78.2,3,HARD_PERMANENT
INSUFFICIENT_FUNDS,"account me paise nahi hai, balance insufficient",UPI_AUTOPAY,HDFC,31358.17,99.4,0,SOFT_FINANCIAL
MANDATE_AMOUNT_EXCEEDS_CAP,"autopay cap se zyada amount, bank ne decline kiya",UPI_AUTOPAY,UTIB,32800.18,96.5,0,SOFT_FINANCIAL
PAYMENT_METHOD_UNAVAILABLE,selected UPI method unavailable at checkout,MAGIC_CHECKOUT,HDFC,30350.58,99.4,0,BEHAVIORAL_DROPOFF
INVALID_VPA_PERMANENT,"VPA does not exist, invalid payee address",UPI_AUTOPAY,ICIC,38391.03,98.9,0,HARD_PERMANENT
INVALID_VPA_PERMANENT,"VPA does not exist, invalid payee address",UPI_AUTOPAY,KKBK,17813.56,97.8,1,HARD_PERMANENT
NPCI_TIMEOUT,UPI switch response timed out after 30 seconds,UPI_AUTOPAY,SBIN,16014.65,78.2,3,TRANSIENT_TECHNICAL
INVOICE_APPROVAL_PENDING,Invoice stuck in enterprise procurement approval workflow,B2B_INVOICE,SBIN,28600.55,78.2,0,COMMERCIAL_DISPUTE
TOKENIZATION_TIMEOUT,"tokenization service slow, mandate auth timed out",CARD_MANDATE,UTIB,37397.65,96.5,0,TRANSIENT_TECHNICAL
GATEWAY_ERROR,504 Gateway Timeout from NPCI switch,UPI_AUTOPAY,ICIC,18338.97,98.9,0,TRANSIENT_TECHNICAL
CARD_EXPIRED,"card expiry ho gayi, naya card link karo",CARD_MANDATE,SBIN,24079.74,78.2,0,HARD_PERMANENT
PURCHASE_ORDER_MISMATCH,"PO amount mismatch, reconciliation on hold",B2B_INVOICE,ICIC,17630.02,98.9,1,COMMERCIAL_DISPUTE
FRAUD_DETECTED,"suspicious activity, fraud check fail",CARD_MANDATE,KKBK,10129.24,97.8,2,HARD_PERMANENT
INSUFFICIENT_FUNDS,"account me paise nahi hai, balance insufficient",UPI_AUTOPAY,KKBK,27435.21,97.8,2,SOFT_FINANCIAL
MANDATE_AMOUNT_EXCEEDS_CAP,"mandate amount exceeds NPCI cap of Rs.1,00,000",UPI_AUTOPAY,SBIN,38748.03,78.2,1,SOFT_FINANCIAL
CART_ABANDONED_SHIPPING_FRICTION,shipping fee dekh kar customer ne cart chhod diya,MAGIC_CHECKOUT,ICIC,16587.39,98.9,2,BEHAVIORAL_DROPOFF
PURCHASE_ORDER_MISMATCH,purchase order aur invoice me antar hai,B2B_INVOICE,UTIB,42741.0,96.5,1,COMMERCIAL_DISPUTE
INVOICE_OVERDUE_30_DAYS,Net-30 invoice crossed due date without payment reconciliation,B2B_INVOICE,KKBK,14555.1,97.8,1,COMMERCIAL_DISPUTE
INVOICE_APPROVAL_PENDING,procurement team se approval pending hai,B2B_INVOICE,SBIN,539.59,78.2,0,COMMERCIAL_DISPUTE
CART_ABANDONED_SHIPPING_FRICTION,User exited after shipping charge calculated,MAGIC_CHECKOUT,HDFC,41141.76,99.4,1,BEHAVIORAL_DROPOFF
PURCHASE_ORDER_MISMATCH,"PO amount mismatch, reconciliation on hold",B2B_INVOICE,HDFC,9121.02,99.4,3,COMMERCIAL_DISPUTE
INVOICE_OVERDUE_30_DAYS,Net-30 invoice crossed due date without payment reconciliation,B2B_INVOICE,ICIC,35746.42,98.9,0,COMMERCIAL_DISPUTE
MANDATE_AMOUNT_EXCEEDS_CAP,"mandate amount exceeds NPCI cap of Rs.1,00,000",UPI_AUTOPAY,UTIB,13978.91,96.5,0,SOFT_FINANCIAL
INVOICE_APPROVAL_PENDING,procurement team se approval pending hai,B2B_INVOICE,HDFC,14838.53,99.4,0,COMMERCIAL_DISPUTE
GATEWAY_ERROR,504 Gateway Timeout from NPCI switch,UPI_AUTOPAY,SBIN,32855.9,78.2,0,TRANSIENT_TECHNICAL
GATEWAY_ERROR,"payment gateway ne response nahi diya, timeout ho gaya",UPI_AUTOPAY,UTIB,32807.03,96.5,1,TRANSIENT_TECHNICAL
CART_ABANDONED_SHIPPING_FRICTION,User exited after shipping charge calculated,MAGIC_CHECKOUT,UTIB,20239.69,96.5,0,BEHAVIORAL_DROPOFF
BANK_DEBIT_FAILED_TECHNICAL,Downstream bank gateway timeout during debit attempt,UPI_AUTOPAY,KKBK,12105.06,97.8,3,TRANSIENT_TECHNICAL
CHECKOUT_DROPPED_OFF,OTP verification timed out during checkout,MAGIC_CHECKOUT,HDFC,12899.13,99.4,3,BEHAVIORAL_DROPOFF
CARD_EXPIRED,Mandate card token expired; bank declined authorization,CARD_MANDATE,ICIC,8143.33,98.9,1,HARD_PERMANENT
STOLEN_CARD,stolen card hotlisted by issuer,CARD_MANDATE,KKBK,23662.22,97.8,1,HARD_PERMANENT
BANK_DEBIT_FAILED_TECHNICAL,Issuer node degradation during 02:00 AM auto-debit window,UPI_AUTOPAY,UTIB,500.36,96.5,0,TRANSIENT_TECHNICAL
CHECKOUT_DROPPED_OFF,Customer abandoned session at shipping/payment step,MAGIC_CHECKOUT,KKBK,23799.41,97.8,3,BEHAVIORAL_DROPOFF
MANDATE_AMOUNT_EXCEEDS_CAP,"autopay cap se zyada amount, bank ne decline kiya",UPI_AUTOPAY,SBIN,40080.19,78.2,0,SOFT_FINANCIAL
TOKENIZATION_TIMEOUT,"tokenization service slow, mandate auth timed out",CARD_MANDATE,UTIB,2814.0,96.5,0,TRANSIENT_TECHNICAL
UPI_DAILY_LIMIT_EXCEEDED,"limit exceed, transaction declined by bank",UPI_AUTOPAY,UTIB,35694.63,96.5,1,SOFT_FINANCIAL
TOKENIZATION_TIMEOUT,"tokenization service slow, mandate auth timed out",CARD_MANDATE,ICIC,13578.83,98.9,0,TRANSIENT_TECHNICAL
CHECKOUT_DROPPED_OFF,user ne checkout beech me chhod diya,MAGIC_CHECKOUT,ICIC,23056.84,98.9,2,BEHAVIORAL_DROPOFF
INVALID_VPA_PERMANENT,"galat UPI ID, ye VPA exist nahi karti",UPI_AUTOPAY,KKBK,19103.44,97.8,0,HARD_PERMANENT
INVOICE_OVERDUE_30_DAYS,"30 din se payment pending, accounts se approval nahi aaya",B2B_INVOICE,SBIN,22690.5,78.2,0,COMMERCIAL_DISPUTE
CART_ABANDONED_SHIPPING_FRICTION,User exited after shipping charge calculated,MAGIC_CHECKOUT,UTIB,44345.28,96.5,0,BEHAVIORAL_DROPOFF
CHECKOUT_DROPPED_OFF,Customer abandoned session at shipping/payment step,MAGIC_CHECKOUT,HDFC,2119.84,99.4,3,BEHAVIORAL_DROPOFF
INVOICE_APPROVAL_PENDING,procurement team se approval pending hai,B2B_INVOICE,SBIN,26467.23,78.2,0,COMMERCIAL_DISPUTE
CARD_EXPIRED,Mandate card token expired; bank declined authorization,CARD_MANDATE,SBIN,28990.39,78.2,3,HARD_PERMANENT
CART_ABANDONED_SHIPPING_FRICTION,shipping fee dekh kar customer ne cart chhod diya,MAGIC_CHECKOUT,ICIC,3301.14,98.9,0,BEHAVIORAL_DROPOFF
INVOICE_OVERDUE_30_DAYS,"30 din se payment pending, accounts se approval nahi aaya",B2B_INVOICE,UTIB,1712.79,96.5,0,COMMERCIAL_DISPUTE
OTP_TIMEOUT,OTP verification timed out during checkout,MAGIC_CHECKOUT,HDFC,12918.43,99.4,0,TRANSIENT_TECHNICAL
STOLEN_CARD,"chori ka card report hua, block hai",CARD_MANDATE,UTIB,26471.81,96.5,2,HARD_PERMANENT
PURCHASE_ORDER_MISMATCH,"PO amount mismatch, reconciliation on hold",B2B_INVOICE,UTIB,43346.63,96.5,2,COMMERCIAL_DISPUTE
INSUFFICIENT_FUNDS,Mandate debit declined due to low card account balance,UPI_AUTOPAY,UTIB,40469.22,96.5,3,SOFT_FINANCIAL
PAYMENT_METHOD_UNAVAILABLE,payment option show nahi ho raha tha,MAGIC_CHECKOUT,UTIB,6905.92,96.5,0,BEHAVIORAL_DROPOFF
CHECKOUT_DROPPED_OFF,user ne checkout beech me chhod diya,MAGIC_CHECKOUT,KKBK,44318.58,97.8,2,BEHAVIORAL_DROPOFF
FRAUD_DETECTED,"suspicious activity, fraud check fail",CARD_MANDATE,ICIC,9569.17,98.9,0,HARD_PERMANENT
STOLEN_CARD,stolen card hotlisted by issuer,CARD_MANDATE,SBIN,31898.66,78.2,3,HARD_PERMANENT
CART_ABANDONED_SHIPPING_FRICTION,User exited after shipping charge calculated,MAGIC_CHECKOUT,SBIN,37667.81,78.2,0,BEHAVIORAL_DROPOFF
GATEWAY_ERROR,issuer node degraded during mandate authorization,UPI_AUTOPAY,HDFC,28285.28,99.4,1,TRANSIENT_TECHNICAL
CARD_EXPIRED,Mandate card token expired; bank declined authorization,CARD_MANDATE,UTIB,33275.42,96.5,0,HARD_PERMANENT
STOLEN_CARD,stolen card hotlisted by issuer,CARD_MANDATE,UTIB,11954.35,96.5,0,HARD_PERMANENT
GATEWAY_ERROR,"payment gateway ne response nahi diya, timeout ho gaya",UPI_AUTOPAY,ICIC,1284.32,98.9,0,TRANSIENT_TECHNICAL
PURCHASE_ORDER_MISMATCH,purchase order aur invoice me antar hai,B2B_INVOICE,KKBK,31835.97,97.8,2,COMMERCIAL_DISPUTE
PAYMENT_METHOD_UNAVAILABLE,selected UPI method unavailable at checkout,MAGIC_CHECKOUT,SBIN,40513.25,78.2,1,BEHAVIORAL_DROPOFF
PAYMENT_METHOD_UNAVAILABLE,payment option show nahi ho raha tha,MAGIC_CHECKOUT,ICIC,33657.58,98.9,0,BEHAVIORAL_DROPOFF
TOKENIZATION_TIMEOUT,"tokenization service slow, mandate auth timed out",CARD_MANDATE,UTIB,6277.0,96.5,0,TRANSIENT_TECHNICAL
UPI_DAILY_LIMIT_EXCEEDED,"Customer reached daily UPI transaction limit of Rs.1,00,000",UPI_AUTOPAY,ICIC,6580.71,98.9,0,SOFT_FINANCIAL
STOLEN_CARD,"chori ka card report hua, block hai",CARD_MANDATE,UTIB,40504.28,96.5,1,HARD_PERMANENT
INSUFFICIENT_FUNDS,Declined by customer bank due to low balance,UPI_AUTOPAY,UTIB,2577.77,96.5,3,SOFT_FINANCIAL
FRAUD_DETECTED,"suspicious activity, fraud check fail",CARD_MANDATE,HDFC,29114.47,99.4,0,HARD_PERMANENT
CARD_EXPIRED,"card expiry ho gayi, naya card link karo",CARD_MANDATE,SBIN,9083.99,78.2,3,HARD_PERMANENT
GATEWAY_ERROR,issuer node degraded during mandate authorization,UPI_AUTOPAY,HDFC,14796.18,99.4,0,TRANSIENT_TECHNICAL
CHECKOUT_DROPPED_OFF,OTP verification timed out during checkout,MAGIC_CHECKOUT,KKBK,40951.85,97.8,0,BEHAVIORAL_DROPOFF
OTP_TIMEOUT,OTP verification timed out during checkout,MAGIC_CHECKOUT,HDFC,33029.4,99.4,3,TRANSIENT_TECHNICAL
INVOICE_OVERDUE_30_DAYS,Net-30 invoice crossed due date without payment reconciliation,B2B_INVOICE,ICIC,10784.22,98.9,1,COMMERCIAL_DISPUTE
CHECKOUT_DROPPED_OFF,Customer abandoned session at shipping/payment step,MAGIC_CHECKOUT,SBIN,14763.92,78.2,0,BEHAVIORAL_DROPOFF
INSUFFICIENT_FUNDS,Salary credit not yet posted; balance too low for auto-debit,UPI_AUTOPAY,ICIC,25105.85,98.9,0,SOFT_FINANCIAL
INVALID_VPA_PERMANENT,"galat UPI ID, ye VPA exist nahi karti",UPI_AUTOPAY,HDFC,22111.31,99.4,2,HARD_PERMANENT
PAYMENT_METHOD_UNAVAILABLE,payment option show nahi ho raha tha,MAGIC_CHECKOUT,SBIN,7437.13,78.2,1,BEHAVIORAL_DROPOFF
INVOICE_APPROVAL_PENDING,Invoice stuck in enterprise procurement approval workflow,B2B_INVOICE,HDFC,25782.33,99.4,0,COMMERCIAL_DISPUTE
INVALID_VPA_PERMANENT,"galat UPI ID, ye VPA exist nahi karti",UPI_AUTOPAY,KKBK,32253.71,97.8,0,HARD_PERMANENT
FRAUD_DETECTED,"suspicious activity, fraud check fail",CARD_MANDATE,KKBK,37153.96,97.8,3,HARD_PERMANENT
UPI_DAILY_LIMIT_EXCEEDED,"UPI daily cap khatam, kal retry karo",UPI_AUTOPAY,HDFC,8567.59,99.4,0,SOFT_FINANCIAL
PAYMENT_METHOD_UNAVAILABLE,selected UPI method unavailable at checkout,MAGIC_CHECKOUT,SBIN,2682.66,78.2,0,BEHAVIORAL_DROPOFF
PAYMENT_METHOD_UNAVAILABLE,payment option show nahi ho raha tha,MAGIC_CHECKOUT,HDFC,9797.04,99.4,2,BEHAVIORAL_DROPOFF
INVOICE_OVERDUE_30_DAYS,Net-30 invoice crossed due date without payment reconciliation,B2B_INVOICE,KKBK,42815.32,97.8,1,COMMERCIAL_DISPUTE
INSUFFICIENT_FUNDS,Salary credit not yet posted; balance too low for auto-debit,UPI_AUTOPAY,SBIN,1456.94,78.2,2,SOFT_FINANCIAL
CART_ABANDONED_SHIPPING_FRICTION,User exited after shipping charge calculated,MAGIC_CHECKOUT,ICIC,17990.9,98.9,3,BEHAVIORAL_DROPOFF
BANK_DEBIT_FAILED_TECHNICAL,Issuer node degradation during 02:00 AM auto-debit window,UPI_AUTOPAY,SBIN,1886.08,78.2,0,TRANSIENT_TECHNICAL
INVALID_VPA_PERMANENT,"galat UPI ID, ye VPA exist nahi karti",UPI_AUTOPAY,KKBK,36525.12,97.8,2,HARD_PERMANENT
PAYMENT_METHOD_UNAVAILABLE,payment option show nahi ho raha tha,MAGIC_CHECKOUT,ICIC,30824.84,98.9,2,BEHAVIORAL_DROPOFF
MANDATE_AMOUNT_EXCEEDS_CAP,"autopay cap se zyada amount, bank ne decline kiya",UPI_AUTOPAY,SBIN,10807.69,78.2,1,SOFT_FINANCIAL
NPCI_TIMEOUT,UPI switch response timed out after 30 seconds,UPI_AUTOPAY,HDFC,9248.59,99.4,0,TRANSIENT_TECHNICAL
INVOICE_APPROVAL_PENDING,Invoice stuck in enterprise procurement approval workflow,B2B_INVOICE,UTIB,29113.87,96.5,3,COMMERCIAL_DISPUTE
UPI_DAILY_LIMIT_EXCEEDED,"limit exceed, transaction declined by bank",UPI_AUTOPAY,ICIC,5103.85,98.9,0,SOFT_FINANCIAL
MANDATE_AMOUNT_EXCEEDS_CAP,"mandate amount exceeds NPCI cap of Rs.1,00,000",UPI_AUTOPAY,SBIN,39265.77,78.2,1,SOFT_FINANCIAL
CARD_EXPIRED,Mandate card token expired; bank declined authorization,CARD_MANDATE,SBIN,29002.09,78.2,0,HARD_PERMANENT
UPI_DAILY_LIMIT_EXCEEDED,"limit exceed, transaction declined by bank",UPI_AUTOPAY,ICIC,29947.24,98.9,0,SOFT_FINANCIAL
INVOICE_APPROVAL_PENDING,Invoice stuck in enterprise procurement approval workflow,B2B_INVOICE,UTIB,12617.13,96.5,3,COMMERCIAL_DISPUTE
STOLEN_CARD,stolen card hotlisted by issuer,CARD_MANDATE,HDFC,27620.8,99.4,0,HARD_PERMANENT
ACCOUNT_CLOSED,"account band ho gaya hai, retry bekar hai",UPI_AUTOPAY,UTIB,3901.7,96.5,2,HARD_PERMANENT
UPI_DAILY_LIMIT_EXCEEDED,"UPI daily cap khatam, kal retry karo",UPI_AUTOPAY,HDFC,27469.24,99.4,0,SOFT_FINANCIAL
CHECKOUT_DROPPED_OFF,user ne checkout beech me chhod diya,MAGIC_CHECKOUT,HDFC,28571.06,99.4,2,BEHAVIORAL_DROPOFF
CHECKOUT_DROPPED_OFF,Customer abandoned session at shipping/payment step,MAGIC_CHECKOUT,SBIN,7250.88,78.2,3,BEHAVIORAL_DROPOFF
PAYMENT_METHOD_UNAVAILABLE,payment option show nahi ho raha tha,MAGIC_CHECKOUT,UTIB,33918.91,96.5,0,BEHAVIORAL_DROPOFF
BANK_DEBIT_FAILED_TECHNICAL,Downstream bank gateway timeout during debit attempt,UPI_AUTOPAY,KKBK,34757.46,97.8,2,TRANSIENT_TECHNICAL
CARD_EXPIRED,Mandate card token expired; bank declined authorization,CARD_MANDATE,HDFC,17339.06,99.4,0,HARD_PERMANENT
CHECKOUT_DROPPED_OFF,Customer abandoned session at shipping/payment step,MAGIC_CHECKOUT,HDFC,5617.99,99.4,2,BEHAVIORAL_DROPOFF
BANK_DEBIT_FAILED_TECHNICAL,debit attempt failed due to issuer switch congestion,UPI_AUTOPAY,SBIN,32590.09,78.2,2,TRANSIENT_TECHNICAL
STOLEN_CARD,"chori ka card report hua, block hai",CARD_MANDATE,SBIN,9067.42,78.2,1,HARD_PERMANENT
GATEWAY_ERROR,504 Gateway Timeout from NPCI switch,UPI_AUTOPAY,ICIC,25819.97,98.9,1,TRANSIENT_TECHNICAL
NPCI_TIMEOUT,Card network switch response timed out,UPI_AUTOPAY,SBIN,24218.99,78.2,2,TRANSIENT_TECHNICAL
FRAUD_DETECTED,"suspicious activity, fraud check fail",CARD_MANDATE,ICIC,34993.64,98.9,0,HARD_PERMANENT
CHECKOUT_DROPPED_OFF,user ne checkout beech me chhod diya,MAGIC_CHECKOUT,SBIN,4699.65,78.2,0,BEHAVIORAL_DROPOFF
ACCOUNT_CLOSED,"account band ho gaya hai, retry bekar hai",UPI_AUTOPAY,KKBK,6498.52,97.8,0,HARD_PERMANENT
ACCOUNT_CLOSED,"account band ho gaya hai, retry bekar hai",UPI_AUTOPAY,SBIN,6924.89,78.2,0,HARD_PERMANENT
NPCI_TIMEOUT,UPI switch response timed out after 30 seconds,UPI_AUTOPAY,HDFC,37831.45,99.4,1,TRANSIENT_TECHNICAL
GATEWAY_ERROR,"downstream gateway error, retry after clearing window",UPI_AUTOPAY,ICIC,32526.25,98.9,3,TRANSIENT_TECHNICAL
CARD_EXPIRED,Mandate card token expired; bank declined authorization,CARD_MANDATE,SBIN,32261.88,78.2,1,HARD_PERMANENT
MANDATE_AMOUNT_EXCEEDS_CAP,"mandate amount exceeds NPCI cap of Rs.1,00,000",UPI_AUTOPAY,KKBK,22445.3,97.8,0,SOFT_FINANCIAL
CART_ABANDONED_SHIPPING_FRICTION,User exited after shipping charge calculated,MAGIC_CHECKOUT,UTIB,5514.65,96.5,0,BEHAVIORAL_DROPOFF
GATEWAY_ERROR,"payment gateway ne response nahi diya, timeout ho gaya",UPI_AUTOPAY,ICIC,24825.88,98.9,1,TRANSIENT_TECHNICAL
MANDATE_AMOUNT_EXCEEDS_CAP,"autopay cap se zyada amount, bank ne decline kiya",UPI_AUTOPAY,ICIC,34362.99,98.9,0,SOFT_FINANCIAL
GATEWAY_ERROR,504 Gateway Timeout from NPCI switch,UPI_AUTOPAY,ICIC,42379.71,98.9,2,TRANSIENT_TECHNICAL
CHECKOUT_DROPPED_OFF,Customer abandoned session at shipping/payment step,MAGIC_CHECKOUT,SBIN,44556.47,78.2,0,BEHAVIORAL_DROPOFF
OTP_TIMEOUT,OTP verification timed out during checkout,MAGIC_CHECKOUT,ICIC,27718.07,98.9,1,TRANSIENT_TECHNICAL
INSUFFICIENT_FUNDS,Mandate debit declined due to low card account balance,UPI_AUTOPAY,ICIC,2900.9,98.9,1,SOFT_FINANCIAL
BANK_DEBIT_FAILED_TECHNICAL,debit attempt failed due to issuer switch congestion,UPI_AUTOPAY,HDFC,19518.17,99.4,3,TRANSIENT_TECHNICAL
UPI_DAILY_LIMIT_EXCEEDED,"Customer reached daily UPI transaction limit of Rs.1,00,000",UPI_AUTOPAY,UTIB,10422.64,96.5,0,SOFT_FINANCIAL
INVOICE_APPROVAL_PENDING,Invoice stuck in enterprise procurement approval workflow,B2B_INVOICE,ICIC,14510.01,98.9,3,COMMERCIAL_DISPUTE
FRAUD_DETECTED,High-risk score flagged by issuer fraud detection switch,CARD_MANDATE,SBIN,31613.51,78.2,3,HARD_PERMANENT
INVOICE_APPROVAL_PENDING,Invoice stuck in enterprise procurement approval workflow,B2B_INVOICE,SBIN,2826.48,78.2,0,COMMERCIAL_DISPUTE
MANDATE_AMOUNT_EXCEEDS_CAP,"autopay cap se zyada amount, bank ne decline kiya",UPI_AUTOPAY,UTIB,25485.95,96.5,3,SOFT_FINANCIAL
PAYMENT_METHOD_UNAVAILABLE,payment option show nahi ho raha tha,MAGIC_CHECKOUT,UTIB,40208.2,96.5,0,BEHAVIORAL_DROPOFF
CARD_EXPIRED,"card expiry ho gayi, naya card link karo",CARD_MANDATE,UTIB,26637.1,96.5,3,HARD_PERMANENT
MANDATE_AMOUNT_EXCEEDS_CAP,"autopay cap se zyada amount, bank ne decline kiya",UPI_AUTOPAY,ICIC,19247.05,98.9,0,SOFT_FINANCIAL
INSUFFICIENT_FUNDS,"account me paise nahi hai, balance insufficient",UPI_AUTOPAY,UTIB,37902.57,96.5,0,SOFT_FINANCIAL
INVALID_VPA_PERMANENT,"galat UPI ID, ye VPA exist nahi karti",UPI_AUTOPAY,UTIB,321.4,96.5,0,HARD_PERMANENT
TOKENIZATION_TIMEOUT,card token vault timeout during authorization,CARD_MANDATE,HDFC,35917.0,99.4,1,TRANSIENT_TECHNICAL
CART_ABANDONED_SHIPPING_FRICTION,User exited after shipping charge calculated,MAGIC_CHECKOUT,SBIN,1392.74,78.2,2,BEHAVIORAL_DROPOFF
OTP_TIMEOUT,OTP verification timed out during checkout,MAGIC_CHECKOUT,HDFC,20329.24,99.4,0,TRANSIENT_TECHNICAL
CARD_EXPIRED,"card expiry ho gayi, naya card link karo",CARD_MANDATE,SBIN,19185.9,78.2,0,HARD_PERMANENT
TOKENIZATION_TIMEOUT,card token vault timeout during authorization,CARD_MANDATE,KKBK,4563.89,97.8,2,TRANSIENT_TECHNICAL
MANDATE_AMOUNT_EXCEEDS_CAP,"autopay cap se zyada amount, bank ne decline kiya",UPI_AUTOPAY,HDFC,6835.47,99.4,0,SOFT_FINANCIAL
CART_ABANDONED_SHIPPING_FRICTION,shipping fee dekh kar customer ne cart chhod diya,MAGIC_CHECKOUT,HDFC,20962.26,99.4,0,BEHAVIORAL_DROPOFF
STOLEN_CARD,stolen card hotlisted by issuer,CARD_MANDATE,UTIB,20492.2,96.5,0,HARD_PERMANENT
BANK_DEBIT_FAILED_TECHNICAL,debit attempt failed due to issuer switch congestion,UPI_AUTOPAY,SBIN,15079.17,78.2,0,TRANSIENT_TECHNICAL
INVOICE_APPROVAL_PENDING,procurement team se approval pending hai,B2B_INVOICE,KKBK,42934.11,97.8,1,COMMERCIAL_DISPUTE
INVOICE_APPROVAL_PENDING,Invoice stuck in enterprise procurement approval workflow,B2B_INVOICE,UTIB,8038.31,96.5,2,COMMERCIAL_DISPUTE
GATEWAY_ERROR,504 Gateway Timeout from NPCI switch,UPI_AUTOPAY,HDFC,25517.44,99.4,0,TRANSIENT_TECHNICAL
MANDATE_AMOUNT_EXCEEDS_CAP,"autopay cap se zyada amount, bank ne decline kiya",UPI_AUTOPAY,UTIB,19280.12,96.5,1,SOFT_FINANCIAL
INVALID_VPA_PERMANENT,"galat UPI ID, ye VPA exist nahi karti",UPI_AUTOPAY,HDFC,9363.58,99.4,1,HARD_PERMANENT
ACCOUNT_CLOSED,"account band ho gaya hai, retry bekar hai",UPI_AUTOPAY,SBIN,44989.19,78.2,3,HARD_PERMANENT
GATEWAY_ERROR,"payment gateway ne response nahi diya, timeout ho gaya",UPI_AUTOPAY,SBIN,37051.65,78.2,1,TRANSIENT_TECHNICAL
INVALID_VPA_PERMANENT,"galat UPI ID, ye VPA exist nahi karti",UPI_AUTOPAY,UTIB,19768.47,96.5,0,HARD_PERMANENT
CARD_EXPIRED,"card expiry ho gayi, naya card link karo",CARD_MANDATE,KKBK,3069.6,97.8,0,HARD_PERMANENT
CHECKOUT_DROPPED_OFF,OTP verification timed out during checkout,MAGIC_CHECKOUT,UTIB,1049.35,96.5,0,BEHAVIORAL_DROPOFF
INVALID_VPA_PERMANENT,"galat UPI ID, ye VPA exist nahi karti",UPI_AUTOPAY,UTIB,19264.67,96.5,0,HARD_PERMANENT
INVOICE_OVERDUE_30_DAYS,Net-30 invoice crossed due date without payment reconciliation,B2B_INVOICE,HDFC,35820.43,99.4,0,COMMERCIAL_DISPUTE
PAYMENT_METHOD_UNAVAILABLE,payment option show nahi ho raha tha,MAGIC_CHECKOUT,UTIB,5768.81,96.5,0,BEHAVIORAL_DROPOFF
BANK_DEBIT_FAILED_TECHNICAL,Downstream bank gateway timeout during debit attempt,UPI_AUTOPAY,ICIC,26432.88,98.9,1,TRANSIENT_TECHNICAL
TOKENIZATION_TIMEOUT,card token vault timeout during authorization,CARD_MANDATE,KKBK,34126.23,97.8,3,TRANSIENT_TECHNICAL
INVALID_VPA_PERMANENT,"VPA does not exist, invalid payee address",UPI_AUTOPAY,ICIC,11367.46,98.9,2,HARD_PERMANENT
CARD_EXPIRED,"card expiry ho gayi, naya card link karo",CARD_MANDATE,SBIN,2093.94,78.2,1,HARD_PERMANENT
STOLEN_CARD,stolen card hotlisted by issuer,CARD_MANDATE,KKBK,13533.07,97.8,3,HARD_PERMANENT
PURCHASE_ORDER_MISMATCH,purchase order aur invoice me antar hai,B2B_INVOICE,KKBK,23907.15,97.8,1,COMMERCIAL_DISPUTE
INSUFFICIENT_FUNDS,Declined by customer bank due to low balance,UPI_AUTOPAY,SBIN,20952.96,78.2,1,SOFT_FINANCIAL
CART_ABANDONED_SHIPPING_FRICTION,shipping fee dekh kar customer ne cart chhod diya,MAGIC_CHECKOUT,UTIB,27213.42,96.5,2,BEHAVIORAL_DROPOFF
INVOICE_APPROVAL_PENDING,Invoice stuck in enterprise procurement approval workflow,B2B_INVOICE,UTIB,40881.7,96.5,0,COMMERCIAL_DISPUTE
CHECKOUT_DROPPED_OFF,Customer abandoned session at shipping/payment step,MAGIC_CHECKOUT,UTIB,13041.43,96.5,0,BEHAVIORAL_DROPOFF
PURCHASE_ORDER_MISMATCH,purchase order aur invoice me antar hai,B2B_INVOICE,KKBK,12123.87,97.8,0,COMMERCIAL_DISPUTE
FRAUD_DETECTED,"suspicious activity, fraud check fail",CARD_MANDATE,UTIB,8398.27,96.5,2,HARD_PERMANENT
STOLEN_CARD,"chori ka card report hua, block hai",CARD_MANDATE,KKBK,25666.69,97.8,0,HARD_PERMANENT
PAYMENT_METHOD_UNAVAILABLE,selected UPI method unavailable at checkout,MAGIC_CHECKOUT,HDFC,32074.32,99.4,0,BEHAVIORAL_DROPOFF
FRAUD_DETECTED,"suspicious activity, fraud check fail",CARD_MANDATE,SBIN,1377.58,78.2,1,HARD_PERMANENT
BANK_DEBIT_FAILED_TECHNICAL,debit attempt failed due to issuer switch congestion,UPI_AUTOPAY,KKBK,38022.28,97.8,0,TRANSIENT_TECHNICAL
CARD_EXPIRED,"card expiry ho gayi, naya card link karo",CARD_MANDATE,HDFC,37877.87,99.4,2,HARD_PERMANENT
ACCOUNT_CLOSED,"account band ho gaya hai, retry bekar hai",UPI_AUTOPAY,HDFC,38262.8,99.4,1,HARD_PERMANENT
CARD_EXPIRED,Mandate card token expired; bank declined authorization,CARD_MANDATE,ICIC,30858.39,98.9,3,HARD_PERMANENT
UPI_DAILY_LIMIT_EXCEEDED,"limit exceed, transaction declined by bank",UPI_AUTOPAY,KKBK,22799.17,97.8,3,SOFT_FINANCIAL
UPI_DAILY_LIMIT_EXCEEDED,"UPI daily cap khatam, kal retry karo",UPI_AUTOPAY,SBIN,40405.52,78.2,0,SOFT_FINANCIAL
PAYMENT_METHOD_UNAVAILABLE,selected UPI method unavailable at checkout,MAGIC_CHECKOUT,KKBK,22763.0,97.8,1,BEHAVIORAL_DROPOFF
INVOICE_APPROVAL_PENDING,Invoice stuck in enterprise procurement approval workflow,B2B_INVOICE,HDFC,43678.74,99.4,1,COMMERCIAL_DISPUTE
INVALID_VPA_PERMANENT,"galat UPI ID, ye VPA exist nahi karti",UPI_AUTOPAY,KKBK,6392.32,97.8,3,HARD_PERMANENT
CART_ABANDONED_SHIPPING_FRICTION,shipping fee dekh kar customer ne cart chhod diya,MAGIC_CHECKOUT,ICIC,23582.72,98.9,2,BEHAVIORAL_DROPOFF
INSUFFICIENT_FUNDS,Mandate debit declined due to low card account balance,UPI_AUTOPAY,KKBK,16945.58,97.8,0,SOFT_FINANCIAL
TOKENIZATION_TIMEOUT,card token vault timeout during authorization,CARD_MANDATE,HDFC,36571.6,99.4,0,TRANSIENT_TECHNICAL
TOKENIZATION_TIMEOUT,card token vault timeout during authorization,CARD_MANDATE,UTIB,21448.46,96.5,1,TRANSIENT_TECHNICAL
CARD_EXPIRED,Mandate card token expired; bank declined authorization,CARD_MANDATE,SBIN,17234.58,78.2,0,HARD_PERMANENT
INVOICE_APPROVAL_PENDING,procurement team se approval pending hai,B2B_INVOICE,HDFC,34454.27,99.4,2,COMMERCIAL_DISPUTE
CARD_EXPIRED,Mandate card token expired; bank declined authorization,CARD_MANDATE,KKBK,40116.24,97.8,2,HARD_PERMANENT
UPI_DAILY_LIMIT_EXCEEDED,"UPI daily cap khatam, kal retry karo",UPI_AUTOPAY,SBIN,27075.2,78.2,1,SOFT_FINANCIAL
TOKENIZATION_TIMEOUT,card token vault timeout during authorization,CARD_MANDATE,UTIB,32733.73,96.5,1,TRANSIENT_TECHNICAL
UPI_DAILY_LIMIT_EXCEEDED,"limit exceed, transaction declined by bank",UPI_AUTOPAY,UTIB,29973.0,96.5,0,SOFT_FINANCIAL
INVALID_VPA_PERMANENT,"VPA does not exist, invalid payee address",UPI_AUTOPAY,KKBK,16087.28,97.8,2,HARD_PERMANENT
CART_ABANDONED_SHIPPING_FRICTION,shipping fee dekh kar customer ne cart chhod diya,MAGIC_CHECKOUT,HDFC,35597.01,99.4,1,BEHAVIORAL_DROPOFF
CART_ABANDONED_SHIPPING_FRICTION,shipping fee dekh kar customer ne cart chhod diya,MAGIC_CHECKOUT,UTIB,2171.19,96.5,1,BEHAVIORAL_DROPOFF
INSUFFICIENT_FUNDS,Salary credit not yet posted; balance too low for auto-debit,UPI_AUTOPAY,UTIB,12927.75,96.5,3,SOFT_FINANCIAL
TOKENIZATION_TIMEOUT,card token vault timeout during authorization,CARD_MANDATE,ICIC,32584.09,98.9,0,TRANSIENT_TECHNICAL
CART_ABANDONED_SHIPPING_FRICTION,shipping fee dekh kar customer ne cart chhod diya,MAGIC_CHECKOUT,KKBK,35944.11,97.8,3,BEHAVIORAL_DROPOFF
NPCI_TIMEOUT,UPI switch response timed out after 30 seconds,UPI_AUTOPAY,ICIC,28871.58,98.9,1,TRANSIENT_TECHNICAL
OTP_TIMEOUT,"customer ne OTP time par enter nahi kiya, session expire",MAGIC_CHECKOUT,KKBK,17058.27,97.8,1,TRANSIENT_TECHNICAL
INSUFFICIENT_FUNDS,"account me paise nahi hai, balance insufficient",UPI_AUTOPAY,KKBK,19432.44,97.8,0,SOFT_FINANCIAL
PAYMENT_METHOD_UNAVAILABLE,payment option show nahi ho raha tha,MAGIC_CHECKOUT,SBIN,3100.31,78.2,0,BEHAVIORAL_DROPOFF
CHECKOUT_DROPPED_OFF,OTP verification timed out during checkout,MAGIC_CHECKOUT,ICIC,4778.1,98.9,0,BEHAVIORAL_DROPOFF
FRAUD_DETECTED,"suspicious activity, fraud check fail",CARD_MANDATE,KKBK,34249.97,97.8,3,HARD_PERMANENT
OTP_TIMEOUT,"customer ne OTP time par enter nahi kiya, session expire",MAGIC_CHECKOUT,KKBK,24692.24,97.8,0,TRANSIENT_TECHNICAL
STOLEN_CARD,stolen card hotlisted by issuer,CARD_MANDATE,ICIC,24150.6,98.9,1,HARD_PERMANENT
STOLEN_CARD,stolen card hotlisted by issuer,CARD_MANDATE,KKBK,2039.78,97.8,1,HARD_PERMANENT
CHECKOUT_DROPPED_OFF,user ne checkout beech me chhod diya,MAGIC_CHECKOUT,UTIB,21682.14,96.5,3,BEHAVIORAL_DROPOFF
STOLEN_CARD,"chori ka card report hua, block hai",CARD_MANDATE,KKBK,25993.19,97.8,1,HARD_PERMANENT
ACCOUNT_CLOSED,"customer account closed, debit returned",UPI_AUTOPAY,HDFC,13634.81,99.4,0,HARD_PERMANENT
CART_ABANDONED_SHIPPING_FRICTION,User exited after shipping charge calculated,MAGIC_CHECKOUT,ICIC,29820.58,98.9,1,BEHAVIORAL_DROPOFF
FRAUD_DETECTED,High-risk score flagged by issuer fraud detection switch,CARD_MANDATE,UTIB,5035.74,96.5,0,HARD_PERMANENT
PURCHASE_ORDER_MISMATCH,purchase order aur invoice me antar hai,B2B_INVOICE,HDFC,15508.8,99.4,0,COMMERCIAL_DISPUTE
BANK_DEBIT_FAILED_TECHNICAL,"bank server busy, auto-debit fail ho gaya technical issue se",UPI_AUTOPAY,ICIC,25121.52,98.9,0,TRANSIENT_TECHNICAL
NPCI_TIMEOUT,Card network switch response timed out,UPI_AUTOPAY,HDFC,40968.35,99.4,0,TRANSIENT_TECHNICAL
INVALID_VPA_PERMANENT,"galat UPI ID, ye VPA exist nahi karti",UPI_AUTOPAY,UTIB,6679.22,96.5,0,HARD_PERMANENT
CART_ABANDONED_SHIPPING_FRICTION,shipping fee dekh kar customer ne cart chhod diya,MAGIC_CHECKOUT,ICIC,29332.45,98.9,3,BEHAVIORAL_DROPOFF
GATEWAY_ERROR,"downstream gateway error, retry after clearing window",UPI_AUTOPAY,ICIC,1464.85,98.9,1,TRANSIENT_TECHNICAL
OTP_TIMEOUT,"customer ne OTP time par enter nahi kiya, session expire",MAGIC_CHECKOUT,HDFC,21257.54,99.4,2,TRANSIENT_TECHNICAL
PURCHASE_ORDER_MISMATCH,"PO amount mismatch, reconciliation on hold",B2B_INVOICE,KKBK,5878.75,97.8,0,COMMERCIAL_DISPUTE
TOKENIZATION_TIMEOUT,card token vault timeout during authorization,CARD_MANDATE,KKBK,24438.21,97.8,2,TRANSIENT_TECHNICAL
ACCOUNT_CLOSED,"account band ho gaya hai, retry bekar hai",UPI_AUTOPAY,UTIB,37532.92,96.5,0,HARD_PERMANENT
CART_ABANDONED_SHIPPING_FRICTION,shipping fee dekh kar customer ne cart chhod diya,MAGIC_CHECKOUT,HDFC,20039.17,99.4,1,BEHAVIORAL_DROPOFF
STOLEN_CARD,stolen card hotlisted by issuer,CARD_MANDATE,SBIN,37819.95,78.2,1,HARD_PERMANENT
FRAUD_DETECTED,"suspicious activity, fraud check fail",CARD_MANDATE,UTIB,42633.83,96.5,1,HARD_PERMANENT
OTP_TIMEOUT,OTP verification timed out during checkout,MAGIC_CHECKOUT,KKBK,17932.47,97.8,1,TRANSIENT_TECHNICAL
TOKENIZATION_TIMEOUT,"tokenization service slow, mandate auth timed out",CARD_MANDATE,ICIC,41877.81,98.9,1,TRANSIENT_TECHNICAL
UPI_DAILY_LIMIT_EXCEEDED,"UPI daily cap khatam, kal retry karo",UPI_AUTOPAY,HDFC,14863.56,99.4,1,SOFT_FINANCIAL
INVALID_VPA_PERMANENT,"galat UPI ID, ye VPA exist nahi karti",UPI_AUTOPAY,HDFC,5156.05,99.4,1,HARD_PERMANENT
CHECKOUT_DROPPED_OFF,OTP verification timed out during checkout,MAGIC_CHECKOUT,KKBK,30642.31,97.8,0,BEHAVIORAL_DROPOFF
PURCHASE_ORDER_MISMATCH,purchase order aur invoice me antar hai,B2B_INVOICE,SBIN,31424.89,78.2,1,COMMERCIAL_DISPUTE
BANK_DEBIT_FAILED_TECHNICAL,"bank server busy, auto-debit fail ho gaya technical issue se",UPI_AUTOPAY,HDFC,3352.26,99.4,0,TRANSIENT_TECHNICAL
OTP_TIMEOUT,OTP verification timed out during checkout,MAGIC_CHECKOUT,SBIN,37496.91,78.2,1,TRANSIENT_TECHNICAL
TOKENIZATION_TIMEOUT,"tokenization service slow, mandate auth timed out",CARD_MANDATE,SBIN,19071.37,78.2,0,TRANSIENT_TECHNICAL
OTP_TIMEOUT,OTP verification timed out during checkout,MAGIC_CHECKOUT,HDFC,23256.63,99.4,0,TRANSIENT_TECHNICAL
INVOICE_OVERDUE_30_DAYS,"30 din se payment pending, accounts se approval nahi aaya",B2B_INVOICE,KKBK,2699.4,97.8,1,COMMERCIAL_DISPUTE
ACCOUNT_CLOSED,"customer account closed, debit returned",UPI_AUTOPAY,HDFC,26816.05,99.4,2,HARD_PERMANENT
UPI_DAILY_LIMIT_EXCEEDED,"UPI daily cap khatam, kal retry karo",UPI_AUTOPAY,SBIN,13581.66,78.2,1,SOFT_FINANCIAL
INVALID_VPA_PERMANENT,"VPA does not exist, invalid payee address",UPI_AUTOPAY,HDFC,13339.91,99.4,1,HARD_PERMANENT
NPCI_TIMEOUT,"NPCI timeout, bank se confirmation nahi aaya",UPI_AUTOPAY,ICIC,35390.95,98.9,2,TRANSIENT_TECHNICAL
TOKENIZATION_TIMEOUT,"tokenization service slow, mandate auth timed out",CARD_MANDATE,UTIB,22487.65,96.5,0,TRANSIENT_TECHNICAL
INVOICE_OVERDUE_30_DAYS,"30 din se payment pending, accounts se approval nahi aaya",B2B_INVOICE,ICIC,7449.11,98.9,3,COMMERCIAL_DISPUTE
INVOICE_APPROVAL_PENDING,procurement team se approval pending hai,B2B_INVOICE,UTIB,38959.86,96.5,1,COMMERCIAL_DISPUTE
PAYMENT_METHOD_UNAVAILABLE,payment option show nahi ho raha tha,MAGIC_CHECKOUT,KKBK,40182.26,97.8,1,BEHAVIORAL_DROPOFF
PAYMENT_METHOD_UNAVAILABLE,payment option show nahi ho raha tha,MAGIC_CHECKOUT,ICIC,43421.12,98.9,0,BEHAVIORAL_DROPOFF
STOLEN_CARD,stolen card hotlisted by issuer,CARD_MANDATE,UTIB,6061.47,96.5,3,HARD_PERMANENT
MANDATE_AMOUNT_EXCEEDS_CAP,"autopay cap se zyada amount, bank ne decline kiya",UPI_AUTOPAY,UTIB,39439.55,96.5,3,SOFT_FINANCIAL
CHECKOUT_DROPPED_OFF,OTP verification timed out during checkout,MAGIC_CHECKOUT,SBIN,34714.8,78.2,0,BEHAVIORAL_DROPOFF
INVOICE_APPROVAL_PENDING,Invoice stuck in enterprise procurement approval workflow,B2B_INVOICE,HDFC,17962.17,99.4,0,COMMERCIAL_DISPUTE
MANDATE_AMOUNT_EXCEEDS_CAP,"mandate amount exceeds NPCI cap of Rs.1,00,000",UPI_AUTOPAY,HDFC,609.2,99.4,2,SOFT_FINANCIAL
OTP_TIMEOUT,OTP verification timed out during checkout,MAGIC_CHECKOUT,SBIN,5504.08,78.2,0,TRANSIENT_TECHNICAL
INVOICE_APPROVAL_PENDING,Invoice stuck in enterprise procurement approval workflow,B2B_INVOICE,UTIB,19381.98,96.5,1,COMMERCIAL_DISPUTE
PURCHASE_ORDER_MISMATCH,purchase order aur invoice me antar hai,B2B_INVOICE,UTIB,6217.41,96.5,0,COMMERCIAL_DISPUTE
CARD_EXPIRED,"card expiry ho gayi, naya card link karo",CARD_MANDATE,HDFC,4842.91,99.4,0,HARD_PERMANENT
INVALID_VPA_PERMANENT,"VPA does not exist, invalid payee address",UPI_AUTOPAY,HDFC,16887.79,99.4,3,HARD_PERMANENT
STOLEN_CARD,"chori ka card report hua, block hai",CARD_MANDATE,KKBK,35900.11,97.8,2,HARD_PERMANENT
NPCI_TIMEOUT,UPI switch response timed out after 30 seconds,UPI_AUTOPAY,HDFC,34269.84,99.4,1,TRANSIENT_TECHNICAL
ACCOUNT_CLOSED,"customer account closed, debit returned",UPI_AUTOPAY,UTIB,26578.27,96.5,1,HARD_PERMANENT
PURCHASE_ORDER_MISMATCH,purchase order aur invoice me antar hai,B2B_INVOICE,KKBK,5926.9,97.8,3,COMMERCIAL_DISPUTE
CARD_EXPIRED,Mandate card token expired; bank declined authorization,CARD_MANDATE,KKBK,26879.09,97.8,0,HARD_PERMANENT
PAYMENT_METHOD_UNAVAILABLE,selected UPI method unavailable at checkout,MAGIC_CHECKOUT,ICIC,20185.41,98.9,2,BEHAVIORAL_DROPOFF
OTP_TIMEOUT,"customer ne OTP time par enter nahi kiya, session expire",MAGIC_CHECKOUT,SBIN,28808.65,78.2,1,TRANSIENT_TECHNICAL
CARD_EXPIRED,Mandate card token expired; bank declined authorization,CARD_MANDATE,HDFC,41394.49,99.4,0,HARD_PERMANENT
GATEWAY_ERROR,"downstream gateway error, retry after clearing window",UPI_AUTOPAY,SBIN,33146.36,78.2,1,TRANSIENT_TECHNICAL
INVOICE_OVERDUE_30_DAYS,Net-30 invoice crossed due date without payment reconciliation,B2B_INVOICE,UTIB,15687.57,96.5,1,COMMERCIAL_DISPUTE
NPCI_TIMEOUT,"NPCI timeout, bank se confirmation nahi aaya",UPI_AUTOPAY,HDFC,20861.41,99.4,0,TRANSIENT_TECHNICAL
FRAUD_DETECTED,"suspicious activity, fraud check fail",CARD_MANDATE,ICIC,42669.81,98.9,0,HARD_PERMANENT
INVOICE_APPROVAL_PENDING,Invoice stuck in enterprise procurement approval workflow,B2B_INVOICE,HDFC,30294.03,99.4,2,COMMERCIAL_DISPUTE
INSUFFICIENT_FUNDS,"account me paise nahi hai, balance insufficient",UPI_AUTOPAY,ICIC,16418.27,98.9,3,SOFT_FINANCIAL
INVALID_VPA_PERMANENT,"VPA does not exist, invalid payee address",UPI_AUTOPAY,HDFC,30476.44,99.4,1,HARD_PERMANENT
INVALID_VPA_PERMANENT,"galat UPI ID, ye VPA exist nahi karti",UPI_AUTOPAY,ICIC,12976.56,98.9,1,HARD_PERMANENT
INVOICE_OVERDUE_30_DAYS,Net-30 invoice crossed due date without payment reconciliation,B2B_INVOICE,SBIN,38078.69,78.2,0,COMMERCIAL_DISPUTE
CART_ABANDONED_SHIPPING_FRICTION,User exited after shipping charge calculated,MAGIC_CHECKOUT,SBIN,7105.69,78.2,2,BEHAVIORAL_DROPOFF
PAYMENT_METHOD_UNAVAILABLE,payment option show nahi ho raha tha,MAGIC_CHECKOUT,KKBK,27741.61,97.8,2,BEHAVIORAL_DROPOFF
PURCHASE_ORDER_MISMATCH,"PO amount mismatch, reconciliation on hold",B2B_INVOICE,UTIB,19839.24,96.5,3,COMMERCIAL_DISPUTE
NPCI_TIMEOUT,UPI switch response timed out after 30 seconds,UPI_AUTOPAY,SBIN,29969.18,78.2,2,TRANSIENT_TECHNICAL
FRAUD_DETECTED,"suspicious activity, fraud check fail",CARD_MANDATE,SBIN,1574.62,78.2,3,HARD_PERMANENT
TOKENIZATION_TIMEOUT,"tokenization service slow, mandate auth timed out",CARD_MANDATE,SBIN,36920.04,78.2,1,TRANSIENT_TECHNICAL
MANDATE_AMOUNT_EXCEEDS_CAP,"mandate amount exceeds NPCI cap of Rs.1,00,000",UPI_AUTOPAY,KKBK,2921.92,97.8,3,SOFT_FINANCIAL
CARD_EXPIRED,"card expiry ho gayi, naya card link karo",CARD_MANDATE,SBIN,37236.06,78.2,0,HARD_PERMANENT
INVOICE_OVERDUE_30_DAYS,Net-30 invoice crossed due date without payment reconciliation,B2B_INVOICE,HDFC,17519.65,99.4,3,COMMERCIAL_DISPUTE
INSUFFICIENT_FUNDS,"account me paise nahi hai, balance insufficient",UPI_AUTOPAY,KKBK,22735.75,97.8,0,SOFT_FINANCIAL
INVALID_VPA_PERMANENT,"VPA does not exist, invalid payee address",UPI_AUTOPAY,ICIC,38179.96,98.9,0,HARD_PERMANENT
ACCOUNT_CLOSED,"customer account closed, debit returned",UPI_AUTOPAY,HDFC,23258.17,99.4,2,HARD_PERMANENT
NPCI_TIMEOUT,Card network switch response timed out,UPI_AUTOPAY,UTIB,22830.52,96.5,1,TRANSIENT_TECHNICAL
CARD_EXPIRED,"card expiry ho gayi, naya card link karo",CARD_MANDATE,ICIC,44502.65,98.9,0,HARD_PERMANENT
INVALID_VPA_PERMANENT,"galat UPI ID, ye VPA exist nahi karti",UPI_AUTOPAY,ICIC,11921.31,98.9,1,HARD_PERMANENT
BANK_DEBIT_FAILED_TECHNICAL,Issuer node degradation during 02:00 AM auto-debit window,UPI_AUTOPAY,KKBK,39579.45,97.8,2,TRANSIENT_TECHNICAL
CARD_EXPIRED,"card expiry ho gayi, naya card link karo",CARD_MANDATE,KKBK,27955.06,97.8,1,HARD_PERMANENT
TOKENIZATION_TIMEOUT,card token vault timeout during authorization,CARD_MANDATE,HDFC,28951.7,99.4,2,TRANSIENT_TECHNICAL
INVOICE_OVERDUE_30_DAYS,Net-30 invoice crossed due date without payment reconciliation,B2B_INVOICE,KKBK,5724.43,97.8,1,COMMERCIAL_DISPUTE
PAYMENT_METHOD_UNAVAILABLE,payment option show nahi ho raha tha,MAGIC_CHECKOUT,KKBK,33143.02,97.8,3,BEHAVIORAL_DROPOFF
UPI_DAILY_LIMIT_EXCEEDED,"limit exceed, transaction declined by bank",UPI_AUTOPAY,UTIB,44470.09,96.5,1,SOFT_FINANCIAL
STOLEN_CARD,stolen card hotlisted by issuer,CARD_MANDATE,KKBK,2928.32,97.8,0,HARD_PERMANENT
PURCHASE_ORDER_MISMATCH,"PO amount mismatch, reconciliation on hold",B2B_INVOICE,UTIB,4887.61,96.5,3,COMMERCIAL_DISPUTE
PAYMENT_METHOD_UNAVAILABLE,selected UPI method unavailable at checkout,MAGIC_CHECKOUT,ICIC,17081.91,98.9,0,BEHAVIORAL_DROPOFF
CARD_EXPIRED,"card expiry ho gayi, naya card link karo",CARD_MANDATE,ICIC,8040.5,98.9,0,HARD_PERMANENT
GATEWAY_ERROR,issuer node degraded during mandate authorization,UPI_AUTOPAY,KKBK,20338.41,97.8,1,TRANSIENT_TECHNICAL
INSUFFICIENT_FUNDS,Salary credit not yet posted; balance too low for auto-debit,UPI_AUTOPAY,KKBK,35697.02,97.8,0,SOFT_FINANCIAL
CART_ABANDONED_SHIPPING_FRICTION,shipping fee dekh kar customer ne cart chhod diya,MAGIC_CHECKOUT,HDFC,17756.39,99.4,3,BEHAVIORAL_DROPOFF
FRAUD_DETECTED,High-risk score flagged by issuer fraud detection switch,CARD_MANDATE,SBIN,23364.75,78.2,1,HARD_PERMANENT
BANK_DEBIT_FAILED_TECHNICAL,Issuer node degradation during 02:00 AM auto-debit window,UPI_AUTOPAY,SBIN,6726.76,78.2,0,TRANSIENT_TECHNICAL
CART_ABANDONED_SHIPPING_FRICTION,User exited after shipping charge calculated,MAGIC_CHECKOUT,SBIN,10504.1,78.2,0,BEHAVIORAL_DROPOFF
ACCOUNT_CLOSED,"customer account closed, debit returned",UPI_AUTOPAY,KKBK,17489.49,97.8,1,HARD_PERMANENT
NPCI_TIMEOUT,UPI switch response timed out after 30 seconds,UPI_AUTOPAY,HDFC,40969.74,99.4,1,TRANSIENT_TECHNICAL
TOKENIZATION_TIMEOUT,"tokenization service slow, mandate auth timed out",CARD_MANDATE,UTIB,5651.4,96.5,1,TRANSIENT_TECHNICAL
CARD_EXPIRED,"card expiry ho gayi, naya card link karo",CARD_MANDATE,SBIN,16895.05,78.2,3,HARD_PERMANENT
CARD_EXPIRED,"card expiry ho gayi, naya card link karo",CARD_MANDATE,HDFC,41293.58,99.4,0,HARD_PERMANENT
TOKENIZATION_TIMEOUT,"tokenization service slow, mandate auth timed out",CARD_MANDATE,ICIC,29314.08,98.9,2,TRANSIENT_TECHNICAL
CARD_EXPIRED,Mandate card token expired; bank declined authorization,CARD_MANDATE,UTIB,12580.36,96.5,3,HARD_PERMANENT
TOKENIZATION_TIMEOUT,card token vault timeout during authorization,CARD_MANDATE,SBIN,14305.13,78.2,1,TRANSIENT_TECHNICAL
UPI_DAILY_LIMIT_EXCEEDED,"UPI daily cap khatam, kal retry karo",UPI_AUTOPAY,HDFC,1761.18,99.4,0,SOFT_FINANCIAL
ACCOUNT_CLOSED,"account band ho gaya hai, retry bekar hai",UPI_AUTOPAY,UTIB,41236.68,96.5,0,HARD_PERMANENT
MANDATE_AMOUNT_EXCEEDS_CAP,"autopay cap se zyada amount, bank ne decline kiya",UPI_AUTOPAY,ICIC,42871.81,98.9,1,SOFT_FINANCIAL
NPCI_TIMEOUT,Card network switch response timed out,UPI_AUTOPAY,HDFC,15046.38,99.4,2,TRANSIENT_TECHNICAL
BANK_DEBIT_FAILED_TECHNICAL,debit attempt failed due to issuer switch congestion,UPI_AUTOPAY,UTIB,43765.47,96.5,2,TRANSIENT_TECHNICAL
NPCI_TIMEOUT,Card network switch response timed out,UPI_AUTOPAY,ICIC,4321.93,98.9,0,TRANSIENT_TECHNICAL
NPCI_TIMEOUT,Card network switch response timed out,UPI_AUTOPAY,ICIC,39064.03,98.9,2,TRANSIENT_TECHNICAL
CARD_EXPIRED,Mandate card token expired; bank declined authorization,CARD_MANDATE,ICIC,270.04,98.9,1,HARD_PERMANENT
TOKENIZATION_TIMEOUT,"tokenization service slow, mandate auth timed out",CARD_MANDATE,HDFC,18066.68,99.4,3,TRANSIENT_TECHNICAL
UPI_DAILY_LIMIT_EXCEEDED,"UPI daily cap khatam, kal retry karo",UPI_AUTOPAY,KKBK,21230.1,97.8,1,SOFT_FINANCIAL
ACCOUNT_CLOSED,"account band ho gaya hai, retry bekar hai",UPI_AUTOPAY,KKBK,34257.11,97.8,1,HARD_PERMANENT
OTP_TIMEOUT,OTP verification timed out during checkout,MAGIC_CHECKOUT,ICIC,25017.01,98.9,1,TRANSIENT_TECHNICAL
TOKENIZATION_TIMEOUT,"tokenization service slow, mandate auth timed out",CARD_MANDATE,SBIN,17600.35,78.2,1,TRANSIENT_TECHNICAL
ACCOUNT_CLOSED,"customer account closed, debit returned",UPI_AUTOPAY,KKBK,19617.95,97.8,1,HARD_PERMANENT
STOLEN_CARD,stolen card hotlisted by issuer,CARD_MANDATE,UTIB,23904.94,96.5,2,HARD_PERMANENT
PURCHASE_ORDER_MISMATCH,"PO amount mismatch, reconciliation on hold",B2B_INVOICE,ICIC,1571.47,98.9,3,COMMERCIAL_DISPUTE
UPI_DAILY_LIMIT_EXCEEDED,"UPI daily cap khatam, kal retry karo",UPI_AUTOPAY,SBIN,16462.72,78.2,3,SOFT_FINANCIAL
CARD_EXPIRED,"card expiry ho gayi, naya card link karo",CARD_MANDATE,UTIB,1246.16,96.5,1,HARD_PERMANENT
INSUFFICIENT_FUNDS,Salary credit not yet posted; balance too low for auto-debit,UPI_AUTOPAY,HDFC,42458.35,99.4,0,SOFT_FINANCIAL
OTP_TIMEOUT,"customer ne OTP time par enter nahi kiya, session expire",MAGIC_CHECKOUT,UTIB,38247.15,96.5,2,TRANSIENT_TECHNICAL
STOLEN_CARD,stolen card hotlisted by issuer,CARD_MANDATE,UTIB,857.24,96.5,0,HARD_PERMANENT
TOKENIZATION_TIMEOUT,card token vault timeout during authorization,CARD_MANDATE,KKBK,16710.13,97.8,0,TRANSIENT_TECHNICAL
CARD_EXPIRED,"card expiry ho gayi, naya card link karo",CARD_MANDATE,ICIC,15234.86,98.9,0,HARD_PERMANENT
CART_ABANDONED_SHIPPING_FRICTION,shipping fee dekh kar customer ne cart chhod diya,MAGIC_CHECKOUT,UTIB,20669.39,96.5,2,BEHAVIORAL_DROPOFF
CARD_EXPIRED,Mandate card token expired; bank declined authorization,CARD_MANDATE,UTIB,13495.84,96.5,1,HARD_PERMANENT
FRAUD_DETECTED,High-risk score flagged by issuer fraud detection switch,CARD_MANDATE,HDFC,24472.66,99.4,3,HARD_PERMANENT
TOKENIZATION_TIMEOUT,card token vault timeout during authorization,CARD_MANDATE,ICIC,4316.3,98.9,2,TRANSIENT_TECHNICAL
UPI_DAILY_LIMIT_EXCEEDED,"UPI daily cap khatam, kal retry karo",UPI_AUTOPAY,SBIN,19720.7,78.2,0,SOFT_FINANCIAL
FRAUD_DETECTED,High-risk score flagged by issuer fraud detection switch,CARD_MANDATE,KKBK,42447.47,97.8,0,HARD_PERMANENT
STOLEN_CARD,stolen card hotlisted by issuer,CARD_MANDATE,UTIB,2591.13,96.5,2,HARD_PERMANENT
INVALID_VPA_PERMANENT,"galat UPI ID, ye VPA exist nahi karti",UPI_AUTOPAY,ICIC,41247.82,98.9,0,HARD_PERMANENT
TOKENIZATION_TIMEOUT,"tokenization service slow, mandate auth timed out",CARD_MANDATE,ICIC,16902.98,98.9,3,TRANSIENT_TECHNICAL
BANK_DEBIT_FAILED_TECHNICAL,"bank server busy, auto-debit fail ho gaya technical issue se",UPI_AUTOPAY,UTIB,35121.48,96.5,0,TRANSIENT_TECHNICAL
ACCOUNT_CLOSED,"customer account closed, debit returned",UPI_AUTOPAY,SBIN,38036.32,78.2,0,HARD_PERMANENT
PURCHASE_ORDER_MISMATCH,"PO amount mismatch, reconciliation on hold",B2B_INVOICE,KKBK,1008.19,97.8,2,COMMERCIAL_DISPUTE
BANK_DEBIT_FAILED_TECHNICAL,Downstream bank gateway timeout during debit attempt,UPI_AUTOPAY,UTIB,10035.39,96.5,2,TRANSIENT_TECHNICAL
INVOICE_OVERDUE_30_DAYS,"30 din se payment pending, accounts se approval nahi aaya",B2B_INVOICE,ICIC,42788.58,98.9,1,COMMERCIAL_DISPUTE
FRAUD_DETECTED,High-risk score flagged by issuer fraud detection switch,CARD_MANDATE,SBIN,12673.67,78.2,3,HARD_PERMANENT
PURCHASE_ORDER_MISMATCH,"PO amount mismatch, reconciliation on hold",B2B_INVOICE,KKBK,7499.55,97.8,1,COMMERCIAL_DISPUTE
INVOICE_OVERDUE_30_DAYS,"30 din se payment pending, accounts se approval nahi aaya",B2B_INVOICE,HDFC,2815.86,99.4,1,COMMERCIAL_DISPUTE
STOLEN_CARD,stolen card hotlisted by issuer,CARD_MANDATE,SBIN,31060.05,78.2,2,HARD_PERMANENT
PAYMENT_METHOD_UNAVAILABLE,selected UPI method unavailable at checkout,MAGIC_CHECKOUT,HDFC,6303.12,99.4,1,BEHAVIORAL_DROPOFF
CARD_EXPIRED,"card expiry ho gayi, naya card link karo",CARD_MANDATE,KKBK,41603.9,97.8,3,HARD_PERMANENT
MANDATE_AMOUNT_EXCEEDS_CAP,"mandate amount exceeds NPCI cap of Rs.1,00,000",UPI_AUTOPAY,UTIB,3151.88,96.5,3,SOFT_FINANCIAL
MANDATE_AMOUNT_EXCEEDS_CAP,"mandate amount exceeds NPCI cap of Rs.1,00,000",UPI_AUTOPAY,HDFC,5403.47,99.4,0,SOFT_FINANCIAL
ACCOUNT_CLOSED,"customer account closed, debit returned",UPI_AUTOPAY,UTIB,39888.59,96.5,0,HARD_PERMANENT
CARD_EXPIRED,"card expiry ho gayi, naya card link karo",CARD_MANDATE,SBIN,19347.11,78.2,2,HARD_PERMANENT
BANK_DEBIT_FAILED_TECHNICAL,"bank server busy, auto-debit fail ho gaya technical issue se",UPI_AUTOPAY,SBIN,42625.74,78.2,3,TRANSIENT_TECHNICAL
PAYMENT_METHOD_UNAVAILABLE,selected UPI method unavailable at checkout,MAGIC_CHECKOUT,KKBK,6299.3,97.8,0,BEHAVIORAL_DROPOFF
BANK_DEBIT_FAILED_TECHNICAL,debit attempt failed due to issuer switch congestion,UPI_AUTOPAY,HDFC,36472.67,99.4,1,TRANSIENT_TECHNICAL
INVOICE_OVERDUE_30_DAYS,Net-30 invoice crossed due date without payment reconciliation,B2B_INVOICE,HDFC,43072.71,99.4,0,COMMERCIAL_DISPUTE
CARD_EXPIRED,"card expiry ho gayi, naya card link karo",CARD_MANDATE,KKBK,32069.38,97.8,2,HARD_PERMANENT
INVOICE_APPROVAL_PENDING,Invoice stuck in enterprise procurement approval workflow,B2B_INVOICE,SBIN,35925.5,78.2,1,COMMERCIAL_DISPUTE
PAYMENT_METHOD_UNAVAILABLE,payment option show nahi ho raha tha,MAGIC_CHECKOUT,KKBK,25078.47,97.8,0,BEHAVIORAL_DROPOFF
OTP_TIMEOUT,"customer ne OTP time par enter nahi kiya, session expire",MAGIC_CHECKOUT,SBIN,26863.57,78.2,0,TRANSIENT_TECHNICAL
PURCHASE_ORDER_MISMATCH,"PO amount mismatch, reconciliation on hold",B2B_INVOICE,UTIB,37667.53,96.5,0,COMMERCIAL_DISPUTE
STOLEN_CARD,stolen card hotlisted by issuer,CARD_MANDATE,UTIB,9257.07,96.5,0,HARD_PERMANENT
TOKENIZATION_TIMEOUT,card token vault timeout during authorization,CARD_MANDATE,SBIN,40595.91,78.2,2,TRANSIENT_TECHNICAL
CARD_EXPIRED,Mandate card token expired; bank declined authorization,CARD_MANDATE,ICIC,15085.93,98.9,0,HARD_PERMANENT
MANDATE_AMOUNT_EXCEEDS_CAP,"autopay cap se zyada amount, bank ne decline kiya",UPI_AUTOPAY,SBIN,30869.87,78.2,0,SOFT_FINANCIAL
PAYMENT_METHOD_UNAVAILABLE,payment option show nahi ho raha tha,MAGIC_CHECKOUT,SBIN,43692.72,78.2,3,BEHAVIORAL_DROPOFF
MANDATE_AMOUNT_EXCEEDS_CAP,"autopay cap se zyada amount, bank ne decline kiya",UPI_AUTOPAY,ICIC,23675.53,98.9,3,SOFT_FINANCIAL
INSUFFICIENT_FUNDS,"account me paise nahi hai, balance insufficient",UPI_AUTOPAY,SBIN,19045.74,78.2,0,SOFT_FINANCIAL
NPCI_TIMEOUT,Card network switch response timed out,UPI_AUTOPAY,KKBK,19706.33,97.8,2,TRANSIENT_TECHNICAL
OTP_TIMEOUT,"customer ne OTP time par enter nahi kiya, session expire",MAGIC_CHECKOUT,SBIN,26554.8,78.2,0,TRANSIENT_TECHNICAL
INVALID_VPA_PERMANENT,"galat UPI ID, ye VPA exist nahi karti",UPI_AUTOPAY,KKBK,22750.92,97.8,1,HARD_PERMANENT
INVOICE_APPROVAL_PENDING,Invoice stuck in enterprise procurement approval workflow,B2B_INVOICE,ICIC,36048.85,98.9,1,COMMERCIAL_DISPUTE
INVOICE_APPROVAL_PENDING,procurement team se approval pending hai,B2B_INVOICE,SBIN,24400.15,78.2,0,COMMERCIAL_DISPUTE
INVOICE_OVERDUE_30_DAYS,Net-30 invoice crossed due date without payment reconciliation,B2B_INVOICE,UTIB,36770.25,96.5,0,COMMERCIAL_DISPUTE
BANK_DEBIT_FAILED_TECHNICAL,debit attempt failed due to issuer switch congestion,UPI_AUTOPAY,ICIC,20314.01,98.9,0,TRANSIENT_TECHNICAL
MANDATE_AMOUNT_EXCEEDS_CAP,"mandate amount exceeds NPCI cap of Rs.1,00,000",UPI_AUTOPAY,ICIC,43249.22,98.9,0,SOFT_FINANCIAL
GATEWAY_ERROR,issuer node degraded during mandate authorization,UPI_AUTOPAY,HDFC,26813.78,99.4,1,TRANSIENT_TECHNICAL
INVOICE_OVERDUE_30_DAYS,"30 din se payment pending, accounts se approval nahi aaya",B2B_INVOICE,HDFC,2103.27,99.4,2,COMMERCIAL_DISPUTE
INVOICE_APPROVAL_PENDING,Invoice stuck in enterprise procurement approval workflow,B2B_INVOICE,KKBK,4756.01,97.8,0,COMMERCIAL_DISPUTE
CART_ABANDONED_SHIPPING_FRICTION,User exited after shipping charge calculated,MAGIC_CHECKOUT,HDFC,20928.41,99.4,1,BEHAVIORAL_DROPOFF
NPCI_TIMEOUT,UPI switch response timed out after 30 seconds,UPI_AUTOPAY,KKBK,44385.34,97.8,0,TRANSIENT_TECHNICAL
CHECKOUT_DROPPED_OFF,user ne checkout beech me chhod diya,MAGIC_CHECKOUT,ICIC,31746.05,98.9,1,BEHAVIORAL_DROPOFF
NPCI_TIMEOUT,UPI switch response timed out after 30 seconds,UPI_AUTOPAY,SBIN,7734.08,78.2,0,TRANSIENT_TECHNICAL
NPCI_TIMEOUT,"NPCI timeout, bank se confirmation nahi aaya",UPI_AUTOPAY,KKBK,16817.89,97.8,0,TRANSIENT_TECHNICAL
INVOICE_OVERDUE_30_DAYS,"30 din se payment pending, accounts se approval nahi aaya",B2B_INVOICE,HDFC,30779.62,99.4,0,COMMERCIAL_DISPUTE
CARD_EXPIRED,Mandate card token expired; bank declined authorization,CARD_MANDATE,SBIN,19810.07,78.2,0,HARD_PERMANENT
UPI_DAILY_LIMIT_EXCEEDED,"UPI daily cap khatam, kal retry karo",UPI_AUTOPAY,HDFC,672.8,99.4,3,SOFT_FINANCIAL
OTP_TIMEOUT,OTP verification timed out during checkout,MAGIC_CHECKOUT,HDFC,14513.26,99.4,0,TRANSIENT_TECHNICAL
GATEWAY_ERROR,issuer node degraded during mandate authorization,UPI_AUTOPAY,ICIC,43504.2,98.9,2,TRANSIENT_TECHNICAL
UPI_DAILY_LIMIT_EXCEEDED,"UPI daily cap khatam, kal retry karo",UPI_AUTOPAY,UTIB,28590.13,96.5,1,SOFT_FINANCIAL
INVOICE_OVERDUE_30_DAYS,Net-30 invoice crossed due date without payment reconciliation,B2B_INVOICE,UTIB,12856.16,96.5,3,COMMERCIAL_DISPUTE
PURCHASE_ORDER_MISMATCH,"PO amount mismatch, reconciliation on hold",B2B_INVOICE,UTIB,31747.17,96.5,3,COMMERCIAL_DISPUTE
CHECKOUT_DROPPED_OFF,user ne checkout beech me chhod diya,MAGIC_CHECKOUT,KKBK,24872.91,97.8,0,BEHAVIORAL_DROPOFF
UPI_DAILY_LIMIT_EXCEEDED,"limit exceed, transaction declined by bank",UPI_AUTOPAY,ICIC,29046.96,98.9,0,SOFT_FINANCIAL
CARD_EXPIRED,Mandate card token expired; bank declined authorization,CARD_MANDATE,HDFC,44218.99,99.4,0,HARD_PERMANENT
GATEWAY_ERROR,"downstream gateway error, retry after clearing window",UPI_AUTOPAY,HDFC,9305.41,99.4,1,TRANSIENT_TECHNICAL
CART_ABANDONED_SHIPPING_FRICTION,User exited after shipping charge calculated,MAGIC_CHECKOUT,ICIC,15799.15,98.9,0,BEHAVIORAL_DROPOFF
GATEWAY_ERROR,"payment gateway ne response nahi diya, timeout ho gaya",UPI_AUTOPAY,HDFC,22889.91,99.4,2,TRANSIENT_TECHNICAL
INVOICE_APPROVAL_PENDING,Invoice stuck in enterprise procurement approval workflow,B2B_INVOICE,HDFC,24515.24,99.4,2,COMMERCIAL_DISPUTE
CART_ABANDONED_SHIPPING_FRICTION,User exited after shipping charge calculated,MAGIC_CHECKOUT,ICIC,39646.29,98.9,1,BEHAVIORAL_DROPOFF
FRAUD_DETECTED,"suspicious activity, fraud check fail",CARD_MANDATE,ICIC,34246.2,98.9,0,HARD_PERMANENT
MANDATE_AMOUNT_EXCEEDS_CAP,"autopay cap se zyada amount, bank ne decline kiya",UPI_AUTOPAY,SBIN,2246.61,78.2,1,SOFT_FINANCIAL
CARD_EXPIRED,Mandate card token expired; bank declined authorization,CARD_MANDATE,HDFC,18457.96,99.4,1,HARD_PERMANENT
UPI_DAILY_LIMIT_EXCEEDED,"limit exceed, transaction declined by bank",UPI_AUTOPAY,HDFC,29056.46,99.4,1,SOFT_FINANCIAL
UPI_DAILY_LIMIT_EXCEEDED,"UPI daily cap khatam, kal retry karo",UPI_AUTOPAY,KKBK,2832.84,97.8,1,SOFT_FINANCIAL
NPCI_TIMEOUT,"NPCI timeout, bank se confirmation nahi aaya",UPI_AUTOPAY,UTIB,21591.51,96.5,0,TRANSIENT_TECHNICAL
INSUFFICIENT_FUNDS,Mandate debit declined due to low card account balance,UPI_AUTOPAY,KKBK,12163.37,97.8,2,SOFT_FINANCIAL
CHECKOUT_DROPPED_OFF,OTP verification timed out during checkout,MAGIC_CHECKOUT,SBIN,29866.78,78.2,1,BEHAVIORAL_DROPOFF
INVOICE_APPROVAL_PENDING,procurement team se approval pending hai,B2B_INVOICE,KKBK,31509.94,97.8,0,COMMERCIAL_DISPUTE
INSUFFICIENT_FUNDS,Declined by customer bank due to low balance,UPI_AUTOPAY,HDFC,17789.24,99.4,1,SOFT_FINANCIAL
NPCI_TIMEOUT,UPI switch response timed out after 30 seconds,UPI_AUTOPAY,ICIC,14897.84,98.9,0,TRANSIENT_TECHNICAL
FRAUD_DETECTED,"suspicious activity, fraud check fail",CARD_MANDATE,HDFC,3464.03,99.4,0,HARD_PERMANENT
NPCI_TIMEOUT,Card network switch response timed out,UPI_AUTOPAY,ICIC,6023.48,98.9,1,TRANSIENT_TECHNICAL
FRAUD_DETECTED,"suspicious activity, fraud check fail",CARD_MANDATE,HDFC,20779.62,99.4,0,HARD_PERMANENT
FRAUD_DETECTED,High-risk score flagged by issuer fraud detection switch,CARD_MANDATE,SBIN,29834.48,78.2,1,HARD_PERMANENT
CHECKOUT_DROPPED_OFF,Customer abandoned session at shipping/payment step,MAGIC_CHECKOUT,SBIN,13984.95,78.2,3,BEHAVIORAL_DROPOFF
CART_ABANDONED_SHIPPING_FRICTION,User exited after shipping charge calculated,MAGIC_CHECKOUT,HDFC,33227.59,99.4,0,BEHAVIORAL_DROPOFF
UPI_DAILY_LIMIT_EXCEEDED,"Customer reached daily UPI transaction limit of Rs.1,00,000",UPI_AUTOPAY,UTIB,37783.91,96.5,0,SOFT_FINANCIAL
MANDATE_AMOUNT_EXCEEDS_CAP,"mandate amount exceeds NPCI cap of Rs.1,00,000",UPI_AUTOPAY,HDFC,28746.5,99.4,1,SOFT_FINANCIAL
TOKENIZATION_TIMEOUT,"tokenization service slow, mandate auth timed out",CARD_MANDATE,KKBK,11546.06,97.8,0,TRANSIENT_TECHNICAL
CHECKOUT_DROPPED_OFF,Customer abandoned session at shipping/payment step,MAGIC_CHECKOUT,HDFC,17403.75,99.4,1,BEHAVIORAL_DROPOFF
INSUFFICIENT_FUNDS,Salary credit not yet posted; balance too low for auto-debit,UPI_AUTOPAY,KKBK,41752.75,97.8,0,SOFT_FINANCIAL
INVOICE_OVERDUE_30_DAYS,"30 din se payment pending, accounts se approval nahi aaya",B2B_INVOICE,ICIC,33989.58,98.9,1,COMMERCIAL_DISPUTE
TOKENIZATION_TIMEOUT,"tokenization service slow, mandate auth timed out",CARD_MANDATE,ICIC,38602.86,98.9,3,TRANSIENT_TECHNICAL
FRAUD_DETECTED,High-risk score flagged by issuer fraud detection switch,CARD_MANDATE,SBIN,26784.77,78.2,1,HARD_PERMANENT
OTP_TIMEOUT,"customer ne OTP time par enter nahi kiya, session expire",MAGIC_CHECKOUT,SBIN,17906.21,78.2,0,TRANSIENT_TECHNICAL
INSUFFICIENT_FUNDS,Mandate debit declined due to low card account balance,UPI_AUTOPAY,SBIN,35920.61,78.2,2,SOFT_FINANCIAL
CHECKOUT_DROPPED_OFF,user ne checkout beech me chhod diya,MAGIC_CHECKOUT,ICIC,16046.15,98.9,0,BEHAVIORAL_DROPOFF
CARD_EXPIRED,"card expiry ho gayi, naya card link karo",CARD_MANDATE,UTIB,44251.97,96.5,0,HARD_PERMANENT
CHECKOUT_DROPPED_OFF,Customer abandoned session at shipping/payment step,MAGIC_CHECKOUT,UTIB,5330.26,96.5,3,BEHAVIORAL_DROPOFF
MANDATE_AMOUNT_EXCEEDS_CAP,"mandate amount exceeds NPCI cap of Rs.1,00,000",UPI_AUTOPAY,SBIN,32173.22,78.2,1,SOFT_FINANCIAL
ACCOUNT_CLOSED,"customer account closed, debit returned",UPI_AUTOPAY,SBIN,19528.35,78.2,0,HARD_PERMANENT
CART_ABANDONED_SHIPPING_FRICTION,User exited after shipping charge calculated,MAGIC_CHECKOUT,HDFC,15994.56,99.4,1,BEHAVIORAL_DROPOFF
CART_ABANDONED_SHIPPING_FRICTION,shipping fee dekh kar customer ne cart chhod diya,MAGIC_CHECKOUT,HDFC,30950.2,99.4,1,BEHAVIORAL_DROPOFF
CART_ABANDONED_SHIPPING_FRICTION,shipping fee dekh kar customer ne cart chhod diya,MAGIC_CHECKOUT,HDFC,34821.33,99.4,1,BEHAVIORAL_DROPOFF
OTP_TIMEOUT,OTP verification timed out during checkout,MAGIC_CHECKOUT,KKBK,16839.36,97.8,1,TRANSIENT_TECHNICAL
TOKENIZATION_TIMEOUT,card token vault timeout during authorization,CARD_MANDATE,KKBK,39656.34,97.8,1,TRANSIENT_TECHNICAL
PAYMENT_METHOD_UNAVAILABLE,payment option show nahi ho raha tha,MAGIC_CHECKOUT,SBIN,31737.91,78.2,0,BEHAVIORAL_DROPOFF
NPCI_TIMEOUT,"NPCI timeout, bank se confirmation nahi aaya",UPI_AUTOPAY,KKBK,2190.72,97.8,0,TRANSIENT_TECHNICAL
INVOICE_OVERDUE_30_DAYS,Net-30 invoice crossed due date without payment reconciliation,B2B_INVOICE,UTIB,24166.55,96.5,3,COMMERCIAL_DISPUTE
GATEWAY_ERROR,504 Gateway Timeout from NPCI switch,UPI_AUTOPAY,KKBK,44063.19,97.8,1,TRANSIENT_TECHNICAL
CHECKOUT_DROPPED_OFF,OTP verification timed out during checkout,MAGIC_CHECKOUT,KKBK,21685.2,97.8,0,BEHAVIORAL_DROPOFF
STOLEN_CARD,"chori ka card report hua, block hai",CARD_MANDATE,ICIC,43272.69,98.9,0,HARD_PERMANENT
BANK_DEBIT_FAILED_TECHNICAL,Downstream bank gateway timeout during debit attempt,UPI_AUTOPAY,KKBK,6386.11,97.8,2,TRANSIENT_TECHNICAL
PURCHASE_ORDER_MISMATCH,"PO amount mismatch, reconciliation on hold",B2B_INVOICE,HDFC,2617.1,99.4,1,COMMERCIAL_DISPUTE
GATEWAY_ERROR,"downstream gateway error, retry after clearing window",UPI_AUTOPAY,KKBK,5909.37,97.8,3,TRANSIENT_TECHNICAL
INSUFFICIENT_FUNDS,Salary credit not yet posted; balance too low for auto-debit,UPI_AUTOPAY,SBIN,2849.41,78.2,0,SOFT_FINANCIAL
INVALID_VPA_PERMANENT,"galat UPI ID, ye VPA exist nahi karti",UPI_AUTOPAY,UTIB,44435.64,96.5,2,HARD_PERMANENT
GATEWAY_ERROR,issuer node degraded during mandate authorization,UPI_AUTOPAY,KKBK,33699.96,97.8,0,TRANSIENT_TECHNICAL
OTP_TIMEOUT,"customer ne OTP time par enter nahi kiya, session expire",MAGIC_CHECKOUT,KKBK,27189.07,97.8,0,TRANSIENT_TECHNICAL
ACCOUNT_CLOSED,"customer account closed, debit returned",UPI_AUTOPAY,HDFC,5914.74,99.4,2,HARD_PERMANENT
GATEWAY_ERROR,504 Gateway Timeout from NPCI switch,UPI_AUTOPAY,ICIC,42182.22,98.9,2,TRANSIENT_TECHNICAL
CHECKOUT_DROPPED_OFF,Customer abandoned session at shipping/payment step,MAGIC_CHECKOUT,SBIN,6049.32,78.2,1,BEHAVIORAL_DROPOFF
PURCHASE_ORDER_MISMATCH,purchase order aur invoice me antar hai,B2B_INVOICE,SBIN,31355.97,78.2,0,COMMERCIAL_DISPUTE
INSUFFICIENT_FUNDS,"account me paise nahi hai, balance insufficient",UPI_AUTOPAY,SBIN,2055.05,78.2,3,SOFT_FINANCIAL
CHECKOUT_DROPPED_OFF,OTP verification timed out during checkout,MAGIC_CHECKOUT,HDFC,18922.62,99.4,0,BEHAVIORAL_DROPOFF
OTP_TIMEOUT,"customer ne OTP time par enter nahi kiya, session expire",MAGIC_CHECKOUT,UTIB,9026.65,96.5,2,TRANSIENT_TECHNICAL
BANK_DEBIT_FAILED_TECHNICAL,"bank server busy, auto-debit fail ho gaya technical issue se",UPI_AUTOPAY,KKBK,10539.48,97.8,3,TRANSIENT_TECHNICAL
PAYMENT_METHOD_UNAVAILABLE,payment option show nahi ho raha tha,MAGIC_CHECKOUT,UTIB,16141.84,96.5,1,BEHAVIORAL_DROPOFF
CART_ABANDONED_SHIPPING_FRICTION,User exited after shipping charge calculated,MAGIC_CHECKOUT,SBIN,34601.92,78.2,2,BEHAVIORAL_DROPOFF
ACCOUNT_CLOSED,"customer account closed, debit returned",UPI_AUTOPAY,KKBK,4215.81,97.8,2,HARD_PERMANENT
CARD_EXPIRED,"card expiry ho gayi, naya card link karo",CARD_MANDATE,ICIC,17139.16,98.9,1,HARD_PERMANENT
BANK_DEBIT_FAILED_TECHNICAL,Issuer node degradation during 02:00 AM auto-debit window,UPI_AUTOPAY,KKBK,33758.27,97.8,1,TRANSIENT_TECHNICAL
GATEWAY_ERROR,504 Gateway Timeout from NPCI switch,UPI_AUTOPAY,HDFC,12011.71,99.4,3,TRANSIENT_TECHNICAL
TOKENIZATION_TIMEOUT,"tokenization service slow, mandate auth timed out",CARD_MANDATE,HDFC,27979.6,99.4,1,TRANSIENT_TECHNICAL
FRAUD_DETECTED,High-risk score flagged by issuer fraud detection switch,CARD_MANDATE,KKBK,3835.04,97.8,3,HARD_PERMANENT
GATEWAY_ERROR,504 Gateway Timeout from NPCI switch,UPI_AUTOPAY,UTIB,22010.27,96.5,1,TRANSIENT_TECHNICAL
BANK_DEBIT_FAILED_TECHNICAL,"bank server busy, auto-debit fail ho gaya technical issue se",UPI_AUTOPAY,UTIB,25161.22,96.5,0,TRANSIENT_TECHNICAL
OTP_TIMEOUT,"customer ne OTP time par enter nahi kiya, session expire",MAGIC_CHECKOUT,UTIB,42941.25,96.5,0,TRANSIENT_TECHNICAL
NPCI_TIMEOUT,UPI switch response timed out after 30 seconds,UPI_AUTOPAY,UTIB,41857.73,96.5,0,TRANSIENT_TECHNICAL
UPI_DAILY_LIMIT_EXCEEDED,"limit exceed, transaction declined by bank",UPI_AUTOPAY,UTIB,16419.24,96.5,0,SOFT_FINANCIAL
INVOICE_APPROVAL_PENDING,procurement team se approval pending hai,B2B_INVOICE,ICIC,13661.84,98.9,0,COMMERCIAL_DISPUTE
PAYMENT_METHOD_UNAVAILABLE,payment option show nahi ho raha tha,MAGIC_CHECKOUT,UTIB,44090.39,96.5,2,BEHAVIORAL_DROPOFF
INVOICE_APPROVAL_PENDING,Invoice stuck in enterprise procurement approval workflow,B2B_INVOICE,SBIN,25625.94,78.2,0,COMMERCIAL_DISPUTE
ACCOUNT_CLOSED,"account band ho gaya hai, retry bekar hai",UPI_AUTOPAY,KKBK,17085.79,97.8,1,HARD_PERMANENT
GATEWAY_ERROR,issuer node degraded during mandate authorization,UPI_AUTOPAY,SBIN,17462.63,78.2,1,TRANSIENT_TECHNICAL
CART_ABANDONED_SHIPPING_FRICTION,User exited after shipping charge calculated,MAGIC_CHECKOUT,ICIC,43595.82,98.9,0,BEHAVIORAL_DROPOFF
GATEWAY_ERROR,"payment gateway ne response nahi diya, timeout ho gaya",UPI_AUTOPAY,SBIN,41399.57,78.2,2,TRANSIENT_TECHNICAL
INVOICE_OVERDUE_30_DAYS,"30 din se payment pending, accounts se approval nahi aaya",B2B_INVOICE,ICIC,30372.75,98.9,0,COMMERCIAL_DISPUTE
STOLEN_CARD,stolen card hotlisted by issuer,CARD_MANDATE,KKBK,33125.59,97.8,1,HARD_PERMANENT
CART_ABANDONED_SHIPPING_FRICTION,shipping fee dekh kar customer ne cart chhod diya,MAGIC_CHECKOUT,SBIN,28847.9,78.2,2,BEHAVIORAL_DROPOFF
INVOICE_APPROVAL_PENDING,Invoice stuck in enterprise procurement approval workflow,B2B_INVOICE,KKBK,25775.61,97.8,1,COMMERCIAL_DISPUTE
INVALID_VPA_PERMANENT,"VPA does not exist, invalid payee address",UPI_AUTOPAY,SBIN,25274.37,78.2,3,HARD_PERMANENT
INSUFFICIENT_FUNDS,Salary credit not yet posted; balance too low for auto-debit,UPI_AUTOPAY,ICIC,42636.06,98.9,0,SOFT_FINANCIAL
MANDATE_AMOUNT_EXCEEDS_CAP,"mandate amount exceeds NPCI cap of Rs.1,00,000",UPI_AUTOPAY,ICIC,24016.5,98.9,0,SOFT_FINANCIAL
INSUFFICIENT_FUNDS,"account me paise nahi hai, balance insufficient",UPI_AUTOPAY,SBIN,42731.45,78.2,0,SOFT_FINANCIAL
INSUFFICIENT_FUNDS,Declined by customer bank due to low balance,UPI_AUTOPAY,HDFC,31846.69,99.4,0,SOFT_FINANCIAL
STOLEN_CARD,"chori ka card report hua, block hai",CARD_MANDATE,UTIB,1452.95,96.5,2,HARD_PERMANENT
INVALID_VPA_PERMANENT,"galat UPI ID, ye VPA exist nahi karti",UPI_AUTOPAY,UTIB,35070.4,96.5,1,HARD_PERMANENT
UPI_DAILY_LIMIT_EXCEEDED,"limit exceed, transaction declined by bank",UPI_AUTOPAY,ICIC,22571.7,98.9,3,SOFT_FINANCIAL
PAYMENT_METHOD_UNAVAILABLE,payment option show nahi ho raha tha,MAGIC_CHECKOUT,KKBK,32102.08,97.8,2,BEHAVIORAL_DROPOFF
INVALID_VPA_PERMANENT,"galat UPI ID, ye VPA exist nahi karti",UPI_AUTOPAY,SBIN,16349.43,78.2,0,HARD_PERMANENT
OTP_TIMEOUT,"customer ne OTP time par enter nahi kiya, session expire",MAGIC_CHECKOUT,KKBK,21353.5,97.8,3,TRANSIENT_TECHNICAL
INVALID_VPA_PERMANENT,"galat UPI ID, ye VPA exist nahi karti",UPI_AUTOPAY,UTIB,41917.39,96.5,1,HARD_PERMANENT
STOLEN_CARD,"chori ka card report hua, block hai",CARD_MANDATE,HDFC,19504.11,99.4,0,HARD_PERMANENT
CHECKOUT_DROPPED_OFF,Customer abandoned session at shipping/payment step,MAGIC_CHECKOUT,SBIN,15577.28,78.2,0,BEHAVIORAL_DROPOFF
ACCOUNT_CLOSED,"customer account closed, debit returned",UPI_AUTOPAY,KKBK,15074.74,97.8,3,HARD_PERMANENT
INVOICE_APPROVAL_PENDING,Invoice stuck in enterprise procurement approval workflow,B2B_INVOICE,ICIC,8503.53,98.9,1,COMMERCIAL_DISPUTE
CHECKOUT_DROPPED_OFF,user ne checkout beech me chhod diya,MAGIC_CHECKOUT,ICIC,25991.68,98.9,1,BEHAVIORAL_DROPOFF
INVOICE_APPROVAL_PENDING,procurement team se approval pending hai,B2B_INVOICE,SBIN,5254.42,78.2,0,COMMERCIAL_DISPUTE
ACCOUNT_CLOSED,"account band ho gaya hai, retry bekar hai",UPI_AUTOPAY,ICIC,6323.69,98.9,0,HARD_PERMANENT
UPI_DAILY_LIMIT_EXCEEDED,"Customer reached daily UPI transaction limit of Rs.1,00,000",UPI_AUTOPAY,ICIC,8334.53,98.9,0,SOFT_FINANCIAL
INVOICE_APPROVAL_PENDING,Invoice stuck in enterprise procurement approval workflow,B2B_INVOICE,ICIC,29349.45,98.9,1,COMMERCIAL_DISPUTE
GATEWAY_ERROR,issuer node degraded during mandate authorization,UPI_AUTOPAY,SBIN,42354.89,78.2,3,TRANSIENT_TECHNICAL
CART_ABANDONED_SHIPPING_FRICTION,shipping fee dekh kar customer ne cart chhod diya,MAGIC_CHECKOUT,ICIC,39898.55,98.9,0,BEHAVIORAL_DROPOFF
BANK_DEBIT_FAILED_TECHNICAL,debit attempt failed due to issuer switch congestion,UPI_AUTOPAY,KKBK,18686.1,97.8,2,TRANSIENT_TECHNICAL
PAYMENT_METHOD_UNAVAILABLE,selected UPI method unavailable at checkout,MAGIC_CHECKOUT,HDFC,43255.03,99.4,2,BEHAVIORAL_DROPOFF
ACCOUNT_CLOSED,"customer account closed, debit returned",UPI_AUTOPAY,KKBK,29123.27,97.8,2,HARD_PERMANENT
CART_ABANDONED_SHIPPING_FRICTION,shipping fee dekh kar customer ne cart chhod diya,MAGIC_CHECKOUT,KKBK,37023.26,97.8,0,BEHAVIORAL_DROPOFF
CHECKOUT_DROPPED_OFF,Customer abandoned session at shipping/payment step,MAGIC_CHECKOUT,HDFC,16701.91,99.4,1,BEHAVIORAL_DROPOFF
PAYMENT_METHOD_UNAVAILABLE,selected UPI method unavailable at checkout,MAGIC_CHECKOUT,KKBK,12781.42,97.8,0,BEHAVIORAL_DROPOFF
GATEWAY_ERROR,"downstream gateway error, retry after clearing window",UPI_AUTOPAY,ICIC,33312.51,98.9,0,TRANSIENT_TECHNICAL
OTP_TIMEOUT,"customer ne OTP time par enter nahi kiya, session expire",MAGIC_CHECKOUT,ICIC,12163.52,98.9,2,TRANSIENT_TECHNICAL
PURCHASE_ORDER_MISMATCH,"PO amount mismatch, reconciliation on hold",B2B_INVOICE,HDFC,22474.96,99.4,2,COMMERCIAL_DISPUTE
FRAUD_DETECTED,High-risk score flagged by issuer fraud detection switch,CARD_MANDATE,KKBK,18608.72,97.8,0,HARD_PERMANENT
CHECKOUT_DROPPED_OFF,Customer abandoned session at shipping/payment step,MAGIC_CHECKOUT,UTIB,20932.86,96.5,0,BEHAVIORAL_DROPOFF
UPI_DAILY_LIMIT_EXCEEDED,"UPI daily cap khatam, kal retry karo",UPI_AUTOPAY,UTIB,30751.87,96.5,1,SOFT_FINANCIAL
GATEWAY_ERROR,issuer node degraded during mandate authorization,UPI_AUTOPAY,UTIB,351.56,96.5,0,TRANSIENT_TECHNICAL
BANK_DEBIT_FAILED_TECHNICAL,Downstream bank gateway timeout during debit attempt,UPI_AUTOPAY,ICIC,36724.86,98.9,3,TRANSIENT_TECHNICAL
PAYMENT_METHOD_UNAVAILABLE,selected UPI method unavailable at checkout,MAGIC_CHECKOUT,HDFC,41755.13,99.4,0,BEHAVIORAL_DROPOFF
INVOICE_OVERDUE_30_DAYS,Net-30 invoice crossed due date without payment reconciliation,B2B_INVOICE,HDFC,1333.24,99.4,0,COMMERCIAL_DISPUTE
PURCHASE_ORDER_MISMATCH,"PO amount mismatch, reconciliation on hold",B2B_INVOICE,SBIN,3142.99,78.2,0,COMMERCIAL_DISPUTE
INVOICE_OVERDUE_30_DAYS,"30 din se payment pending, accounts se approval nahi aaya",B2B_INVOICE,SBIN,5571.32,78.2,0,COMMERCIAL_DISPUTE
INVOICE_APPROVAL_PENDING,Invoice stuck in enterprise procurement approval workflow,B2B_INVOICE,KKBK,31214.72,97.8,0,COMMERCIAL_DISPUTE
GATEWAY_ERROR,"payment gateway ne response nahi diya, timeout ho gaya",UPI_AUTOPAY,KKBK,36314.12,97.8,2,TRANSIENT_TECHNICAL
CARD_EXPIRED,"card expiry ho gayi, naya card link karo",CARD_MANDATE,SBIN,40897.71,78.2,0,HARD_PERMANENT
CART_ABANDONED_SHIPPING_FRICTION,User exited after shipping charge calculated,MAGIC_CHECKOUT,UTIB,28084.68,96.5,0,BEHAVIORAL_DROPOFF
CHECKOUT_DROPPED_OFF,OTP verification timed out during checkout,MAGIC_CHECKOUT,UTIB,8084.44,96.5,2,BEHAVIORAL_DROPOFF
ACCOUNT_CLOSED,"customer account closed, debit returned",UPI_AUTOPAY,KKBK,32735.92,97.8,3,HARD_PERMANENT
PURCHASE_ORDER_MISMATCH,"PO amount mismatch, reconciliation on hold",B2B_INVOICE,ICIC,5925.49,98.9,0,COMMERCIAL_DISPUTE
MANDATE_AMOUNT_EXCEEDS_CAP,"mandate amount exceeds NPCI cap of Rs.1,00,000",UPI_AUTOPAY,SBIN,6845.61,78.2,0,SOFT_FINANCIAL
PAYMENT_METHOD_UNAVAILABLE,selected UPI method unavailable at checkout,MAGIC_CHECKOUT,KKBK,8715.85,97.8,1,BEHAVIORAL_DROPOFF
FRAUD_DETECTED,High-risk score flagged by issuer fraud detection switch,CARD_MANDATE,ICIC,16488.22,98.9,1,HARD_PERMANENT
INSUFFICIENT_FUNDS,"account me paise nahi hai, balance insufficient",UPI_AUTOPAY,SBIN,5987.41,78.2,1,SOFT_FINANCIAL
OTP_TIMEOUT,OTP verification timed out during checkout,MAGIC_CHECKOUT,KKBK,15879.71,97.8,0,TRANSIENT_TECHNICAL
PURCHASE_ORDER_MISMATCH,purchase order aur invoice me antar hai,B2B_INVOICE,HDFC,40851.34,99.4,1,COMMERCIAL_DISPUTE
PAYMENT_METHOD_UNAVAILABLE,selected UPI method unavailable at checkout,MAGIC_CHECKOUT,KKBK,8596.39,97.8,1,BEHAVIORAL_DROPOFF
PURCHASE_ORDER_MISMATCH,"PO amount mismatch, reconciliation on hold",B2B_INVOICE,KKBK,36350.08,97.8,3,COMMERCIAL_DISPUTE
GATEWAY_ERROR,"payment gateway ne response nahi diya, timeout ho gaya",UPI_AUTOPAY,HDFC,4619.53,99.4,1,TRANSIENT_TECHNICAL
CART_ABANDONED_SHIPPING_FRICTION,User exited after shipping charge calculated,MAGIC_CHECKOUT,UTIB,4669.1,96.5,2,BEHAVIORAL_DROPOFF
TOKENIZATION_TIMEOUT,card token vault timeout during authorization,CARD_MANDATE,KKBK,30563.81,97.8,2,TRANSIENT_TECHNICAL
FRAUD_DETECTED,High-risk score flagged by issuer fraud detection switch,CARD_MANDATE,UTIB,30046.35,96.5,3,HARD_PERMANENT
OTP_TIMEOUT,"customer ne OTP time par enter nahi kiya, session expire",MAGIC_CHECKOUT,KKBK,38706.77,97.8,3,TRANSIENT_TECHNICAL
NPCI_TIMEOUT,Card network switch response timed out,UPI_AUTOPAY,SBIN,14728.5,78.2,3,TRANSIENT_TECHNICAL
INVALID_VPA_PERMANENT,"VPA does not exist, invalid payee address",UPI_AUTOPAY,SBIN,9599.15,78.2,0,HARD_PERMANENT
CHECKOUT_DROPPED_OFF,Customer abandoned session at shipping/payment step,MAGIC_CHECKOUT,SBIN,41399.91,78.2,1,BEHAVIORAL_DROPOFF
ACCOUNT_CLOSED,"customer account closed, debit returned",UPI_AUTOPAY,KKBK,13282.55,97.8,0,HARD_PERMANENT
MANDATE_AMOUNT_EXCEEDS_CAP,"mandate amount exceeds NPCI cap of Rs.1,00,000",UPI_AUTOPAY,SBIN,8202.17,78.2,0,SOFT_FINANCIAL
NPCI_TIMEOUT,UPI switch response timed out after 30 seconds,UPI_AUTOPAY,UTIB,8399.4,96.5,1,TRANSIENT_TECHNICAL
INVOICE_OVERDUE_30_DAYS,Net-30 invoice crossed due date without payment reconciliation,B2B_INVOICE,ICIC,29592.48,98.9,1,COMMERCIAL_DISPUTE
INSUFFICIENT_FUNDS,Mandate debit declined due to low card account balance,UPI_AUTOPAY,SBIN,3185.84,78.2,2,SOFT_FINANCIAL
CART_ABANDONED_SHIPPING_FRICTION,User exited after shipping charge calculated,MAGIC_CHECKOUT,ICIC,17976.92,98.9,3,BEHAVIORAL_DROPOFF
PURCHASE_ORDER_MISMATCH,purchase order aur invoice me antar hai,B2B_INVOICE,HDFC,37279.58,99.4,0,COMMERCIAL_DISPUTE
PURCHASE_ORDER_MISMATCH,purchase order aur invoice me antar hai,B2B_INVOICE,SBIN,38583.24,78.2,0,COMMERCIAL_DISPUTE
CART_ABANDONED_SHIPPING_FRICTION,shipping fee dekh kar customer ne cart chhod diya,MAGIC_CHECKOUT,SBIN,806.15,78.2,2,BEHAVIORAL_DROPOFF
CARD_EXPIRED,Mandate card token expired; bank declined authorization,CARD_MANDATE,UTIB,8017.44,96.5,2,HARD_PERMANENT
BANK_DEBIT_FAILED_TECHNICAL,"bank server busy, auto-debit fail ho gaya technical issue se",UPI_AUTOPAY,UTIB,10469.12,96.5,3,TRANSIENT_TECHNICAL
PURCHASE_ORDER_MISMATCH,purchase order aur invoice me antar hai,B2B_INVOICE,UTIB,3033.0,96.5,2,COMMERCIAL_DISPUTE
INVALID_VPA_PERMANENT,"galat UPI ID, ye VPA exist nahi karti",UPI_AUTOPAY,HDFC,16396.0,99.4,0,HARD_PERMANENT
UPI_DAILY_LIMIT_EXCEEDED,"Customer reached daily UPI transaction limit of Rs.1,00,000",UPI_AUTOPAY,SBIN,42167.84,78.2,2,SOFT_FINANCIAL
CARD_EXPIRED,"card expiry ho gayi, naya card link karo",CARD_MANDATE,HDFC,19379.16,99.4,2,HARD_PERMANENT
INVALID_VPA_PERMANENT,"VPA does not exist, invalid payee address",UPI_AUTOPAY,HDFC,25566.51,99.4,2,HARD_PERMANENT
INVOICE_OVERDUE_30_DAYS,"30 din se payment pending, accounts se approval nahi aaya",B2B_INVOICE,UTIB,12367.81,96.5,1,COMMERCIAL_DISPUTE
CARD_EXPIRED,"card expiry ho gayi, naya card link karo",CARD_MANDATE,KKBK,44317.5,97.8,1,HARD_PERMANENT
INVOICE_OVERDUE_30_DAYS,"30 din se payment pending, accounts se approval nahi aaya",B2B_INVOICE,KKBK,22449.47,97.8,3,COMMERCIAL_DISPUTE
FRAUD_DETECTED,High-risk score flagged by issuer fraud detection switch,CARD_MANDATE,UTIB,36193.38,96.5,3,HARD_PERMANENT
CHECKOUT_DROPPED_OFF,Customer abandoned session at shipping/payment step,MAGIC_CHECKOUT,ICIC,7758.15,98.9,0,BEHAVIORAL_DROPOFF
ACCOUNT_CLOSED,"customer account closed, debit returned",UPI_AUTOPAY,KKBK,39035.97,97.8,1,HARD_PERMANENT
CART_ABANDONED_SHIPPING_FRICTION,User exited after shipping charge calculated,MAGIC_CHECKOUT,HDFC,6904.42,99.4,0,BEHAVIORAL_DROPOFF
GATEWAY_ERROR,issuer node degraded during mandate authorization,UPI_AUTOPAY,UTIB,40785.88,96.5,1,TRANSIENT_TECHNICAL
NPCI_TIMEOUT,Card network switch response timed out,UPI_AUTOPAY,KKBK,25580.09,97.8,1,TRANSIENT_TECHNICAL
NPCI_TIMEOUT,UPI switch response timed out after 30 seconds,UPI_AUTOPAY,KKBK,42979.07,97.8,1,TRANSIENT_TECHNICAL
GATEWAY_ERROR,504 Gateway Timeout from NPCI switch,UPI_AUTOPAY,SBIN,19300.46,78.2,1,TRANSIENT_TECHNICAL
INSUFFICIENT_FUNDS,Declined by customer bank due to low balance,UPI_AUTOPAY,KKBK,44332.02,97.8,0,SOFT_FINANCIAL
CHECKOUT_DROPPED_OFF,user ne checkout beech me chhod diya,MAGIC_CHECKOUT,UTIB,30437.44,96.5,0,BEHAVIORAL_DROPOFF
PAYMENT_METHOD_UNAVAILABLE,payment option show nahi ho raha tha,MAGIC_CHECKOUT,KKBK,43379.76,97.8,1,BEHAVIORAL_DROPOFF
PURCHASE_ORDER_MISMATCH,purchase order aur invoice me antar hai,B2B_INVOICE,ICIC,10827.21,98.9,2,COMMERCIAL_DISPUTE
GATEWAY_ERROR,"downstream gateway error, retry after clearing window",UPI_AUTOPAY,SBIN,5364.02,78.2,0,TRANSIENT_TECHNICAL
NPCI_TIMEOUT,Card network switch response timed out,UPI_AUTOPAY,ICIC,8638.44,98.9,1,TRANSIENT_TECHNICAL
UPI_DAILY_LIMIT_EXCEEDED,"limit exceed, transaction declined by bank",UPI_AUTOPAY,ICIC,8338.85,98.9,0,SOFT_FINANCIAL
CHECKOUT_DROPPED_OFF,Customer abandoned session at shipping/payment step,MAGIC_CHECKOUT,SBIN,5622.22,78.2,0,BEHAVIORAL_DROPOFF
MANDATE_AMOUNT_EXCEEDS_CAP,"mandate amount exceeds NPCI cap of Rs.1,00,000",UPI_AUTOPAY,ICIC,21985.28,98.9,1,SOFT_FINANCIAL
INVALID_VPA_PERMANENT,"galat UPI ID, ye VPA exist nahi karti",UPI_AUTOPAY,KKBK,28875.4,97.8,3,HARD_PERMANENT
INVOICE_APPROVAL_PENDING,procurement team se approval pending hai,B2B_INVOICE,HDFC,32051.01,99.4,0,COMMERCIAL_DISPUTE
CHECKOUT_DROPPED_OFF,user ne checkout beech me chhod diya,MAGIC_CHECKOUT,KKBK,20998.64,97.8,0,BEHAVIORAL_DROPOFF
INVOICE_APPROVAL_PENDING,procurement team se approval pending hai,B2B_INVOICE,UTIB,18160.33,96.5,1,COMMERCIAL_DISPUTE
PAYMENT_METHOD_UNAVAILABLE,payment option show nahi ho raha tha,MAGIC_CHECKOUT,ICIC,39839.53,98.9,0,BEHAVIORAL_DROPOFF
OTP_TIMEOUT,OTP verification timed out during checkout,MAGIC_CHECKOUT,UTIB,40095.47,96.5,1,TRANSIENT_TECHNICAL
BANK_DEBIT_FAILED_TECHNICAL,"bank server busy, auto-debit fail ho gaya technical issue se",UPI_AUTOPAY,ICIC,1678.61,98.9,1,TRANSIENT_TECHNICAL
INSUFFICIENT_FUNDS,"account me paise nahi hai, balance insufficient",UPI_AUTOPAY,ICIC,31516.31,98.9,1,SOFT_FINANCIAL
GATEWAY_ERROR,504 Gateway Timeout from NPCI switch,UPI_AUTOPAY,KKBK,33312.08,97.8,0,TRANSIENT_TECHNICAL
UPI_DAILY_LIMIT_EXCEEDED,"UPI daily cap khatam, kal retry karo",UPI_AUTOPAY,KKBK,8553.11,97.8,1,SOFT_FINANCIAL
PAYMENT_METHOD_UNAVAILABLE,selected UPI method unavailable at checkout,MAGIC_CHECKOUT,HDFC,39746.27,99.4,1,BEHAVIORAL_DROPOFF
MANDATE_AMOUNT_EXCEEDS_CAP,"mandate amount exceeds NPCI cap of Rs.1,00,000",UPI_AUTOPAY,KKBK,31378.05,97.8,0,SOFT_FINANCIAL
INVOICE_OVERDUE_30_DAYS,Net-30 invoice crossed due date without payment reconciliation,B2B_INVOICE,HDFC,31323.22,99.4,1,COMMERCIAL_DISPUTE
PAYMENT_METHOD_UNAVAILABLE,selected UPI method unavailable at checkout,MAGIC_CHECKOUT,SBIN,16686.07,78.2,0,BEHAVIORAL_DROPOFF
FRAUD_DETECTED,High-risk score flagged by issuer fraud detection switch,CARD_MANDATE,UTIB,18725.35,96.5,0,HARD_PERMANENT
OTP_TIMEOUT,"customer ne OTP time par enter nahi kiya, session expire",MAGIC_CHECKOUT,SBIN,44437.66,78.2,3,TRANSIENT_TECHNICAL
INVOICE_OVERDUE_30_DAYS,"30 din se payment pending, accounts se approval nahi aaya",B2B_INVOICE,KKBK,28009.89,97.8,1,COMMERCIAL_DISPUTE
UPI_DAILY_LIMIT_EXCEEDED,"UPI daily cap khatam, kal retry karo",UPI_AUTOPAY,KKBK,17826.89,97.8,0,SOFT_FINANCIAL
OTP_TIMEOUT,"customer ne OTP time par enter nahi kiya, session expire",MAGIC_CHECKOUT,SBIN,13573.76,78.2,0,TRANSIENT_TECHNICAL
INVALID_VPA_PERMANENT,"galat UPI ID, ye VPA exist nahi karti",UPI_AUTOPAY,SBIN,13970.45,78.2,0,HARD_PERMANENT
CARD_EXPIRED,"card expiry ho gayi, naya card link karo",CARD_MANDATE,KKBK,5633.91,97.8,1,HARD_PERMANENT
UPI_DAILY_LIMIT_EXCEEDED,"Customer reached daily UPI transaction limit of Rs.1,00,000",UPI_AUTOPAY,KKBK,11061.36,97.8,2,SOFT_FINANCIAL
INVALID_VPA_PERMANENT,"galat UPI ID, ye VPA exist nahi karti",UPI_AUTOPAY,KKBK,20399.34,97.8,0,HARD_PERMANENT
UPI_DAILY_LIMIT_EXCEEDED,"UPI daily cap khatam, kal retry karo",UPI_AUTOPAY,UTIB,12017.25,96.5,1,SOFT_FINANCIAL
TOKENIZATION_TIMEOUT,card token vault timeout during authorization,CARD_MANDATE,SBIN,10258.11,78.2,1,TRANSIENT_TECHNICAL
INVOICE_OVERDUE_30_DAYS,"30 din se payment pending, accounts se approval nahi aaya",B2B_INVOICE,SBIN,27323.26,78.2,1,COMMERCIAL_DISPUTE
GATEWAY_ERROR,"downstream gateway error, retry after clearing window",UPI_AUTOPAY,HDFC,11362.39,99.4,0,TRANSIENT_TECHNICAL
ACCOUNT_CLOSED,"account band ho gaya hai, retry bekar hai",UPI_AUTOPAY,SBIN,2941.0,78.2,0,HARD_PERMANENT
CART_ABANDONED_SHIPPING_FRICTION,shipping fee dekh kar customer ne cart chhod diya,MAGIC_CHECKOUT,HDFC,21655.55,99.4,0,BEHAVIORAL_DROPOFF
STOLEN_CARD,"chori ka card report hua, block hai",CARD_MANDATE,SBIN,13059.82,78.2,2,HARD_PERMANENT
OTP_TIMEOUT,"customer ne OTP time par enter nahi kiya, session expire",MAGIC_CHECKOUT,ICIC,21372.74,98.9,1,TRANSIENT_TECHNICAL
CHECKOUT_DROPPED_OFF,Customer abandoned session at shipping/payment step,MAGIC_CHECKOUT,HDFC,11149.88,99.4,0,BEHAVIORAL_DROPOFF
INVOICE_APPROVAL_PENDING,procurement team se approval pending hai,B2B_INVOICE,KKBK,19590.54,97.8,0,COMMERCIAL_DISPUTE
NPCI_TIMEOUT,UPI switch response timed out after 30 seconds,UPI_AUTOPAY,SBIN,32614.07,78.2,0,TRANSIENT_TECHNICAL
UPI_DAILY_LIMIT_EXCEEDED,"Customer reached daily UPI transaction limit of Rs.1,00,000",UPI_AUTOPAY,HDFC,6535.44,99.4,2,SOFT_FINANCIAL
MANDATE_AMOUNT_EXCEEDS_CAP,"mandate amount exceeds NPCI cap of Rs.1,00,000",UPI_AUTOPAY,SBIN,35089.35,78.2,0,SOFT_FINANCIAL
PAYMENT_METHOD_UNAVAILABLE,payment option show nahi ho raha tha,MAGIC_CHECKOUT,UTIB,38921.36,96.5,1,BEHAVIORAL_DROPOFF
NPCI_TIMEOUT,UPI switch response timed out after 30 seconds,UPI_AUTOPAY,ICIC,26288.87,98.9,2,TRANSIENT_TECHNICAL
PURCHASE_ORDER_MISMATCH,"PO amount mismatch, reconciliation on hold",B2B_INVOICE,KKBK,42308.38,97.8,3,COMMERCIAL_DISPUTE
CARD_EXPIRED,Mandate card token expired; bank declined authorization,CARD_MANDATE,HDFC,11896.16,99.4,0,HARD_PERMANENT
TOKENIZATION_TIMEOUT,"tokenization service slow, mandate auth timed out",CARD_MANDATE,SBIN,11819.26,78.2,0,TRANSIENT_TECHNICAL
NPCI_TIMEOUT,Card network switch response timed out,UPI_AUTOPAY,SBIN,3991.05,78.2,0,TRANSIENT_TECHNICAL
TOKENIZATION_TIMEOUT,"tokenization service slow, mandate auth timed out",CARD_MANDATE,HDFC,39848.69,99.4,0,TRANSIENT_TECHNICAL
FRAUD_DETECTED,High-risk score flagged by issuer fraud detection switch,CARD_MANDATE,UTIB,7258.35,96.5,2,HARD_PERMANENT
CHECKOUT_DROPPED_OFF,Customer abandoned session at shipping/payment step,MAGIC_CHECKOUT,SBIN,8930.84,78.2,1,BEHAVIORAL_DROPOFF
INVOICE_APPROVAL_PENDING,Invoice stuck in enterprise procurement approval workflow,B2B_INVOICE,ICIC,18414.08,98.9,2,COMMERCIAL_DISPUTE
CART_ABANDONED_SHIPPING_FRICTION,User exited after shipping charge calculated,MAGIC_CHECKOUT,ICIC,10592.42,98.9,1,BEHAVIORAL_DROPOFF
UPI_DAILY_LIMIT_EXCEEDED,"UPI daily cap khatam, kal retry karo",UPI_AUTOPAY,KKBK,33416.77,97.8,2,SOFT_FINANCIAL
NPCI_TIMEOUT,"NPCI timeout, bank se confirmation nahi aaya",UPI_AUTOPAY,HDFC,1662.63,99.4,3,TRANSIENT_TECHNICAL
INVOICE_OVERDUE_30_DAYS,Net-30 invoice crossed due date without payment reconciliation,B2B_INVOICE,KKBK,38743.78,97.8,1,COMMERCIAL_DISPUTE
UPI_DAILY_LIMIT_EXCEEDED,"Customer reached daily UPI transaction limit of Rs.1,00,000",UPI_AUTOPAY,SBIN,39898.11,78.2,2,SOFT_FINANCIAL
CARD_EXPIRED,"card expiry ho gayi, naya card link karo",CARD_MANDATE,UTIB,40039.12,96.5,0,HARD_PERMANENT
PAYMENT_METHOD_UNAVAILABLE,payment option show nahi ho raha tha,MAGIC_CHECKOUT,SBIN,44710.9,78.2,0,BEHAVIORAL_DROPOFF
GATEWAY_ERROR,"downstream gateway error, retry after clearing window",UPI_AUTOPAY,HDFC,7150.58,99.4,1,TRANSIENT_TECHNICAL
MANDATE_AMOUNT_EXCEEDS_CAP,"mandate amount exceeds NPCI cap of Rs.1,00,000",UPI_AUTOPAY,SBIN,7456.18,78.2,1,SOFT_FINANCIAL
INVALID_VPA_PERMANENT,"galat UPI ID, ye VPA exist nahi karti",UPI_AUTOPAY,UTIB,15356.99,96.5,1,HARD_PERMANENT
INVOICE_OVERDUE_30_DAYS,Net-30 invoice crossed due date without payment reconciliation,B2B_INVOICE,SBIN,9205.88,78.2,1,COMMERCIAL_DISPUTE
CHECKOUT_DROPPED_OFF,OTP verification timed out during checkout,MAGIC_CHECKOUT,SBIN,616.51,78.2,0,BEHAVIORAL_DROPOFF
CHECKOUT_DROPPED_OFF,user ne checkout beech me chhod diya,MAGIC_CHECKOUT,UTIB,25897.61,96.5,0,BEHAVIORAL_DROPOFF
GATEWAY_ERROR,issuer node degraded during mandate authorization,UPI_AUTOPAY,HDFC,10490.77,99.4,0,TRANSIENT_TECHNICAL
GATEWAY_ERROR,"downstream gateway error, retry after clearing window",UPI_AUTOPAY,UTIB,21185.85,96.5,0,TRANSIENT_TECHNICAL
CART_ABANDONED_SHIPPING_FRICTION,shipping fee dekh kar customer ne cart chhod diya,MAGIC_CHECKOUT,UTIB,16560.33,96.5,3,BEHAVIORAL_DROPOFF
ACCOUNT_CLOSED,"account band ho gaya hai, retry bekar hai",UPI_AUTOPAY,UTIB,6560.49,96.5,1,HARD_PERMANENT
MANDATE_AMOUNT_EXCEEDS_CAP,"autopay cap se zyada amount, bank ne decline kiya",UPI_AUTOPAY,SBIN,40459.19,78.2,0,SOFT_FINANCIAL
FRAUD_DETECTED,"suspicious activity, fraud check fail",CARD_MANDATE,ICIC,9634.51,98.9,0,HARD_PERMANENT
FRAUD_DETECTED,High-risk score flagged by issuer fraud detection switch,CARD_MANDATE,KKBK,25114.12,97.8,0,HARD_PERMANENT
PURCHASE_ORDER_MISMATCH,"PO amount mismatch, reconciliation on hold",B2B_INVOICE,SBIN,1500.17,78.2,0,COMMERCIAL_DISPUTE
CHECKOUT_DROPPED_OFF,Customer abandoned session at shipping/payment step,MAGIC_CHECKOUT,SBIN,24399.77,78.2,1,BEHAVIORAL_DROPOFF
CARD_EXPIRED,Mandate card token expired; bank declined authorization,CARD_MANDATE,HDFC,20548.46,99.4,0,HARD_PERMANENT
FRAUD_DETECTED,High-risk score flagged by issuer fraud detection switch,CARD_MANDATE,ICIC,2533.99,98.9,0,HARD_PERMANENT
BANK_DEBIT_FAILED_TECHNICAL,debit attempt failed due to issuer switch congestion,UPI_AUTOPAY,UTIB,41249.79,96.5,0,TRANSIENT_TECHNICAL
TOKENIZATION_TIMEOUT,"tokenization service slow, mandate auth timed out",CARD_MANDATE,HDFC,37459.86,99.4,1,TRANSIENT_TECHNICAL
PURCHASE_ORDER_MISMATCH,purchase order aur invoice me antar hai,B2B_INVOICE,ICIC,18743.03,98.9,1,COMMERCIAL_DISPUTE
FRAUD_DETECTED,"suspicious activity, fraud check fail",CARD_MANDATE,HDFC,17506.4,99.4,2,HARD_PERMANENT
TOKENIZATION_TIMEOUT,card token vault timeout during authorization,CARD_MANDATE,KKBK,39283.27,97.8,1,TRANSIENT_TECHNICAL
CHECKOUT_DROPPED_OFF,OTP verification timed out during checkout,MAGIC_CHECKOUT,UTIB,28375.35,96.5,0,BEHAVIORAL_DROPOFF
STOLEN_CARD,stolen card hotlisted by issuer,CARD_MANDATE,SBIN,7167.88,78.2,1,HARD_PERMANENT
BANK_DEBIT_FAILED_TECHNICAL,"bank server busy, auto-debit fail ho gaya technical issue se",UPI_AUTOPAY,UTIB,17859.69,96.5,1,TRANSIENT_TECHNICAL
INVOICE_APPROVAL_PENDING,procurement team se approval pending hai,B2B_INVOICE,KKBK,32666.6,97.8,0,COMMERCIAL_DISPUTE
INSUFFICIENT_FUNDS,Mandate debit declined due to low card account balance,UPI_AUTOPAY,SBIN,28298.23,78.2,1,SOFT_FINANCIAL
UPI_DAILY_LIMIT_EXCEEDED,"Customer reached daily UPI transaction limit of Rs.1,00,000",UPI_AUTOPAY,SBIN,4666.99,78.2,0,SOFT_FINANCIAL
CARD_EXPIRED,Mandate card token expired; bank declined authorization,CARD_MANDATE,HDFC,23984.56,99.4,1,HARD_PERMANENT
BANK_DEBIT_FAILED_TECHNICAL,Issuer node degradation during 02:00 AM auto-debit window,UPI_AUTOPAY,ICIC,44216.89,98.9,1,TRANSIENT_TECHNICAL
OTP_TIMEOUT,OTP verification timed out during checkout,MAGIC_CHECKOUT,HDFC,20557.23,99.4,0,TRANSIENT_TECHNICAL
PURCHASE_ORDER_MISMATCH,purchase order aur invoice me antar hai,B2B_INVOICE,HDFC,35947.41,99.4,0,COMMERCIAL_DISPUTE
CHECKOUT_DROPPED_OFF,user ne checkout beech me chhod diya,MAGIC_CHECKOUT,HDFC,26531.1,99.4,1,BEHAVIORAL_DROPOFF
INVALID_VPA_PERMANENT,"galat UPI ID, ye VPA exist nahi karti",UPI_AUTOPAY,SBIN,26997.96,78.2,2,HARD_PERMANENT
CART_ABANDONED_SHIPPING_FRICTION,shipping fee dekh kar customer ne cart chhod diya,MAGIC_CHECKOUT,HDFC,7934.5,99.4,0,BEHAVIORAL_DROPOFF
PURCHASE_ORDER_MISMATCH,purchase order aur invoice me antar hai,B2B_INVOICE,ICIC,11389.1,98.9,1,COMMERCIAL_DISPUTE
PAYMENT_METHOD_UNAVAILABLE,selected UPI method unavailable at checkout,MAGIC_CHECKOUT,SBIN,1160.61,78.2,3,BEHAVIORAL_DROPOFF
INVOICE_APPROVAL_PENDING,Invoice stuck in enterprise procurement approval workflow,B2B_INVOICE,SBIN,5260.92,78.2,0,COMMERCIAL_DISPUTE
NPCI_TIMEOUT,"NPCI timeout, bank se confirmation nahi aaya",UPI_AUTOPAY,ICIC,30892.13,98.9,0,TRANSIENT_TECHNICAL
UPI_DAILY_LIMIT_EXCEEDED,"limit exceed, transaction declined by bank",UPI_AUTOPAY,UTIB,38279.73,96.5,0,SOFT_FINANCIAL
GATEWAY_ERROR,504 Gateway Timeout from NPCI switch,UPI_AUTOPAY,KKBK,36776.95,97.8,0,TRANSIENT_TECHNICAL
INVOICE_APPROVAL_PENDING,procurement team se approval pending hai,B2B_INVOICE,ICIC,20037.72,98.9,3,COMMERCIAL_DISPUTE
ACCOUNT_CLOSED,"account band ho gaya hai, retry bekar hai",UPI_AUTOPAY,KKBK,37859.52,97.8,1,HARD_PERMANENT
STOLEN_CARD,"chori ka card report hua, block hai",CARD_MANDATE,HDFC,12338.37,99.4,0,HARD_PERMANENT
FRAUD_DETECTED,High-risk score flagged by issuer fraud detection switch,CARD_MANDATE,ICIC,27700.08,98.9,1,HARD_PERMANENT
STOLEN_CARD,"chori ka card report hua, block hai",CARD_MANDATE,HDFC,27620.68,99.4,3,HARD_PERMANENT
INVOICE_OVERDUE_30_DAYS,Net-30 invoice crossed due date without payment reconciliation,B2B_INVOICE,UTIB,22457.71,96.5,1,COMMERCIAL_DISPUTE
FRAUD_DETECTED,"suspicious activity, fraud check fail",CARD_MANDATE,UTIB,28632.44,96.5,0,HARD_PERMANENT
FRAUD_DETECTED,"suspicious activity, fraud check fail",CARD_MANDATE,UTIB,10645.31,96.5,0,HARD_PERMANENT
PAYMENT_METHOD_UNAVAILABLE,payment option show nahi ho raha tha,MAGIC_CHECKOUT,UTIB,14486.34,96.5,0,BEHAVIORAL_DROPOFF
FRAUD_DETECTED,"suspicious activity, fraud check fail",CARD_MANDATE,KKBK,7080.92,97.8,1,HARD_PERMANENT
CARD_EXPIRED,"card expiry ho gayi, naya card link karo",CARD_MANDATE,ICIC,24514.16,98.9,0,HARD_PERMANENT
CHECKOUT_DROPPED_OFF,Customer abandoned session at shipping/payment step,MAGIC_CHECKOUT,ICIC,25856.74,98.9,0,BEHAVIORAL_DROPOFF
CHECKOUT_DROPPED_OFF,OTP verification timed out during checkout,MAGIC_CHECKOUT,ICIC,5441.86,98.9,0,BEHAVIORAL_DROPOFF
OTP_TIMEOUT,OTP verification timed out during checkout,MAGIC_CHECKOUT,HDFC,6992.39,99.4,0,TRANSIENT_TECHNICAL
INVOICE_OVERDUE_30_DAYS,"30 din se payment pending, accounts se approval nahi aaya",B2B_INVOICE,SBIN,19727.38,78.2,1,COMMERCIAL_DISPUTE
CHECKOUT_DROPPED_OFF,OTP verification timed out during checkout,MAGIC_CHECKOUT,UTIB,7920.92,96.5,1,BEHAVIORAL_DROPOFF
INVOICE_APPROVAL_PENDING,Invoice stuck in enterprise procurement approval workflow,B2B_INVOICE,HDFC,19529.04,99.4,0,COMMERCIAL_DISPUTE
INVOICE_OVERDUE_30_DAYS,"30 din se payment pending, accounts se approval nahi aaya",B2B_INVOICE,KKBK,23243.38,97.8,2,COMMERCIAL_DISPUTE
TOKENIZATION_TIMEOUT,"tokenization service slow, mandate auth timed out",CARD_MANDATE,HDFC,8914.22,99.4,2,TRANSIENT_TECHNICAL
CART_ABANDONED_SHIPPING_FRICTION,User exited after shipping charge calculated,MAGIC_CHECKOUT,KKBK,34260.44,97.8,0,BEHAVIORAL_DROPOFF
BANK_DEBIT_FAILED_TECHNICAL,"bank server busy, auto-debit fail ho gaya technical issue se",UPI_AUTOPAY,KKBK,24142.12,97.8,3,TRANSIENT_TECHNICAL
INSUFFICIENT_FUNDS,Salary credit not yet posted; balance too low for auto-debit,UPI_AUTOPAY,HDFC,36887.53,99.4,0,SOFT_FINANCIAL
FRAUD_DETECTED,High-risk score flagged by issuer fraud detection switch,CARD_MANDATE,HDFC,42749.06,99.4,0,HARD_PERMANENT
CARD_EXPIRED,"card expiry ho gayi, naya card link karo",CARD_MANDATE,ICIC,23108.52,98.9,0,HARD_PERMANENT
MANDATE_AMOUNT_EXCEEDS_CAP,"mandate amount exceeds NPCI cap of Rs.1,00,000",UPI_AUTOPAY,UTIB,24545.65,96.5,1,SOFT_FINANCIAL
PURCHASE_ORDER_MISMATCH,purchase order aur invoice me antar hai,B2B_INVOICE,ICIC,40234.5,98.9,0,COMMERCIAL_DISPUTE
UPI_DAILY_LIMIT_EXCEEDED,"Customer reached daily UPI transaction limit of Rs.1,00,000",UPI_AUTOPAY,KKBK,14836.23,97.8,1,SOFT_FINANCIAL
TOKENIZATION_TIMEOUT,card token vault timeout during authorization,CARD_MANDATE,UTIB,14056.12,96.5,0,TRANSIENT_TECHNICAL
CHECKOUT_DROPPED_OFF,OTP verification timed out during checkout,MAGIC_CHECKOUT,HDFC,2106.64,99.4,1,BEHAVIORAL_DROPOFF
FRAUD_DETECTED,"suspicious activity, fraud check fail",CARD_MANDATE,UTIB,28794.62,96.5,1,HARD_PERMANENT
INSUFFICIENT_FUNDS,"account me paise nahi hai, balance insufficient",UPI_AUTOPAY,KKBK,14862.02,97.8,2,SOFT_FINANCIAL
NPCI_TIMEOUT,"NPCI timeout, bank se confirmation nahi aaya",UPI_AUTOPAY,UTIB,12822.53,96.5,3,TRANSIENT_TECHNICAL
NPCI_TIMEOUT,"NPCI timeout, bank se confirmation nahi aaya",UPI_AUTOPAY,ICIC,34922.95,98.9,0,TRANSIENT_TECHNICAL
OTP_TIMEOUT,OTP verification timed out during checkout,MAGIC_CHECKOUT,SBIN,13468.8,78.2,0,TRANSIENT_TECHNICAL
CART_ABANDONED_SHIPPING_FRICTION,User exited after shipping charge calculated,MAGIC_CHECKOUT,UTIB,36427.93,96.5,0,BEHAVIORAL_DROPOFF
CARD_EXPIRED,Mandate card token expired; bank declined authorization,CARD_MANDATE,SBIN,965.44,78.2,2,HARD_PERMANENT
CARD_EXPIRED,Mandate card token expired; bank declined authorization,CARD_MANDATE,ICIC,7505.83,98.9,0,HARD_PERMANENT
TOKENIZATION_TIMEOUT,card token vault timeout during authorization,CARD_MANDATE,HDFC,12806.2,99.4,1,TRANSIENT_TECHNICAL
STOLEN_CARD,stolen card hotlisted by issuer,CARD_MANDATE,HDFC,21302.93,99.4,1,HARD_PERMANENT
PAYMENT_METHOD_UNAVAILABLE,selected UPI method unavailable at checkout,MAGIC_CHECKOUT,UTIB,26547.7,96.5,1,BEHAVIORAL_DROPOFF
INVALID_VPA_PERMANENT,"VPA does not exist, invalid payee address",UPI_AUTOPAY,SBIN,23212.7,78.2,0,HARD_PERMANENT
CART_ABANDONED_SHIPPING_FRICTION,User exited after shipping charge calculated,MAGIC_CHECKOUT,HDFC,10025.66,99.4,1,BEHAVIORAL_DROPOFF
OTP_TIMEOUT,"customer ne OTP time par enter nahi kiya, session expire",MAGIC_CHECKOUT,HDFC,33239.76,99.4,2,TRANSIENT_TECHNICAL
FRAUD_DETECTED,High-risk score flagged by issuer fraud detection switch,CARD_MANDATE,HDFC,440.15,99.4,0,HARD_PERMANENT
FRAUD_DETECTED,"suspicious activity, fraud check fail",CARD_MANDATE,SBIN,24569.48,78.2,0,HARD_PERMANENT
CART_ABANDONED_SHIPPING_FRICTION,User exited after shipping charge calculated,MAGIC_CHECKOUT,ICIC,28504.64,98.9,0,BEHAVIORAL_DROPOFF
FRAUD_DETECTED,"suspicious activity, fraud check fail",CARD_MANDATE,SBIN,39905.94,78.2,0,HARD_PERMANENT
TOKENIZATION_TIMEOUT,card token vault timeout during authorization,CARD_MANDATE,ICIC,24980.71,98.9,0,TRANSIENT_TECHNICAL
OTP_TIMEOUT,OTP verification timed out during checkout,MAGIC_CHECKOUT,KKBK,34575.09,97.8,0,TRANSIENT_TECHNICAL
BANK_DEBIT_FAILED_TECHNICAL,debit attempt failed due to issuer switch congestion,UPI_AUTOPAY,UTIB,24121.92,96.5,1,TRANSIENT_TECHNICAL
FRAUD_DETECTED,"suspicious activity, fraud check fail",CARD_MANDATE,UTIB,42023.53,96.5,3,HARD_PERMANENT
INSUFFICIENT_FUNDS,Salary credit not yet posted; balance too low for auto-debit,UPI_AUTOPAY,KKBK,44683.86,97.8,0,SOFT_FINANCIAL
STOLEN_CARD,"chori ka card report hua, block hai",CARD_MANDATE,SBIN,9808.37,78.2,1,HARD_PERMANENT
OTP_TIMEOUT,OTP verification timed out during checkout,MAGIC_CHECKOUT,KKBK,15262.1,97.8,0,TRANSIENT_TECHNICAL
TOKENIZATION_TIMEOUT,"tokenization service slow, mandate auth timed out",CARD_MANDATE,SBIN,18014.09,78.2,0,TRANSIENT_TECHNICAL
INSUFFICIENT_FUNDS,Mandate debit declined due to low card account balance,UPI_AUTOPAY,KKBK,13849.99,97.8,3,SOFT_FINANCIAL
CART_ABANDONED_SHIPPING_FRICTION,User exited after shipping charge calculated,MAGIC_CHECKOUT,HDFC,8705.45,99.4,2,BEHAVIORAL_DROPOFF
STOLEN_CARD,stolen card hotlisted by issuer,CARD_MANDATE,SBIN,40522.99,78.2,2,HARD_PERMANENT
CHECKOUT_DROPPED_OFF,Customer abandoned session at shipping/payment step,MAGIC_CHECKOUT,KKBK,38241.71,97.8,2,BEHAVIORAL_DROPOFF
INSUFFICIENT_FUNDS,"account me paise nahi hai, balance insufficient",UPI_AUTOPAY,SBIN,20856.14,78.2,1,SOFT_FINANCIAL
CARD_EXPIRED,"card expiry ho gayi, naya card link karo",CARD_MANDATE,ICIC,31929.18,98.9,3,HARD_PERMANENT
ACCOUNT_CLOSED,"account band ho gaya hai, retry bekar hai",UPI_AUTOPAY,UTIB,22286.27,96.5,0,HARD_PERMANENT
BANK_DEBIT_FAILED_TECHNICAL,debit attempt failed due to issuer switch congestion,UPI_AUTOPAY,ICIC,37183.2,98.9,0,TRANSIENT_TECHNICAL
ACCOUNT_CLOSED,"customer account closed, debit returned",UPI_AUTOPAY,ICIC,11281.08,98.9,0,HARD_PERMANENT
CHECKOUT_DROPPED_OFF,user ne checkout beech me chhod diya,MAGIC_CHECKOUT,KKBK,20117.29,97.8,1,BEHAVIORAL_DROPOFF
CART_ABANDONED_SHIPPING_FRICTION,shipping fee dekh kar customer ne cart chhod diya,MAGIC_CHECKOUT,KKBK,31326.45,97.8,0,BEHAVIORAL_DROPOFF
UPI_DAILY_LIMIT_EXCEEDED,"UPI daily cap khatam, kal retry karo",UPI_AUTOPAY,KKBK,38424.5,97.8,2,SOFT_FINANCIAL
INSUFFICIENT_FUNDS,"account me paise nahi hai, balance insufficient",UPI_AUTOPAY,ICIC,29800.86,98.9,0,SOFT_FINANCIAL
ACCOUNT_CLOSED,"customer account closed, debit returned",UPI_AUTOPAY,UTIB,17083.17,96.5,2,HARD_PERMANENT
NPCI_TIMEOUT,"NPCI timeout, bank se confirmation nahi aaya",UPI_AUTOPAY,UTIB,34414.39,96.5,1,TRANSIENT_TECHNICAL
MANDATE_AMOUNT_EXCEEDS_CAP,"mandate amount exceeds NPCI cap of Rs.1,00,000",UPI_AUTOPAY,SBIN,14699.86,78.2,0,SOFT_FINANCIAL
INVOICE_APPROVAL_PENDING,Invoice stuck in enterprise procurement approval workflow,B2B_INVOICE,ICIC,14810.86,98.9,1,COMMERCIAL_DISPUTE
INVALID_VPA_PERMANENT,"galat UPI ID, ye VPA exist nahi karti",UPI_AUTOPAY,HDFC,34426.8,99.4,2,HARD_PERMANENT
INVOICE_APPROVAL_PENDING,Invoice stuck in enterprise procurement approval workflow,B2B_INVOICE,KKBK,38801.92,97.8,0,COMMERCIAL_DISPUTE
PAYMENT_METHOD_UNAVAILABLE,payment option show nahi ho raha tha,MAGIC_CHECKOUT,UTIB,6592.97,96.5,1,BEHAVIORAL_DROPOFF
OTP_TIMEOUT,"customer ne OTP time par enter nahi kiya, session expire",MAGIC_CHECKOUT,KKBK,44483.12,97.8,0,TRANSIENT_TECHNICAL
CARD_EXPIRED,"card expiry ho gayi, naya card link karo",CARD_MANDATE,KKBK,27918.99,97.8,1,HARD_PERMANENT
ACCOUNT_CLOSED,"customer account closed, debit returned",UPI_AUTOPAY,KKBK,35226.52,97.8,1,HARD_PERMANENT
INVOICE_APPROVAL_PENDING,procurement team se approval pending hai,B2B_INVOICE,ICIC,25249.48,98.9,2,COMMERCIAL_DISPUTE
UPI_DAILY_LIMIT_EXCEEDED,"UPI daily cap khatam, kal retry karo",UPI_AUTOPAY,UTIB,12555.1,96.5,1,SOFT_FINANCIAL
GATEWAY_ERROR,"downstream gateway error, retry after clearing window",UPI_AUTOPAY,HDFC,18610.13,99.4,0,TRANSIENT_TECHNICAL
INVOICE_APPROVAL_PENDING,procurement team se approval pending hai,B2B_INVOICE,KKBK,42478.77,97.8,0,COMMERCIAL_DISPUTE
GATEWAY_ERROR,"payment gateway ne response nahi diya, timeout ho gaya",UPI_AUTOPAY,KKBK,24231.82,97.8,1,TRANSIENT_TECHNICAL
CART_ABANDONED_SHIPPING_FRICTION,shipping fee dekh kar customer ne cart chhod diya,MAGIC_CHECKOUT,ICIC,34982.75,98.9,1,BEHAVIORAL_DROPOFF
ACCOUNT_CLOSED,"account band ho gaya hai, retry bekar hai",UPI_AUTOPAY,ICIC,14357.78,98.9,3,HARD_PERMANENT
FRAUD_DETECTED,"suspicious activity, fraud check fail",CARD_MANDATE,HDFC,14834.01,99.4,0,HARD_PERMANENT
CART_ABANDONED_SHIPPING_FRICTION,User exited after shipping charge calculated,MAGIC_CHECKOUT,SBIN,18050.93,78.2,1,BEHAVIORAL_DROPOFF
BANK_DEBIT_FAILED_TECHNICAL,debit attempt failed due to issuer switch congestion,UPI_AUTOPAY,UTIB,13185.82,96.5,1,TRANSIENT_TECHNICAL
BANK_DEBIT_FAILED_TECHNICAL,Downstream bank gateway timeout during debit attempt,UPI_AUTOPAY,KKBK,8224.72,97.8,1,TRANSIENT_TECHNICAL
INVALID_VPA_PERMANENT,"galat UPI ID, ye VPA exist nahi karti",UPI_AUTOPAY,KKBK,4875.09,97.8,0,HARD_PERMANENT
ACCOUNT_CLOSED,"customer account closed, debit returned",UPI_AUTOPAY,HDFC,14977.95,99.4,0,HARD_PERMANENT
TOKENIZATION_TIMEOUT,card token vault timeout during authorization,CARD_MANDATE,KKBK,26855.79,97.8,1,TRANSIENT_TECHNICAL
INVALID_VPA_PERMANENT,"VPA does not exist, invalid payee address",UPI_AUTOPAY,KKBK,15773.31,97.8,3,HARD_PERMANENT
INSUFFICIENT_FUNDS,Declined by customer bank due to low balance,UPI_AUTOPAY,SBIN,41660.28,78.2,1,SOFT_FINANCIAL
MANDATE_AMOUNT_EXCEEDS_CAP,"mandate amount exceeds NPCI cap of Rs.1,00,000",UPI_AUTOPAY,HDFC,227.31,99.4,0,SOFT_FINANCIAL
MANDATE_AMOUNT_EXCEEDS_CAP,"autopay cap se zyada amount, bank ne decline kiya",UPI_AUTOPAY,UTIB,4760.75,96.5,3,SOFT_FINANCIAL
MANDATE_AMOUNT_EXCEEDS_CAP,"mandate amount exceeds NPCI cap of Rs.1,00,000",UPI_AUTOPAY,HDFC,41019.9,99.4,0,SOFT_FINANCIAL
NPCI_TIMEOUT,Card network switch response timed out,UPI_AUTOPAY,HDFC,25196.08,99.4,3,TRANSIENT_TECHNICAL
UPI_DAILY_LIMIT_EXCEEDED,"Customer reached daily UPI transaction limit of Rs.1,00,000",UPI_AUTOPAY,UTIB,44047.89,96.5,2,SOFT_FINANCIAL
INVOICE_APPROVAL_PENDING,procurement team se approval pending hai,B2B_INVOICE,UTIB,25712.37,96.5,1,COMMERCIAL_DISPUTE
PURCHASE_ORDER_MISMATCH,"PO amount mismatch, reconciliation on hold",B2B_INVOICE,HDFC,23980.24,99.4,0,COMMERCIAL_DISPUTE
OTP_TIMEOUT,OTP verification timed out during checkout,MAGIC_CHECKOUT,HDFC,5261.45,99.4,3,TRANSIENT_TECHNICAL
GATEWAY_ERROR,"payment gateway ne response nahi diya, timeout ho gaya",UPI_AUTOPAY,ICIC,40007.18,98.9,0,TRANSIENT_TECHNICAL
BANK_DEBIT_FAILED_TECHNICAL,Issuer node degradation during 02:00 AM auto-debit window,UPI_AUTOPAY,ICIC,41368.16,98.9,0,TRANSIENT_TECHNICAL
INVALID_VPA_PERMANENT,"VPA does not exist, invalid payee address",UPI_AUTOPAY,KKBK,26869.3,97.8,0,HARD_PERMANENT
NPCI_TIMEOUT,Card network switch response timed out,UPI_AUTOPAY,ICIC,30003.54,98.9,1,TRANSIENT_TECHNICAL
TOKENIZATION_TIMEOUT,"tokenization service slow, mandate auth timed out",CARD_MANDATE,ICIC,7583.76,98.9,0,TRANSIENT_TECHNICAL
NPCI_TIMEOUT,UPI switch response timed out after 30 seconds,UPI_AUTOPAY,SBIN,5433.06,78.2,0,TRANSIENT_TECHNICAL
OTP_TIMEOUT,"customer ne OTP time par enter nahi kiya, session expire",MAGIC_CHECKOUT,SBIN,14330.42,78.2,1,TRANSIENT_TECHNICAL
FRAUD_DETECTED,High-risk score flagged by issuer fraud detection switch,CARD_MANDATE,SBIN,5793.94,78.2,0,HARD_PERMANENT
INVOICE_OVERDUE_30_DAYS,Net-30 invoice crossed due date without payment reconciliation,B2B_INVOICE,SBIN,41947.71,78.2,2,COMMERCIAL_DISPUTE
INVOICE_APPROVAL_PENDING,procurement team se approval pending hai,B2B_INVOICE,HDFC,11785.43,99.4,0,COMMERCIAL_DISPUTE
PURCHASE_ORDER_MISMATCH,purchase order aur invoice me antar hai,B2B_INVOICE,ICIC,24444.58,98.9,2,COMMERCIAL_DISPUTE
INVOICE_OVERDUE_30_DAYS,"30 din se payment pending, accounts se approval nahi aaya",B2B_INVOICE,KKBK,10182.34,97.8,1,COMMERCIAL_DISPUTE
INVOICE_OVERDUE_30_DAYS,Net-30 invoice crossed due date without payment reconciliation,B2B_INVOICE,HDFC,38194.87,99.4,3,COMMERCIAL_DISPUTE
INSUFFICIENT_FUNDS,Salary credit not yet posted; balance too low for auto-debit,UPI_AUTOPAY,ICIC,472.58,98.9,3,SOFT_FINANCIAL
CARD_EXPIRED,Mandate card token expired; bank declined authorization,CARD_MANDATE,ICIC,15118.49,98.9,0,HARD_PERMANENT
GATEWAY_ERROR,504 Gateway Timeout from NPCI switch,UPI_AUTOPAY,SBIN,31627.65,78.2,3,TRANSIENT_TECHNICAL
BANK_DEBIT_FAILED_TECHNICAL,Downstream bank gateway timeout during debit attempt,UPI_AUTOPAY,SBIN,17867.91,78.2,2,TRANSIENT_TECHNICAL
FRAUD_DETECTED,High-risk score flagged by issuer fraud detection switch,CARD_MANDATE,HDFC,41832.38,99.4,3,HARD_PERMANENT
PURCHASE_ORDER_MISMATCH,"PO amount mismatch, reconciliation on hold",B2B_INVOICE,SBIN,28571.8,78.2,1,COMMERCIAL_DISPUTE
PURCHASE_ORDER_MISMATCH,"PO amount mismatch, reconciliation on hold",B2B_INVOICE,UTIB,34803.33,96.5,1,COMMERCIAL_DISPUTE
TOKENIZATION_TIMEOUT,card token vault timeout during authorization,CARD_MANDATE,KKBK,15722.77,97.8,0,TRANSIENT_TECHNICAL
INVOICE_OVERDUE_30_DAYS,"30 din se payment pending, accounts se approval nahi aaya",B2B_INVOICE,SBIN,8305.5,78.2,2,COMMERCIAL_DISPUTE
INVOICE_APPROVAL_PENDING,Invoice stuck in enterprise procurement approval workflow,B2B_INVOICE,ICIC,6468.59,98.9,3,COMMERCIAL_DISPUTE
INVOICE_OVERDUE_30_DAYS,Net-30 invoice crossed due date without payment reconciliation,B2B_INVOICE,UTIB,5380.51,96.5,1,COMMERCIAL_DISPUTE
INVOICE_OVERDUE_30_DAYS,"30 din se payment pending, accounts se approval nahi aaya",B2B_INVOICE,ICIC,27749.28,98.9,1,COMMERCIAL_DISPUTE
CARD_EXPIRED,Mandate card token expired; bank declined authorization,CARD_MANDATE,ICIC,41247.33,98.9,1,HARD_PERMANENT
BANK_DEBIT_FAILED_TECHNICAL,"bank server busy, auto-debit fail ho gaya technical issue se",UPI_AUTOPAY,ICIC,27047.63,98.9,0,TRANSIENT_TECHNICAL
PAYMENT_METHOD_UNAVAILABLE,payment option show nahi ho raha tha,MAGIC_CHECKOUT,ICIC,12261.45,98.9,0,BEHAVIORAL_DROPOFF
MANDATE_AMOUNT_EXCEEDS_CAP,"mandate amount exceeds NPCI cap of Rs.1,00,000",UPI_AUTOPAY,ICIC,34802.27,98.9,0,SOFT_FINANCIAL
PAYMENT_METHOD_UNAVAILABLE,payment option show nahi ho raha tha,MAGIC_CHECKOUT,HDFC,37530.19,99.4,3,BEHAVIORAL_DROPOFF
PAYMENT_METHOD_UNAVAILABLE,selected UPI method unavailable at checkout,MAGIC_CHECKOUT,ICIC,26209.61,98.9,2,BEHAVIORAL_DROPOFF
UPI_DAILY_LIMIT_EXCEEDED,"UPI daily cap khatam, kal retry karo",UPI_AUTOPAY,SBIN,11845.35,78.2,3,SOFT_FINANCIAL
GATEWAY_ERROR,504 Gateway Timeout from NPCI switch,UPI_AUTOPAY,ICIC,10564.52,98.9,1,TRANSIENT_TECHNICAL
TOKENIZATION_TIMEOUT,card token vault timeout during authorization,CARD_MANDATE,SBIN,8945.76,78.2,1,TRANSIENT_TECHNICAL
GATEWAY_ERROR,"payment gateway ne response nahi diya, timeout ho gaya",UPI_AUTOPAY,HDFC,39348.22,99.4,0,TRANSIENT_TECHNICAL
GATEWAY_ERROR,issuer node degraded during mandate authorization,UPI_AUTOPAY,KKBK,41346.22,97.8,0,TRANSIENT_TECHNICAL
OTP_TIMEOUT,OTP verification timed out during checkout,MAGIC_CHECKOUT,KKBK,21454.13,97.8,1,TRANSIENT_TECHNICAL
FRAUD_DETECTED,High-risk score flagged by issuer fraud detection switch,CARD_MANDATE,ICIC,35789.09,98.9,1,HARD_PERMANENT
TOKENIZATION_TIMEOUT,"tokenization service slow, mandate auth timed out",CARD_MANDATE,SBIN,631.0,78.2,3,TRANSIENT_TECHNICAL
TOKENIZATION_TIMEOUT,"tokenization service slow, mandate auth timed out",CARD_MANDATE,SBIN,14354.76,78.2,0,TRANSIENT_TECHNICAL
INVOICE_OVERDUE_30_DAYS,Net-30 invoice crossed due date without payment reconciliation,B2B_INVOICE,HDFC,20143.08,99.4,0,COMMERCIAL_DISPUTE
OTP_TIMEOUT,"customer ne OTP time par enter nahi kiya, session expire",MAGIC_CHECKOUT,SBIN,41710.81,78.2,2,TRANSIENT_TECHNICAL
INSUFFICIENT_FUNDS,Mandate debit declined due to low card account balance,UPI_AUTOPAY,KKBK,2439.16,97.8,1,SOFT_FINANCIAL
UPI_DAILY_LIMIT_EXCEEDED,"Customer reached daily UPI transaction limit of Rs.1,00,000",UPI_AUTOPAY,ICIC,19232.96,98.9,1,SOFT_FINANCIAL
GATEWAY_ERROR,"downstream gateway error, retry after clearing window",UPI_AUTOPAY,ICIC,39147.04,98.9,1,TRANSIENT_TECHNICAL
CARD_EXPIRED,"card expiry ho gayi, naya card link karo",CARD_MANDATE,UTIB,33455.09,96.5,0,HARD_PERMANENT
UPI_DAILY_LIMIT_EXCEEDED,"UPI daily cap khatam, kal retry karo",UPI_AUTOPAY,KKBK,41959.91,97.8,0,SOFT_FINANCIAL
INSUFFICIENT_FUNDS,Salary credit not yet posted; balance too low for auto-debit,UPI_AUTOPAY,UTIB,6316.65,96.5,1,SOFT_FINANCIAL
UPI_DAILY_LIMIT_EXCEEDED,"UPI daily cap khatam, kal retry karo",UPI_AUTOPAY,UTIB,28383.53,96.5,1,SOFT_FINANCIAL
INVALID_VPA_PERMANENT,"galat UPI ID, ye VPA exist nahi karti",UPI_AUTOPAY,HDFC,27509.3,99.4,1,HARD_PERMANENT
UPI_DAILY_LIMIT_EXCEEDED,"Customer reached daily UPI transaction limit of Rs.1,00,000",UPI_AUTOPAY,HDFC,5224.13,99.4,1,SOFT_FINANCIAL
TOKENIZATION_TIMEOUT,"tokenization service slow, mandate auth timed out",CARD_MANDATE,UTIB,10408.03,96.5,0,TRANSIENT_TECHNICAL
TOKENIZATION_TIMEOUT,card token vault timeout during authorization,CARD_MANDATE,ICIC,7534.08,98.9,2,TRANSIENT_TECHNICAL
CARD_EXPIRED,"card expiry ho gayi, naya card link karo",CARD_MANDATE,KKBK,13214.11,97.8,0,HARD_PERMANENT
FRAUD_DETECTED,"suspicious activity, fraud check fail",CARD_MANDATE,UTIB,12605.98,96.5,1,HARD_PERMANENT
STOLEN_CARD,"chori ka card report hua, block hai",CARD_MANDATE,KKBK,33848.25,97.8,3,HARD_PERMANENT
PAYMENT_METHOD_UNAVAILABLE,payment option show nahi ho raha tha,MAGIC_CHECKOUT,UTIB,7846.38,96.5,0,BEHAVIORAL_DROPOFF
PURCHASE_ORDER_MISMATCH,purchase order aur invoice me antar hai,B2B_INVOICE,KKBK,15813.47,97.8,1,COMMERCIAL_DISPUTE
CHECKOUT_DROPPED_OFF,OTP verification timed out during checkout,MAGIC_CHECKOUT,HDFC,37947.74,99.4,0,BEHAVIORAL_DROPOFF
FRAUD_DETECTED,High-risk score flagged by issuer fraud detection switch,CARD_MANDATE,HDFC,19961.05,99.4,1,HARD_PERMANENT
PAYMENT_METHOD_UNAVAILABLE,selected UPI method unavailable at checkout,MAGIC_CHECKOUT,SBIN,13605.24,78.2,1,BEHAVIORAL_DROPOFF
GATEWAY_ERROR,"payment gateway ne response nahi diya, timeout ho gaya",UPI_AUTOPAY,HDFC,20902.53,99.4,0,TRANSIENT_TECHNICAL
UPI_DAILY_LIMIT_EXCEEDED,"limit exceed, transaction declined by bank",UPI_AUTOPAY,ICIC,41232.42,98.9,0,SOFT_FINANCIAL
INVOICE_OVERDUE_30_DAYS,Net-30 invoice crossed due date without payment reconciliation,B2B_INVOICE,ICIC,35807.06,98.9,0,COMMERCIAL_DISPUTE
OTP_TIMEOUT,"customer ne OTP time par enter nahi kiya, session expire",MAGIC_CHECKOUT,SBIN,23633.16,78.2,1,TRANSIENT_TECHNICAL
STOLEN_CARD,stolen card hotlisted by issuer,CARD_MANDATE,HDFC,8362.87,99.4,0,HARD_PERMANENT
ACCOUNT_CLOSED,"customer account closed, debit returned",UPI_AUTOPAY,KKBK,22723.93,97.8,3,HARD_PERMANENT
OTP_TIMEOUT,OTP verification timed out during checkout,MAGIC_CHECKOUT,HDFC,26099.46,99.4,1,TRANSIENT_TECHNICAL
PURCHASE_ORDER_MISMATCH,"PO amount mismatch, reconciliation on hold",B2B_INVOICE,ICIC,42547.59,98.9,0,COMMERCIAL_DISPUTE
UPI_DAILY_LIMIT_EXCEEDED,"Customer reached daily UPI transaction limit of Rs.1,00,000",UPI_AUTOPAY,HDFC,33257.14,99.4,1,SOFT_FINANCIAL
UPI_DAILY_LIMIT_EXCEEDED,"limit exceed, transaction declined by bank",UPI_AUTOPAY,SBIN,37535.91,78.2,1,SOFT_FINANCIAL
PAYMENT_METHOD_UNAVAILABLE,selected UPI method unavailable at checkout,MAGIC_CHECKOUT,ICIC,14339.22,98.9,1,BEHAVIORAL_DROPOFF
OTP_TIMEOUT,"customer ne OTP time par enter nahi kiya, session expire",MAGIC_CHECKOUT,KKBK,9505.33,97.8,3,TRANSIENT_TECHNICAL
MANDATE_AMOUNT_EXCEEDS_CAP,"mandate amount exceeds NPCI cap of Rs.1,00,000",UPI_AUTOPAY,ICIC,33553.95,98.9,1,SOFT_FINANCIAL
ACCOUNT_CLOSED,"account band ho gaya hai, retry bekar hai",UPI_AUTOPAY,HDFC,34642.11,99.4,2,HARD_PERMANENT
INVOICE_OVERDUE_30_DAYS,Net-30 invoice crossed due date without payment reconciliation,B2B_INVOICE,SBIN,30365.06,78.2,0,COMMERCIAL_DISPUTE
CART_ABANDONED_SHIPPING_FRICTION,User exited after shipping charge calculated,MAGIC_CHECKOUT,KKBK,11001.92,97.8,1,BEHAVIORAL_DROPOFF
CARD_EXPIRED,Mandate card token expired; bank declined authorization,CARD_MANDATE,SBIN,43141.92,78.2,1,HARD_PERMANENT
CHECKOUT_DROPPED_OFF,OTP verification timed out during checkout,MAGIC_CHECKOUT,UTIB,13969.65,96.5,2,BEHAVIORAL_DROPOFF
INVOICE_OVERDUE_30_DAYS,"30 din se payment pending, accounts se approval nahi aaya",B2B_INVOICE,HDFC,11101.29,99.4,1,COMMERCIAL_DISPUTE
BANK_DEBIT_FAILED_TECHNICAL,Downstream bank gateway timeout during debit attempt,UPI_AUTOPAY,KKBK,14897.76,97.8,1,TRANSIENT_TECHNICAL
CART_ABANDONED_SHIPPING_FRICTION,User exited after shipping charge calculated,MAGIC_CHECKOUT,HDFC,12895.92,99.4,0,BEHAVIORAL_DROPOFF
CHECKOUT_DROPPED_OFF,user ne checkout beech me chhod diya,MAGIC_CHECKOUT,SBIN,32215.3,78.2,0,BEHAVIORAL_DROPOFF
NPCI_TIMEOUT,UPI switch response timed out after 30 seconds,UPI_AUTOPAY,ICIC,41983.38,98.9,3,TRANSIENT_TECHNICAL
STOLEN_CARD,"chori ka card report hua, block hai",CARD_MANDATE,SBIN,17183.72,78.2,1,HARD_PERMANENT
CHECKOUT_DROPPED_OFF,user ne checkout beech me chhod diya,MAGIC_CHECKOUT,HDFC,9922.29,99.4,0,BEHAVIORAL_DROPOFF
STOLEN_CARD,"chori ka card report hua, block hai",CARD_MANDATE,KKBK,11190.75,97.8,0,HARD_PERMANENT
INSUFFICIENT_FUNDS,Declined by customer bank due to low balance,UPI_AUTOPAY,HDFC,28272.71,99.4,1,SOFT_FINANCIAL
INVOICE_OVERDUE_30_DAYS,"30 din se payment pending, accounts se approval nahi aaya",B2B_INVOICE,HDFC,16628.34,99.4,0,COMMERCIAL_DISPUTE
PAYMENT_METHOD_UNAVAILABLE,selected UPI method unavailable at checkout,MAGIC_CHECKOUT,HDFC,29349.29,99.4,3,BEHAVIORAL_DROPOFF
NPCI_TIMEOUT,Card network switch response timed out,UPI_AUTOPAY,SBIN,26397.87,78.2,1,TRANSIENT_TECHNICAL
FRAUD_DETECTED,"suspicious activity, fraud check fail",CARD_MANDATE,ICIC,35585.24,98.9,0,HARD_PERMANENT
CART_ABANDONED_SHIPPING_FRICTION,shipping fee dekh kar customer ne cart chhod diya,MAGIC_CHECKOUT,ICIC,11224.5,98.9,2,BEHAVIORAL_DROPOFF
BANK_DEBIT_FAILED_TECHNICAL,Issuer node degradation during 02:00 AM auto-debit window,UPI_AUTOPAY,KKBK,41013.32,97.8,1,TRANSIENT_TECHNICAL
PURCHASE_ORDER_MISMATCH,"PO amount mismatch, reconciliation on hold",B2B_INVOICE,UTIB,1461.18,96.5,0,COMMERCIAL_DISPUTE
TOKENIZATION_TIMEOUT,"tokenization service slow, mandate auth timed out",CARD_MANDATE,UTIB,18561.1,96.5,0,TRANSIENT_TECHNICAL
INSUFFICIENT_FUNDS,"account me paise nahi hai, balance insufficient",UPI_AUTOPAY,SBIN,23551.07,78.2,1,SOFT_FINANCIAL
INVALID_VPA_PERMANENT,"galat UPI ID, ye VPA exist nahi karti",UPI_AUTOPAY,HDFC,36801.43,99.4,2,HARD_PERMANENT
OTP_TIMEOUT,OTP verification timed out during checkout,MAGIC_CHECKOUT,HDFC,40219.79,99.4,1,TRANSIENT_TECHNICAL
PAYMENT_METHOD_UNAVAILABLE,payment option show nahi ho raha tha,MAGIC_CHECKOUT,SBIN,15196.68,78.2,3,BEHAVIORAL_DROPOFF
INVOICE_APPROVAL_PENDING,procurement team se approval pending hai,B2B_INVOICE,ICIC,2118.89,98.9,0,COMMERCIAL_DISPUTE
CART_ABANDONED_SHIPPING_FRICTION,User exited after shipping charge calculated,MAGIC_CHECKOUT,SBIN,30183.36,78.2,1,BEHAVIORAL_DROPOFF
ACCOUNT_CLOSED,"customer account closed, debit returned",UPI_AUTOPAY,UTIB,44109.77,96.5,0,HARD_PERMANENT
INVALID_VPA_PERMANENT,"VPA does not exist, invalid payee address",UPI_AUTOPAY,UTIB,19001.91,96.5,1,HARD_PERMANENT
CHECKOUT_DROPPED_OFF,OTP verification timed out during checkout,MAGIC_CHECKOUT,HDFC,11994.97,99.4,0,BEHAVIORAL_DROPOFF
INVALID_VPA_PERMANENT,"galat UPI ID, ye VPA exist nahi karti",UPI_AUTOPAY,HDFC,23892.84,99.4,1,HARD_PERMANENT
INSUFFICIENT_FUNDS,"account me paise nahi hai, balance insufficient",UPI_AUTOPAY,SBIN,41710.04,78.2,1,SOFT_FINANCIAL
OTP_TIMEOUT,OTP verification timed out during checkout,MAGIC_CHECKOUT,UTIB,22388.81,96.5,0,TRANSIENT_TECHNICAL
ACCOUNT_CLOSED,"customer account closed, debit returned",UPI_AUTOPAY,SBIN,22852.91,78.2,3,HARD_PERMANENT
INVALID_VPA_PERMANENT,"galat UPI ID, ye VPA exist nahi karti",UPI_AUTOPAY,ICIC,39228.23,98.9,3,HARD_PERMANENT
MANDATE_AMOUNT_EXCEEDS_CAP,"mandate amount exceeds NPCI cap of Rs.1,00,000",UPI_AUTOPAY,SBIN,37435.72,78.2,3,SOFT_FINANCIAL
INVOICE_OVERDUE_30_DAYS,"30 din se payment pending, accounts se approval nahi aaya",B2B_INVOICE,SBIN,38094.3,78.2,0,COMMERCIAL_DISPUTE
PAYMENT_METHOD_UNAVAILABLE,payment option show nahi ho raha tha,MAGIC_CHECKOUT,SBIN,1152.05,78.2,1,BEHAVIORAL_DROPOFF
TOKENIZATION_TIMEOUT,card token vault timeout during authorization,CARD_MANDATE,HDFC,34138.4,99.4,3,TRANSIENT_TECHNICAL
INVALID_VPA_PERMANENT,"VPA does not exist, invalid payee address",UPI_AUTOPAY,SBIN,13866.3,78.2,0,HARD_PERMANENT
UPI_DAILY_LIMIT_EXCEEDED,"limit exceed, transaction declined by bank",UPI_AUTOPAY,KKBK,40571.24,97.8,1,SOFT_FINANCIAL
PURCHASE_ORDER_MISMATCH,"PO amount mismatch, reconciliation on hold",B2B_INVOICE,KKBK,21250.69,97.8,2,COMMERCIAL_DISPUTE
MANDATE_AMOUNT_EXCEEDS_CAP,"mandate amount exceeds NPCI cap of Rs.1,00,000",UPI_AUTOPAY,SBIN,9806.53,78.2,0,SOFT_FINANCIAL
PURCHASE_ORDER_MISMATCH,purchase order aur invoice me antar hai,B2B_INVOICE,HDFC,37356.95,99.4,0,COMMERCIAL_DISPUTE
INSUFFICIENT_FUNDS,Declined by customer bank due to low balance,UPI_AUTOPAY,KKBK,757.06,97.8,0,SOFT_FINANCIAL
MANDATE_AMOUNT_EXCEEDS_CAP,"mandate amount exceeds NPCI cap of Rs.1,00,000",UPI_AUTOPAY,KKBK,37200.35,97.8,3,SOFT_FINANCIAL
OTP_TIMEOUT,OTP verification timed out during checkout,MAGIC_CHECKOUT,SBIN,24613.35,78.2,1,TRANSIENT_TECHNICAL
CHECKOUT_DROPPED_OFF,user ne checkout beech me chhod diya,MAGIC_CHECKOUT,ICIC,35480.88,98.9,0,BEHAVIORAL_DROPOFF
INVALID_VPA_PERMANENT,"VPA does not exist, invalid payee address",UPI_AUTOPAY,SBIN,38833.43,78.2,0,HARD_PERMANENT
CARD_EXPIRED,Mandate card token expired; bank declined authorization,CARD_MANDATE,ICIC,20368.87,98.9,0,HARD_PERMANENT
ACCOUNT_CLOSED,"account band ho gaya hai, retry bekar hai",UPI_AUTOPAY,ICIC,3168.62,98.9,0,HARD_PERMANENT
PURCHASE_ORDER_MISMATCH,purchase order aur invoice me antar hai,B2B_INVOICE,HDFC,25512.74,99.4,0,COMMERCIAL_DISPUTE
INVALID_VPA_PERMANENT,"galat UPI ID, ye VPA exist nahi karti",UPI_AUTOPAY,SBIN,37840.29,78.2,2,HARD_PERMANENT
CARD_EXPIRED,Mandate card token expired; bank declined authorization,CARD_MANDATE,KKBK,21825.39,97.8,1,HARD_PERMANENT
INVOICE_APPROVAL_PENDING,Invoice stuck in enterprise procurement approval workflow,B2B_INVOICE,SBIN,6659.23,78.2,0,COMMERCIAL_DISPUTE
TOKENIZATION_TIMEOUT,"tokenization service slow, mandate auth timed out",CARD_MANDATE,HDFC,26514.29,99.4,2,TRANSIENT_TECHNICAL
TOKENIZATION_TIMEOUT,"tokenization service slow, mandate auth timed out",CARD_MANDATE,SBIN,33549.26,78.2,0,TRANSIENT_TECHNICAL
UPI_DAILY_LIMIT_EXCEEDED,"UPI daily cap khatam, kal retry karo",UPI_AUTOPAY,SBIN,8412.47,78.2,0,SOFT_FINANCIAL
CARD_EXPIRED,"card expiry ho gayi, naya card link karo",CARD_MANDATE,ICIC,35746.39,98.9,0,HARD_PERMANENT
INVOICE_APPROVAL_PENDING,Invoice stuck in enterprise procurement approval workflow,B2B_INVOICE,ICIC,37490.53,98.9,2,COMMERCIAL_DISPUTE
GATEWAY_ERROR,issuer node degraded during mandate authorization,UPI_AUTOPAY,UTIB,4664.71,96.5,1,TRANSIENT_TECHNICAL
BANK_DEBIT_FAILED_TECHNICAL,Downstream bank gateway timeout during debit attempt,UPI_AUTOPAY,SBIN,13884.75,78.2,1,TRANSIENT_TECHNICAL
OTP_TIMEOUT,OTP verification timed out during checkout,MAGIC_CHECKOUT,UTIB,9836.24,96.5,1,TRANSIENT_TECHNICAL
ACCOUNT_CLOSED,"customer account closed, debit returned",UPI_AUTOPAY,KKBK,18090.56,97.8,2,HARD_PERMANENT
FRAUD_DETECTED,High-risk score flagged by issuer fraud detection switch,CARD_MANDATE,SBIN,35100.59,78.2,0,HARD_PERMANENT
INVOICE_OVERDUE_30_DAYS,Net-30 invoice crossed due date without payment reconciliation,B2B_INVOICE,UTIB,40218.05,96.5,1,COMMERCIAL_DISPUTE
CHECKOUT_DROPPED_OFF,Customer abandoned session at shipping/payment step,MAGIC_CHECKOUT,KKBK,16344.88,97.8,1,BEHAVIORAL_DROPOFF
TOKENIZATION_TIMEOUT,card token vault timeout during authorization,CARD_MANDATE,HDFC,15384.93,99.4,1,TRANSIENT_TECHNICAL
INVOICE_OVERDUE_30_DAYS,Net-30 invoice crossed due date without payment reconciliation,B2B_INVOICE,HDFC,4490.03,99.4,0,COMMERCIAL_DISPUTE
CHECKOUT_DROPPED_OFF,user ne checkout beech me chhod diya,MAGIC_CHECKOUT,KKBK,43463.18,97.8,0,BEHAVIORAL_DROPOFF
PAYMENT_METHOD_UNAVAILABLE,selected UPI method unavailable at checkout,MAGIC_CHECKOUT,KKBK,20873.73,97.8,0,BEHAVIORAL_DROPOFF
BANK_DEBIT_FAILED_TECHNICAL,debit attempt failed due to issuer switch congestion,UPI_AUTOPAY,SBIN,7378.26,78.2,0,TRANSIENT_TECHNICAL
GATEWAY_ERROR,"payment gateway ne response nahi diya, timeout ho gaya",UPI_AUTOPAY,KKBK,2047.33,97.8,1,TRANSIENT_TECHNICAL
PURCHASE_ORDER_MISMATCH,"PO amount mismatch, reconciliation on hold",B2B_INVOICE,UTIB,22403.01,96.5,0,COMMERCIAL_DISPUTE
CART_ABANDONED_SHIPPING_FRICTION,User exited after shipping charge calculated,MAGIC_CHECKOUT,ICIC,14365.67,98.9,2,BEHAVIORAL_DROPOFF
INVALID_VPA_PERMANENT,"galat UPI ID, ye VPA exist nahi karti",UPI_AUTOPAY,HDFC,44945.95,99.4,0,HARD_PERMANENT
UPI_DAILY_LIMIT_EXCEEDED,"Customer reached daily UPI transaction limit of Rs.1,00,000",UPI_AUTOPAY,KKBK,36386.7,97.8,0,SOFT_FINANCIAL
PURCHASE_ORDER_MISMATCH,"PO amount mismatch, reconciliation on hold",B2B_INVOICE,UTIB,11705.48,96.5,0,COMMERCIAL_DISPUTE
OTP_TIMEOUT,OTP verification timed out during checkout,MAGIC_CHECKOUT,SBIN,37162.18,78.2,3,TRANSIENT_TECHNICAL
INVOICE_APPROVAL_PENDING,procurement team se approval pending hai,B2B_INVOICE,SBIN,8427.47,78.2,0,COMMERCIAL_DISPUTE
CARD_EXPIRED,"card expiry ho gayi, naya card link karo",CARD_MANDATE,HDFC,6653.51,99.4,0,HARD_PERMANENT
GATEWAY_ERROR,"downstream gateway error, retry after clearing window",UPI_AUTOPAY,HDFC,6556.98,99.4,2,TRANSIENT_TECHNICAL
ACCOUNT_CLOSED,"account band ho gaya hai, retry bekar hai",UPI_AUTOPAY,ICIC,33437.21,98.9,1,HARD_PERMANENT
PURCHASE_ORDER_MISMATCH,"PO amount mismatch, reconciliation on hold",B2B_INVOICE,UTIB,27842.3,96.5,0,COMMERCIAL_DISPUTE
FRAUD_DETECTED,"suspicious activity, fraud check fail",CARD_MANDATE,ICIC,14347.44,98.9,0,HARD_PERMANENT
CHECKOUT_DROPPED_OFF,user ne checkout beech me chhod diya,MAGIC_CHECKOUT,UTIB,3733.92,96.5,1,BEHAVIORAL_DROPOFF
INVOICE_APPROVAL_PENDING,Invoice stuck in enterprise procurement approval workflow,B2B_INVOICE,SBIN,12310.88,78.2,0,COMMERCIAL_DISPUTE
MANDATE_AMOUNT_EXCEEDS_CAP,"autopay cap se zyada amount, bank ne decline kiya",UPI_AUTOPAY,HDFC,17324.85,99.4,0,SOFT_FINANCIAL
CART_ABANDONED_SHIPPING_FRICTION,User exited after shipping charge calculated,MAGIC_CHECKOUT,KKBK,30099.85,97.8,0,BEHAVIORAL_DROPOFF
TOKENIZATION_TIMEOUT,card token vault timeout during authorization,CARD_MANDATE,SBIN,36282.76,78.2,1,TRANSIENT_TECHNICAL
NPCI_TIMEOUT,"NPCI timeout, bank se confirmation nahi aaya",UPI_AUTOPAY,ICIC,33016.04,98.9,3,TRANSIENT_TECHNICAL
TOKENIZATION_TIMEOUT,"tokenization service slow, mandate auth timed out",CARD_MANDATE,ICIC,21657.31,98.9,1,TRANSIENT_TECHNICAL
STOLEN_CARD,"chori ka card report hua, block hai",CARD_MANDATE,SBIN,9781.66,78.2,1,HARD_PERMANENT
BANK_DEBIT_FAILED_TECHNICAL,Downstream bank gateway timeout during debit attempt,UPI_AUTOPAY,KKBK,23742.77,97.8,0,TRANSIENT_TECHNICAL
PAYMENT_METHOD_UNAVAILABLE,payment option show nahi ho raha tha,MAGIC_CHECKOUT,HDFC,23100.01,99.4,0,BEHAVIORAL_DROPOFF
PAYMENT_METHOD_UNAVAILABLE,selected UPI method unavailable at checkout,MAGIC_CHECKOUT,KKBK,5106.3,97.8,0,BEHAVIORAL_DROPOFF
PURCHASE_ORDER_MISMATCH,purchase order aur invoice me antar hai,B2B_INVOICE,KKBK,38117.26,97.8,0,COMMERCIAL_DISPUTE
CARD_EXPIRED,"card expiry ho gayi, naya card link karo",CARD_MANDATE,ICIC,2152.87,98.9,1,HARD_PERMANENT
UPI_DAILY_LIMIT_EXCEEDED,"limit exceed, transaction declined by bank",UPI_AUTOPAY,KKBK,42011.32,97.8,3,SOFT_FINANCIAL
GATEWAY_ERROR,"payment gateway ne response nahi diya, timeout ho gaya",UPI_AUTOPAY,KKBK,43295.22,97.8,2,TRANSIENT_TECHNICAL
CHECKOUT_DROPPED_OFF,Customer abandoned session at shipping/payment step,MAGIC_CHECKOUT,ICIC,44088.18,98.9,0,BEHAVIORAL_DROPOFF
TOKENIZATION_TIMEOUT,"tokenization service slow, mandate auth timed out",CARD_MANDATE,KKBK,19779.11,97.8,1,TRANSIENT_TECHNICAL
BANK_DEBIT_FAILED_TECHNICAL,Issuer node degradation during 02:00 AM auto-debit window,UPI_AUTOPAY,HDFC,10234.49,99.4,1,TRANSIENT_TECHNICAL
OTP_TIMEOUT,"customer ne OTP time par enter nahi kiya, session expire",MAGIC_CHECKOUT,ICIC,19539.3,98.9,0,TRANSIENT_TECHNICAL
ACCOUNT_CLOSED,"customer account closed, debit returned",UPI_AUTOPAY,HDFC,44904.62,99.4,0,HARD_PERMANENT
PURCHASE_ORDER_MISMATCH,"PO amount mismatch, reconciliation on hold",B2B_INVOICE,HDFC,16295.09,99.4,0,COMMERCIAL_DISPUTE
ACCOUNT_CLOSED,"customer account closed, debit returned",UPI_AUTOPAY,SBIN,287.63,78.2,0,HARD_PERMANENT
ACCOUNT_CLOSED,"account band ho gaya hai, retry bekar hai",UPI_AUTOPAY,SBIN,35738.71,78.2,2,HARD_PERMANENT
NPCI_TIMEOUT,Card network switch response timed out,UPI_AUTOPAY,SBIN,26799.31,78.2,1,TRANSIENT_TECHNICAL
ACCOUNT_CLOSED,"customer account closed, debit returned",UPI_AUTOPAY,KKBK,23544.46,97.8,3,HARD_PERMANENT
UPI_DAILY_LIMIT_EXCEEDED,"Customer reached daily UPI transaction limit of Rs.1,00,000",UPI_AUTOPAY,HDFC,11494.34,99.4,1,SOFT_FINANCIAL
ACCOUNT_CLOSED,"customer account closed, debit returned",UPI_AUTOPAY,KKBK,42981.49,97.8,3,HARD_PERMANENT
CARD_EXPIRED,"card expiry ho gayi, naya card link karo",CARD_MANDATE,KKBK,33932.74,97.8,2,HARD_PERMANENT
CHECKOUT_DROPPED_OFF,Customer abandoned session at shipping/payment step,MAGIC_CHECKOUT,SBIN,30910.58,78.2,0,BEHAVIORAL_DROPOFF
PAYMENT_METHOD_UNAVAILABLE,payment option show nahi ho raha tha,MAGIC_CHECKOUT,KKBK,2202.92,97.8,0,BEHAVIORAL_DROPOFF
TOKENIZATION_TIMEOUT,"tokenization service slow, mandate auth timed out",CARD_MANDATE,ICIC,24540.58,98.9,3,TRANSIENT_TECHNICAL
CARD_EXPIRED,"card expiry ho gayi, naya card link karo",CARD_MANDATE,UTIB,44998.88,96.5,1,HARD_PERMANENT
INSUFFICIENT_FUNDS,Declined by customer bank due to low balance,UPI_AUTOPAY,HDFC,1232.01,99.4,1,SOFT_FINANCIAL
UPI_DAILY_LIMIT_EXCEEDED,"limit exceed, transaction declined by bank",UPI_AUTOPAY,ICIC,30856.19,98.9,0,SOFT_FINANCIAL
OTP_TIMEOUT,OTP verification timed out during checkout,MAGIC_CHECKOUT,HDFC,32590.68,99.4,0,TRANSIENT_TECHNICAL
PAYMENT_METHOD_UNAVAILABLE,selected UPI method unavailable at checkout,MAGIC_CHECKOUT,HDFC,23647.46,99.4,0,BEHAVIORAL_DROPOFF
INVOICE_OVERDUE_30_DAYS,Net-30 invoice crossed due date without payment reconciliation,B2B_INVOICE,KKBK,25076.81,97.8,0,COMMERCIAL_DISPUTE
INVALID_VPA_PERMANENT,"galat UPI ID, ye VPA exist nahi karti",UPI_AUTOPAY,KKBK,6539.31,97.8,1,HARD_PERMANENT
INVOICE_APPROVAL_PENDING,Invoice stuck in enterprise procurement approval workflow,B2B_INVOICE,HDFC,8671.43,99.4,0,COMMERCIAL_DISPUTE
ACCOUNT_CLOSED,"customer account closed, debit returned",UPI_AUTOPAY,ICIC,9313.91,98.9,3,HARD_PERMANENT
INSUFFICIENT_FUNDS,"account me paise nahi hai, balance insufficient",UPI_AUTOPAY,UTIB,18617.4,96.5,1,SOFT_FINANCIAL
INVOICE_OVERDUE_30_DAYS,"30 din se payment pending, accounts se approval nahi aaya",B2B_INVOICE,KKBK,27402.6,97.8,0,COMMERCIAL_DISPUTE
INVOICE_APPROVAL_PENDING,procurement team se approval pending hai,B2B_INVOICE,UTIB,19550.45,96.5,0,COMMERCIAL_DISPUTE
BANK_DEBIT_FAILED_TECHNICAL,Downstream bank gateway timeout during debit attempt,UPI_AUTOPAY,HDFC,24863.58,99.4,0,TRANSIENT_TECHNICAL
ACCOUNT_CLOSED,"customer account closed, debit returned",UPI_AUTOPAY,KKBK,40979.1,97.8,2,HARD_PERMANENT
STOLEN_CARD,stolen card hotlisted by issuer,CARD_MANDATE,SBIN,29436.95,78.2,1,HARD_PERMANENT
PAYMENT_METHOD_UNAVAILABLE,payment option show nahi ho raha tha,MAGIC_CHECKOUT,HDFC,6887.42,99.4,1,BEHAVIORAL_DROPOFF
CHECKOUT_DROPPED_OFF,Customer abandoned session at shipping/payment step,MAGIC_CHECKOUT,KKBK,15729.29,97.8,0,BEHAVIORAL_DROPOFF
PURCHASE_ORDER_MISMATCH,purchase order aur invoice me antar hai,B2B_INVOICE,ICIC,40736.49,98.9,1,COMMERCIAL_DISPUTE
INSUFFICIENT_FUNDS,"account me paise nahi hai, balance insufficient",UPI_AUTOPAY,SBIN,18638.46,78.2,0,SOFT_FINANCIAL
INSUFFICIENT_FUNDS,"account me paise nahi hai, balance insufficient",UPI_AUTOPAY,UTIB,978.4,96.5,0,SOFT_FINANCIAL
CARD_EXPIRED,Mandate card token expired; bank declined authorization,CARD_MANDATE,KKBK,4441.71,97.8,3,HARD_PERMANENT
TOKENIZATION_TIMEOUT,card token vault timeout during authorization,CARD_MANDATE,KKBK,31614.33,97.8,0,TRANSIENT_TECHNICAL
TOKENIZATION_TIMEOUT,card token vault timeout during authorization,CARD_MANDATE,UTIB,42234.35,96.5,2,TRANSIENT_TECHNICAL
FRAUD_DETECTED,"suspicious activity, fraud check fail",CARD_MANDATE,ICIC,25487.41,98.9,0,HARD_PERMANENT
NPCI_TIMEOUT,UPI switch response timed out after 30 seconds,UPI_AUTOPAY,HDFC,2924.35,99.4,1,TRANSIENT_TECHNICAL
FRAUD_DETECTED,High-risk score flagged by issuer fraud detection switch,CARD_MANDATE,HDFC,12048.96,99.4,1,HARD_PERMANENT
ACCOUNT_CLOSED,"customer account closed, debit returned",UPI_AUTOPAY,HDFC,5923.98,99.4,0,HARD_PERMANENT
STOLEN_CARD,stolen card hotlisted by issuer,CARD_MANDATE,UTIB,4081.72,96.5,0,HARD_PERMANENT
FRAUD_DETECTED,High-risk score flagged by issuer fraud detection switch,CARD_MANDATE,SBIN,25636.93,78.2,2,HARD_PERMANENT
OTP_TIMEOUT,OTP verification timed out during checkout,MAGIC_CHECKOUT,ICIC,4211.88,98.9,0,TRANSIENT_TECHNICAL
INVALID_VPA_PERMANENT,"galat UPI ID, ye VPA exist nahi karti",UPI_AUTOPAY,HDFC,22499.08,99.4,1,HARD_PERMANENT
OTP_TIMEOUT,"customer ne OTP time par enter nahi kiya, session expire",MAGIC_CHECKOUT,SBIN,43016.22,78.2,3,TRANSIENT_TECHNICAL
INVALID_VPA_PERMANENT,"galat UPI ID, ye VPA exist nahi karti",UPI_AUTOPAY,UTIB,32697.92,96.5,0,HARD_PERMANENT
FRAUD_DETECTED,High-risk score flagged by issuer fraud detection switch,CARD_MANDATE,UTIB,18968.91,96.5,0,HARD_PERMANENT
INVOICE_APPROVAL_PENDING,procurement team se approval pending hai,B2B_INVOICE,HDFC,4995.88,99.4,0,COMMERCIAL_DISPUTE
INVOICE_OVERDUE_30_DAYS,Net-30 invoice crossed due date without payment reconciliation,B2B_INVOICE,HDFC,16593.97,99.4,2,COMMERCIAL_DISPUTE
GATEWAY_ERROR,"downstream gateway error, retry after clearing window",UPI_AUTOPAY,UTIB,38071.27,96.5,0,TRANSIENT_TECHNICAL
INSUFFICIENT_FUNDS,"account me paise nahi hai, balance insufficient",UPI_AUTOPAY,KKBK,43257.35,97.8,0,SOFT_FINANCIAL
PURCHASE_ORDER_MISMATCH,purchase order aur invoice me antar hai,B2B_INVOICE,KKBK,7773.82,97.8,0,COMMERCIAL_DISPUTE
CART_ABANDONED_SHIPPING_FRICTION,User exited after shipping charge calculated,MAGIC_CHECKOUT,UTIB,30134.07,96.5,0,BEHAVIORAL_DROPOFF
NPCI_TIMEOUT,Card network switch response timed out,UPI_AUTOPAY,HDFC,23020.09,99.4,3,TRANSIENT_TECHNICAL
OTP_TIMEOUT,"customer ne OTP time par enter nahi kiya, session expire",MAGIC_CHECKOUT,ICIC,41948.26,98.9,3,TRANSIENT_TECHNICAL
NPCI_TIMEOUT,UPI switch response timed out after 30 seconds,UPI_AUTOPAY,SBIN,12566.85,78.2,0,TRANSIENT_TECHNICAL
PAYMENT_METHOD_UNAVAILABLE,payment option show nahi ho raha tha,MAGIC_CHECKOUT,KKBK,20000.95,97.8,3,BEHAVIORAL_DROPOFF
INVALID_VPA_PERMANENT,"galat UPI ID, ye VPA exist nahi karti",UPI_AUTOPAY,UTIB,21124.72,96.5,0,HARD_PERMANENT
FRAUD_DETECTED,High-risk score flagged by issuer fraud detection switch,CARD_MANDATE,SBIN,16399.29,78.2,0,HARD_PERMANENT
OTP_TIMEOUT,OTP verification timed out during checkout,MAGIC_CHECKOUT,KKBK,13787.5,97.8,1,TRANSIENT_TECHNICAL
PURCHASE_ORDER_MISMATCH,purchase order aur invoice me antar hai,B2B_INVOICE,SBIN,5823.95,78.2,0,COMMERCIAL_DISPUTE
INVALID_VPA_PERMANENT,"VPA does not exist, invalid payee address",UPI_AUTOPAY,ICIC,2602.46,98.9,2,HARD_PERMANENT
OTP_TIMEOUT,"customer ne OTP time par enter nahi kiya, session expire",MAGIC_CHECKOUT,KKBK,7024.9,97.8,0,TRANSIENT_TECHNICAL
CHECKOUT_DROPPED_OFF,Customer abandoned session at shipping/payment step,MAGIC_CHECKOUT,ICIC,35620.01,98.9,1,BEHAVIORAL_DROPOFF
INVALID_VPA_PERMANENT,"galat UPI ID, ye VPA exist nahi karti",UPI_AUTOPAY,SBIN,16189.25,78.2,1,HARD_PERMANENT
FRAUD_DETECTED,High-risk score flagged by issuer fraud detection switch,CARD_MANDATE,UTIB,29764.29,96.5,0,HARD_PERMANENT
INVOICE_APPROVAL_PENDING,Invoice stuck in enterprise procurement approval workflow,B2B_INVOICE,HDFC,4727.28,99.4,2,COMMERCIAL_DISPUTE
PURCHASE_ORDER_MISMATCH,"PO amount mismatch, reconciliation on hold",B2B_INVOICE,KKBK,24858.87,97.8,1,COMMERCIAL_DISPUTE
CHECKOUT_DROPPED_OFF,user ne checkout beech me chhod diya,MAGIC_CHECKOUT,SBIN,311.96,78.2,2,BEHAVIORAL_DROPOFF
OTP_TIMEOUT,OTP verification timed out during checkout,MAGIC_CHECKOUT,ICIC,10294.78,98.9,2,TRANSIENT_TECHNICAL
UPI_DAILY_LIMIT_EXCEEDED,"UPI daily cap khatam, kal retry karo",UPI_AUTOPAY,KKBK,39374.41,97.8,1,SOFT_FINANCIAL
FRAUD_DETECTED,High-risk score flagged by issuer fraud detection switch,CARD_MANDATE,KKBK,23352.93,97.8,1,HARD_PERMANENT
OTP_TIMEOUT,OTP verification timed out during checkout,MAGIC_CHECKOUT,UTIB,18350.2,96.5,3,TRANSIENT_TECHNICAL
ACCOUNT_CLOSED,"account band ho gaya hai, retry bekar hai",UPI_AUTOPAY,HDFC,36781.65,99.4,0,HARD_PERMANENT
FRAUD_DETECTED,High-risk score flagged by issuer fraud detection switch,CARD_MANDATE,SBIN,36719.77,78.2,0,HARD_PERMANENT
INVOICE_APPROVAL_PENDING,Invoice stuck in enterprise procurement approval workflow,B2B_INVOICE,ICIC,3884.41,98.9,2,COMMERCIAL_DISPUTE
FRAUD_DETECTED,High-risk score flagged by issuer fraud detection switch,CARD_MANDATE,HDFC,5506.3,99.4,1,HARD_PERMANENT
BANK_DEBIT_FAILED_TECHNICAL,"bank server busy, auto-debit fail ho gaya technical issue se",UPI_AUTOPAY,KKBK,33529.79,97.8,1,TRANSIENT_TECHNICAL
OTP_TIMEOUT,OTP verification timed out during checkout,MAGIC_CHECKOUT,SBIN,22450.37,78.2,0,TRANSIENT_TECHNICAL
STOLEN_CARD,"chori ka card report hua, block hai",CARD_MANDATE,HDFC,44437.94,99.4,0,HARD_PERMANENT
FRAUD_DETECTED,High-risk score flagged by issuer fraud detection switch,CARD_MANDATE,SBIN,4904.65,78.2,1,HARD_PERMANENT
TOKENIZATION_TIMEOUT,card token vault timeout during authorization,CARD_MANDATE,HDFC,4207.14,99.4,0,TRANSIENT_TECHNICAL
BANK_DEBIT_FAILED_TECHNICAL,Downstream bank gateway timeout during debit attempt,UPI_AUTOPAY,SBIN,13541.37,78.2,1,TRANSIENT_TECHNICAL
CART_ABANDONED_SHIPPING_FRICTION,User exited after shipping charge calculated,MAGIC_CHECKOUT,HDFC,33809.27,99.4,1,BEHAVIORAL_DROPOFF
CART_ABANDONED_SHIPPING_FRICTION,shipping fee dekh kar customer ne cart chhod diya,MAGIC_CHECKOUT,KKBK,18788.77,97.8,3,BEHAVIORAL_DROPOFF
CART_ABANDONED_SHIPPING_FRICTION,shipping fee dekh kar customer ne cart chhod diya,MAGIC_CHECKOUT,SBIN,34272.83,78.2,0,BEHAVIORAL_DROPOFF
BANK_DEBIT_FAILED_TECHNICAL,"bank server busy, auto-debit fail ho gaya technical issue se",UPI_AUTOPAY,HDFC,26265.76,99.4,0,TRANSIENT_TECHNICAL
PAYMENT_METHOD_UNAVAILABLE,payment option show nahi ho raha tha,MAGIC_CHECKOUT,ICIC,41472.57,98.9,2,BEHAVIORAL_DROPOFF
CART_ABANDONED_SHIPPING_FRICTION,User exited after shipping charge calculated,MAGIC_CHECKOUT,SBIN,43127.52,78.2,0,BEHAVIORAL_DROPOFF
INSUFFICIENT_FUNDS,"account me paise nahi hai, balance insufficient",UPI_AUTOPAY,KKBK,7620.22,97.8,0,SOFT_FINANCIAL
ACCOUNT_CLOSED,"account band ho gaya hai, retry bekar hai",UPI_AUTOPAY,SBIN,25202.96,78.2,2,HARD_PERMANENT
PAYMENT_METHOD_UNAVAILABLE,selected UPI method unavailable at checkout,MAGIC_CHECKOUT,UTIB,6363.7,96.5,1,BEHAVIORAL_DROPOFF
BANK_DEBIT_FAILED_TECHNICAL,Issuer node degradation during 02:00 AM auto-debit window,UPI_AUTOPAY,UTIB,5214.52,96.5,1,TRANSIENT_TECHNICAL
CART_ABANDONED_SHIPPING_FRICTION,shipping fee dekh kar customer ne cart chhod diya,MAGIC_CHECKOUT,HDFC,24952.66,99.4,1,BEHAVIORAL_DROPOFF
CART_ABANDONED_SHIPPING_FRICTION,shipping fee dekh kar customer ne cart chhod diya,MAGIC_CHECKOUT,SBIN,6013.21,78.2,0,BEHAVIORAL_DROPOFF
UPI_DAILY_LIMIT_EXCEEDED,"limit exceed, transaction declined by bank",UPI_AUTOPAY,UTIB,11458.13,96.5,1,SOFT_FINANCIAL
CART_ABANDONED_SHIPPING_FRICTION,User exited after shipping charge calculated,MAGIC_CHECKOUT,UTIB,15379.73,96.5,0,BEHAVIORAL_DROPOFF
BANK_DEBIT_FAILED_TECHNICAL,debit attempt failed due to issuer switch congestion,UPI_AUTOPAY,UTIB,25272.25,96.5,0,TRANSIENT_TECHNICAL
ACCOUNT_CLOSED,"customer account closed, debit returned",UPI_AUTOPAY,ICIC,24706.49,98.9,2,HARD_PERMANENT
TOKENIZATION_TIMEOUT,"tokenization service slow, mandate auth timed out",CARD_MANDATE,ICIC,21054.86,98.9,1,TRANSIENT_TECHNICAL
BANK_DEBIT_FAILED_TECHNICAL,Downstream bank gateway timeout during debit attempt,UPI_AUTOPAY,SBIN,29379.32,78.2,2,TRANSIENT_TECHNICAL
INVOICE_APPROVAL_PENDING,Invoice stuck in enterprise procurement approval workflow,B2B_INVOICE,SBIN,9754.48,78.2,1,COMMERCIAL_DISPUTE
FRAUD_DETECTED,High-risk score flagged by issuer fraud detection switch,CARD_MANDATE,HDFC,17702.89,99.4,0,HARD_PERMANENT
NPCI_TIMEOUT,"NPCI timeout, bank se confirmation nahi aaya",UPI_AUTOPAY,UTIB,24906.13,96.5,3,TRANSIENT_TECHNICAL
PAYMENT_METHOD_UNAVAILABLE,payment option show nahi ho raha tha,MAGIC_CHECKOUT,UTIB,30053.57,96.5,0,BEHAVIORAL_DROPOFF
NPCI_TIMEOUT,Card network switch response timed out,UPI_AUTOPAY,ICIC,3169.0,98.9,1,TRANSIENT_TECHNICAL
CART_ABANDONED_SHIPPING_FRICTION,User exited after shipping charge calculated,MAGIC_CHECKOUT,KKBK,38266.61,97.8,0,BEHAVIORAL_DROPOFF
CHECKOUT_DROPPED_OFF,Customer abandoned session at shipping/payment step,MAGIC_CHECKOUT,ICIC,2659.41,98.9,0,BEHAVIORAL_DROPOFF
OTP_TIMEOUT,"customer ne OTP time par enter nahi kiya, session expire",MAGIC_CHECKOUT,SBIN,17599.49,78.2,0,TRANSIENT_TECHNICAL
PURCHASE_ORDER_MISMATCH,"PO amount mismatch, reconciliation on hold",B2B_INVOICE,SBIN,9052.8,78.2,0,COMMERCIAL_DISPUTE
STOLEN_CARD,"chori ka card report hua, block hai",CARD_MANDATE,SBIN,12835.99,78.2,0,HARD_PERMANENT
CART_ABANDONED_SHIPPING_FRICTION,User exited after shipping charge calculated,MAGIC_CHECKOUT,KKBK,6334.66,97.8,1,BEHAVIORAL_DROPOFF
INVOICE_APPROVAL_PENDING,Invoice stuck in enterprise procurement approval workflow,B2B_INVOICE,SBIN,1255.64,78.2,0,COMMERCIAL_DISPUTE
CART_ABANDONED_SHIPPING_FRICTION,shipping fee dekh kar customer ne cart chhod diya,MAGIC_CHECKOUT,KKBK,36459.54,97.8,0,BEHAVIORAL_DROPOFF
ACCOUNT_CLOSED,"account band ho gaya hai, retry bekar hai",UPI_AUTOPAY,SBIN,2297.96,78.2,0,HARD_PERMANENT
MANDATE_AMOUNT_EXCEEDS_CAP,"mandate amount exceeds NPCI cap of Rs.1,00,000",UPI_AUTOPAY,UTIB,21536.42,96.5,0,SOFT_FINANCIAL
TOKENIZATION_TIMEOUT,"tokenization service slow, mandate auth timed out",CARD_MANDATE,ICIC,18311.14,98.9,3,TRANSIENT_TECHNICAL
INSUFFICIENT_FUNDS,Salary credit not yet posted; balance too low for auto-debit,UPI_AUTOPAY,KKBK,38839.94,97.8,0,SOFT_FINANCIAL
INVOICE_APPROVAL_PENDING,Invoice stuck in enterprise procurement approval workflow,B2B_INVOICE,HDFC,339.69,99.4,0,COMMERCIAL_DISPUTE
CART_ABANDONED_SHIPPING_FRICTION,shipping fee dekh kar customer ne cart chhod diya,MAGIC_CHECKOUT,UTIB,19042.8,96.5,3,BEHAVIORAL_DROPOFF
CHECKOUT_DROPPED_OFF,user ne checkout beech me chhod diya,MAGIC_CHECKOUT,KKBK,36947.6,97.8,1,BEHAVIORAL_DROPOFF
OTP_TIMEOUT,OTP verification timed out during checkout,MAGIC_CHECKOUT,ICIC,21365.62,98.9,1,TRANSIENT_TECHNICAL
INVOICE_OVERDUE_30_DAYS,"30 din se payment pending, accounts se approval nahi aaya",B2B_INVOICE,HDFC,6328.48,99.4,3,COMMERCIAL_DISPUTE
CARD_EXPIRED,"card expiry ho gayi, naya card link karo",CARD_MANDATE,UTIB,14961.64,96.5,0,HARD_PERMANENT
CHECKOUT_DROPPED_OFF,Customer abandoned session at shipping/payment step,MAGIC_CHECKOUT,KKBK,16870.17,97.8,1,BEHAVIORAL_DROPOFF
PURCHASE_ORDER_MISMATCH,"PO amount mismatch, reconciliation on hold",B2B_INVOICE,ICIC,16429.53,98.9,0,COMMERCIAL_DISPUTE
NPCI_TIMEOUT,"NPCI timeout, bank se confirmation nahi aaya",UPI_AUTOPAY,HDFC,34356.5,99.4,3,TRANSIENT_TECHNICAL
PAYMENT_METHOD_UNAVAILABLE,selected UPI method unavailable at checkout,MAGIC_CHECKOUT,SBIN,33098.7,78.2,0,BEHAVIORAL_DROPOFF
CHECKOUT_DROPPED_OFF,user ne checkout beech me chhod diya,MAGIC_CHECKOUT,ICIC,19693.33,98.9,2,BEHAVIORAL_DROPOFF
MANDATE_AMOUNT_EXCEEDS_CAP,"autopay cap se zyada amount, bank ne decline kiya",UPI_AUTOPAY,UTIB,34837.53,96.5,1,SOFT_FINANCIAL
CHECKOUT_DROPPED_OFF,Customer abandoned session at shipping/payment step,MAGIC_CHECKOUT,ICIC,3095.74,98.9,0,BEHAVIORAL_DROPOFF
ACCOUNT_CLOSED,"account band ho gaya hai, retry bekar hai",UPI_AUTOPAY,SBIN,2938.41,78.2,1,HARD_PERMANENT
PAYMENT_METHOD_UNAVAILABLE,selected UPI method unavailable at checkout,MAGIC_CHECKOUT,ICIC,17414.86,98.9,0,BEHAVIORAL_DROPOFF
PURCHASE_ORDER_MISMATCH,"PO amount mismatch, reconciliation on hold",B2B_INVOICE,UTIB,29972.82,96.5,0,COMMERCIAL_DISPUTE
GATEWAY_ERROR,504 Gateway Timeout from NPCI switch,UPI_AUTOPAY,UTIB,14447.97,96.5,0,TRANSIENT_TECHNICAL
STOLEN_CARD,stolen card hotlisted by issuer,CARD_MANDATE,SBIN,40012.18,78.2,0,HARD_PERMANENT
CARD_EXPIRED,"card expiry ho gayi, naya card link karo",CARD_MANDATE,KKBK,38130.94,97.8,2,HARD_PERMANENT
PAYMENT_METHOD_UNAVAILABLE,selected UPI method unavailable at checkout,MAGIC_CHECKOUT,UTIB,2430.56,96.5,1,BEHAVIORAL_DROPOFF
FRAUD_DETECTED,"suspicious activity, fraud check fail",CARD_MANDATE,ICIC,34721.66,98.9,1,HARD_PERMANENT
STOLEN_CARD,"chori ka card report hua, block hai",CARD_MANDATE,SBIN,40228.83,78.2,0,HARD_PERMANENT
TOKENIZATION_TIMEOUT,"tokenization service slow, mandate auth timed out",CARD_MANDATE,HDFC,20300.98,99.4,1,TRANSIENT_TECHNICAL
INVALID_VPA_PERMANENT,"VPA does not exist, invalid payee address",UPI_AUTOPAY,HDFC,20149.76,99.4,1,HARD_PERMANENT
GATEWAY_ERROR,issuer node degraded during mandate authorization,UPI_AUTOPAY,UTIB,42562.62,96.5,3,TRANSIENT_TECHNICAL
GATEWAY_ERROR,"downstream gateway error, retry after clearing window",UPI_AUTOPAY,SBIN,32752.71,78.2,1,TRANSIENT_TECHNICAL
PURCHASE_ORDER_MISMATCH,purchase order aur invoice me antar hai,B2B_INVOICE,SBIN,16243.79,78.2,0,COMMERCIAL_DISPUTE
GATEWAY_ERROR,"payment gateway ne response nahi diya, timeout ho gaya",UPI_AUTOPAY,KKBK,37647.96,97.8,1,TRANSIENT_TECHNICAL
BANK_DEBIT_FAILED_TECHNICAL,debit attempt failed due to issuer switch congestion,UPI_AUTOPAY,HDFC,35920.23,99.4,1,TRANSIENT_TECHNICAL
STOLEN_CARD,"chori ka card report hua, block hai",CARD_MANDATE,KKBK,30637.85,97.8,0,HARD_PERMANENT
BANK_DEBIT_FAILED_TECHNICAL,"bank server busy, auto-debit fail ho gaya technical issue se",UPI_AUTOPAY,ICIC,35028.23,98.9,0,TRANSIENT_TECHNICAL
ACCOUNT_CLOSED,"account band ho gaya hai, retry bekar hai",UPI_AUTOPAY,HDFC,30990.91,99.4,3,HARD_PERMANENT
CHECKOUT_DROPPED_OFF,user ne checkout beech me chhod diya,MAGIC_CHECKOUT,SBIN,26081.01,78.2,2,BEHAVIORAL_DROPOFF
CARD_EXPIRED,"card expiry ho gayi, naya card link karo",CARD_MANDATE,KKBK,38448.05,97.8,1,HARD_PERMANENT
INVALID_VPA_PERMANENT,"VPA does not exist, invalid payee address",UPI_AUTOPAY,ICIC,8794.16,98.9,2,HARD_PERMANENT
INVOICE_OVERDUE_30_DAYS,"30 din se payment pending, accounts se approval nahi aaya",B2B_INVOICE,UTIB,2787.29,96.5,1,COMMERCIAL_DISPUTE
STOLEN_CARD,"chori ka card report hua, block hai",CARD_MANDATE,UTIB,32038.17,96.5,0,HARD_PERMANENT
INVALID_VPA_PERMANENT,"VPA does not exist, invalid payee address",UPI_AUTOPAY,UTIB,38303.97,96.5,1,HARD_PERMANENT
ACCOUNT_CLOSED,"customer account closed, debit returned",UPI_AUTOPAY,KKBK,11832.56,97.8,3,HARD_PERMANENT
FRAUD_DETECTED,"suspicious activity, fraud check fail",CARD_MANDATE,SBIN,38741.9,78.2,2,HARD_PERMANENT
CHECKOUT_DROPPED_OFF,user ne checkout beech me chhod diya,MAGIC_CHECKOUT,SBIN,8274.93,78.2,2,BEHAVIORAL_DROPOFF
FRAUD_DETECTED,High-risk score flagged by issuer fraud detection switch,CARD_MANDATE,SBIN,21799.59,78.2,0,HARD_PERMANENT
CARD_EXPIRED,"card expiry ho gayi, naya card link karo",CARD_MANDATE,ICIC,29375.6,98.9,1,HARD_PERMANENT
OTP_TIMEOUT,OTP verification timed out during checkout,MAGIC_CHECKOUT,UTIB,4975.14,96.5,0,TRANSIENT_TECHNICAL
BANK_DEBIT_FAILED_TECHNICAL,"bank server busy, auto-debit fail ho gaya technical issue se",UPI_AUTOPAY,SBIN,27831.72,78.2,1,TRANSIENT_TECHNICAL
MANDATE_AMOUNT_EXCEEDS_CAP,"mandate amount exceeds NPCI cap of Rs.1,00,000",UPI_AUTOPAY,ICIC,12214.85,98.9,1,SOFT_FINANCIAL
NPCI_TIMEOUT,"NPCI timeout, bank se confirmation nahi aaya",UPI_AUTOPAY,KKBK,10623.7,97.8,0,TRANSIENT_TECHNICAL
FRAUD_DETECTED,High-risk score flagged by issuer fraud detection switch,CARD_MANDATE,UTIB,42999.81,96.5,0,HARD_PERMANENT
GATEWAY_ERROR,issuer node degraded during mandate authorization,UPI_AUTOPAY,SBIN,1524.57,78.2,0,TRANSIENT_TECHNICAL
OTP_TIMEOUT,OTP verification timed out during checkout,MAGIC_CHECKOUT,HDFC,44860.4,99.4,0,TRANSIENT_TECHNICAL
FRAUD_DETECTED,"suspicious activity, fraud check fail",CARD_MANDATE,ICIC,22395.91,98.9,0,HARD_PERMANENT
BANK_DEBIT_FAILED_TECHNICAL,debit attempt failed due to issuer switch congestion,UPI_AUTOPAY,KKBK,1331.27,97.8,0,TRANSIENT_TECHNICAL
PAYMENT_METHOD_UNAVAILABLE,payment option show nahi ho raha tha,MAGIC_CHECKOUT,HDFC,41487.21,99.4,3,BEHAVIORAL_DROPOFF
CARD_EXPIRED,"card expiry ho gayi, naya card link karo",CARD_MANDATE,SBIN,20164.49,78.2,3,HARD_PERMANENT
BANK_DEBIT_FAILED_TECHNICAL,"bank server busy, auto-debit fail ho gaya technical issue se",UPI_AUTOPAY,HDFC,42372.97,99.4,0,TRANSIENT_TECHNICAL
UPI_DAILY_LIMIT_EXCEEDED,"Customer reached daily UPI transaction limit of Rs.1,00,000",UPI_AUTOPAY,SBIN,8475.97,78.2,3,SOFT_FINANCIAL
PAYMENT_METHOD_UNAVAILABLE,selected UPI method unavailable at checkout,MAGIC_CHECKOUT,ICIC,41273.47,98.9,1,BEHAVIORAL_DROPOFF
UPI_DAILY_LIMIT_EXCEEDED,"Customer reached daily UPI transaction limit of Rs.1,00,000",UPI_AUTOPAY,HDFC,38863.41,99.4,1,SOFT_FINANCIAL
FRAUD_DETECTED,"suspicious activity, fraud check fail",CARD_MANDATE,UTIB,19608.19,96.5,0,HARD_PERMANENT
TOKENIZATION_TIMEOUT,card token vault timeout during authorization,CARD_MANDATE,KKBK,10157.92,97.8,1,TRANSIENT_TECHNICAL
BANK_DEBIT_FAILED_TECHNICAL,debit attempt failed due to issuer switch congestion,UPI_AUTOPAY,ICIC,11852.17,98.9,0,TRANSIENT_TECHNICAL
MANDATE_AMOUNT_EXCEEDS_CAP,"autopay cap se zyada amount, bank ne decline kiya",UPI_AUTOPAY,HDFC,31509.56,99.4,0,SOFT_FINANCIAL
INSUFFICIENT_FUNDS,Salary credit not yet posted; balance too low for auto-debit,UPI_AUTOPAY,UTIB,31591.7,96.5,3,SOFT_FINANCIAL
PURCHASE_ORDER_MISMATCH,"PO amount mismatch, reconciliation on hold",B2B_INVOICE,KKBK,38780.68,97.8,0,COMMERCIAL_DISPUTE
UPI_DAILY_LIMIT_EXCEEDED,"Customer reached daily UPI transaction limit of Rs.1,00,000",UPI_AUTOPAY,UTIB,10154.17,96.5,2,SOFT_FINANCIAL
BANK_DEBIT_FAILED_TECHNICAL,"bank server busy, auto-debit fail ho gaya technical issue se",UPI_AUTOPAY,KKBK,36806.08,97.8,0,TRANSIENT_TECHNICAL
CHECKOUT_DROPPED_OFF,user ne checkout beech me chhod diya,MAGIC_CHECKOUT,UTIB,20474.25,96.5,2,BEHAVIORAL_DROPOFF
INVOICE_OVERDUE_30_DAYS,Net-30 invoice crossed due date without payment reconciliation,B2B_INVOICE,UTIB,38862.83,96.5,1,COMMERCIAL_DISPUTE
INVOICE_APPROVAL_PENDING,procurement team se approval pending hai,B2B_INVOICE,SBIN,26547.01,78.2,0,COMMERCIAL_DISPUTE
UPI_DAILY_LIMIT_EXCEEDED,"UPI daily cap khatam, kal retry karo",UPI_AUTOPAY,HDFC,20477.88,99.4,0,SOFT_FINANCIAL
STOLEN_CARD,"chori ka card report hua, block hai",CARD_MANDATE,ICIC,36759.51,98.9,1,HARD_PERMANENT
PURCHASE_ORDER_MISMATCH,purchase order aur invoice me antar hai,B2B_INVOICE,UTIB,38122.49,96.5,0,COMMERCIAL_DISPUTE
FRAUD_DETECTED,High-risk score flagged by issuer fraud detection switch,CARD_MANDATE,KKBK,657.29,97.8,2,HARD_PERMANENT
CART_ABANDONED_SHIPPING_FRICTION,User exited after shipping charge calculated,MAGIC_CHECKOUT,KKBK,2280.34,97.8,0,BEHAVIORAL_DROPOFF
CARD_EXPIRED,"card expiry ho gayi, naya card link karo",CARD_MANDATE,ICIC,39718.71,98.9,0,HARD_PERMANENT
BANK_DEBIT_FAILED_TECHNICAL,"bank server busy, auto-debit fail ho gaya technical issue se",UPI_AUTOPAY,ICIC,24490.72,98.9,0,TRANSIENT_TECHNICAL
UPI_DAILY_LIMIT_EXCEEDED,"Customer reached daily UPI transaction limit of Rs.1,00,000",UPI_AUTOPAY,SBIN,40464.0,78.2,0,SOFT_FINANCIAL
GATEWAY_ERROR,issuer node degraded during mandate authorization,UPI_AUTOPAY,SBIN,7963.6,78.2,0,TRANSIENT_TECHNICAL
INSUFFICIENT_FUNDS,"account me paise nahi hai, balance insufficient",UPI_AUTOPAY,HDFC,2024.06,99.4,3,SOFT_FINANCIAL
MANDATE_AMOUNT_EXCEEDS_CAP,"autopay cap se zyada amount, bank ne decline kiya",UPI_AUTOPAY,ICIC,38436.97,98.9,0,SOFT_FINANCIAL
CART_ABANDONED_SHIPPING_FRICTION,User exited after shipping charge calculated,MAGIC_CHECKOUT,ICIC,12908.14,98.9,3,BEHAVIORAL_DROPOFF
BANK_DEBIT_FAILED_TECHNICAL,Issuer node degradation during 02:00 AM auto-debit window,UPI_AUTOPAY,UTIB,26223.69,96.5,3,TRANSIENT_TECHNICAL
TOKENIZATION_TIMEOUT,"tokenization service slow, mandate auth timed out",CARD_MANDATE,SBIN,28145.04,78.2,3,TRANSIENT_TECHNICAL
INSUFFICIENT_FUNDS,Salary credit not yet posted; balance too low for auto-debit,UPI_AUTOPAY,SBIN,13394.83,78.2,0,SOFT_FINANCIAL
NPCI_TIMEOUT,UPI switch response timed out after 30 seconds,UPI_AUTOPAY,KKBK,19318.04,97.8,0,TRANSIENT_TECHNICAL
TOKENIZATION_TIMEOUT,card token vault timeout during authorization,CARD_MANDATE,ICIC,25481.58,98.9,2,TRANSIENT_TECHNICAL
TOKENIZATION_TIMEOUT,card token vault timeout during authorization,CARD_MANDATE,HDFC,5858.51,99.4,3,TRANSIENT_TECHNICAL
INVALID_VPA_PERMANENT,"galat UPI ID, ye VPA exist nahi karti",UPI_AUTOPAY,HDFC,7442.98,99.4,1,HARD_PERMANENT
BANK_DEBIT_FAILED_TECHNICAL,debit attempt failed due to issuer switch congestion,UPI_AUTOPAY,ICIC,33860.54,98.9,1,TRANSIENT_TECHNICAL
INVOICE_OVERDUE_30_DAYS,Net-30 invoice crossed due date without payment reconciliation,B2B_INVOICE,HDFC,5481.23,99.4,0,COMMERCIAL_DISPUTE
PURCHASE_ORDER_MISMATCH,purchase order aur invoice me antar hai,B2B_INVOICE,SBIN,3570.45,78.2,1,COMMERCIAL_DISPUTE
INVOICE_APPROVAL_PENDING,procurement team se approval pending hai,B2B_INVOICE,ICIC,7369.54,98.9,0,COMMERCIAL_DISPUTE
NPCI_TIMEOUT,UPI switch response timed out after 30 seconds,UPI_AUTOPAY,KKBK,34914.13,97.8,0,TRANSIENT_TECHNICAL
CARD_EXPIRED,Mandate card token expired; bank declined authorization,CARD_MANDATE,UTIB,15516.36,96.5,3,HARD_PERMANENT
CART_ABANDONED_SHIPPING_FRICTION,User exited after shipping charge calculated,MAGIC_CHECKOUT,SBIN,17918.84,78.2,0,BEHAVIORAL_DROPOFF
INSUFFICIENT_FUNDS,Declined by customer bank due to low balance,UPI_AUTOPAY,UTIB,16881.86,96.5,2,SOFT_FINANCIAL
NPCI_TIMEOUT,UPI switch response timed out after 30 seconds,UPI_AUTOPAY,UTIB,38502.55,96.5,0,TRANSIENT_TECHNICAL
PURCHASE_ORDER_MISMATCH,purchase order aur invoice me antar hai,B2B_INVOICE,SBIN,30116.2,78.2,1,COMMERCIAL_DISPUTE
NPCI_TIMEOUT,Card network switch response timed out,UPI_AUTOPAY,UTIB,4808.38,96.5,0,TRANSIENT_TECHNICAL
ACCOUNT_CLOSED,"account band ho gaya hai, retry bekar hai",UPI_AUTOPAY,HDFC,20295.33,99.4,3,HARD_PERMANENT
INSUFFICIENT_FUNDS,Declined by customer bank due to low balance,UPI_AUTOPAY,HDFC,25784.04,99.4,0,SOFT_FINANCIAL
TOKENIZATION_TIMEOUT,"tokenization service slow, mandate auth timed out",CARD_MANDATE,ICIC,39380.16,98.9,0,TRANSIENT_TECHNICAL
BANK_DEBIT_FAILED_TECHNICAL,Issuer node degradation during 02:00 AM auto-debit window,UPI_AUTOPAY,SBIN,31790.45,78.2,0,TRANSIENT_TECHNICAL
MANDATE_AMOUNT_EXCEEDS_CAP,"mandate amount exceeds NPCI cap of Rs.1,00,000",UPI_AUTOPAY,ICIC,16086.59,98.9,0,SOFT_FINANCIAL
CART_ABANDONED_SHIPPING_FRICTION,shipping fee dekh kar customer ne cart chhod diya,MAGIC_CHECKOUT,SBIN,32446.55,78.2,0,BEHAVIORAL_DROPOFF
CART_ABANDONED_SHIPPING_FRICTION,User exited after shipping charge calculated,MAGIC_CHECKOUT,ICIC,10851.01,98.9,3,BEHAVIORAL_DROPOFF
BANK_DEBIT_FAILED_TECHNICAL,debit attempt failed due to issuer switch congestion,UPI_AUTOPAY,UTIB,41296.1,96.5,1,TRANSIENT_TECHNICAL
CHECKOUT_DROPPED_OFF,user ne checkout beech me chhod diya,MAGIC_CHECKOUT,UTIB,27324.42,96.5,0,BEHAVIORAL_DROPOFF
MANDATE_AMOUNT_EXCEEDS_CAP,"autopay cap se zyada amount, bank ne decline kiya",UPI_AUTOPAY,SBIN,7068.13,78.2,0,SOFT_FINANCIAL
STOLEN_CARD,stolen card hotlisted by issuer,CARD_MANDATE,ICIC,28346.69,98.9,2,HARD_PERMANENT
INVOICE_OVERDUE_30_DAYS,Net-30 invoice crossed due date without payment reconciliation,B2B_INVOICE,KKBK,8278.08,97.8,0,COMMERCIAL_DISPUTE
INVOICE_APPROVAL_PENDING,procurement team se approval pending hai,B2B_INVOICE,UTIB,2055.88,96.5,1,COMMERCIAL_DISPUTE
NPCI_TIMEOUT,"NPCI timeout, bank se confirmation nahi aaya",UPI_AUTOPAY,SBIN,43281.54,78.2,0,TRANSIENT_TECHNICAL
FRAUD_DETECTED,"suspicious activity, fraud check fail",CARD_MANDATE,ICIC,4467.42,98.9,3,HARD_PERMANENT
BANK_DEBIT_FAILED_TECHNICAL,Issuer node degradation during 02:00 AM auto-debit window,UPI_AUTOPAY,ICIC,21133.16,98.9,1,TRANSIENT_TECHNICAL
INVOICE_APPROVAL_PENDING,procurement team se approval pending hai,B2B_INVOICE,ICIC,2767.44,98.9,1,COMMERCIAL_DISPUTE
INVOICE_OVERDUE_30_DAYS,"30 din se payment pending, accounts se approval nahi aaya",B2B_INVOICE,KKBK,23961.67,97.8,3,COMMERCIAL_DISPUTE
TOKENIZATION_TIMEOUT,card token vault timeout during authorization,CARD_MANDATE,ICIC,31535.99,98.9,2,TRANSIENT_TECHNICAL
PURCHASE_ORDER_MISMATCH,"PO amount mismatch, reconciliation on hold",B2B_INVOICE,UTIB,35526.21,96.5,0,COMMERCIAL_DISPUTE
STOLEN_CARD,"chori ka card report hua, block hai",CARD_MANDATE,UTIB,21804.51,96.5,2,HARD_PERMANENT
UPI_DAILY_LIMIT_EXCEEDED,"Customer reached daily UPI transaction limit of Rs.1,00,000",UPI_AUTOPAY,ICIC,13869.74,98.9,0,SOFT_FINANCIAL
INVOICE_OVERDUE_30_DAYS,"30 din se payment pending, accounts se approval nahi aaya",B2B_INVOICE,HDFC,35400.74,99.4,1,COMMERCIAL_DISPUTE
FRAUD_DETECTED,High-risk score flagged by issuer fraud detection switch,CARD_MANDATE,SBIN,8422.98,78.2,0,HARD_PERMANENT
ACCOUNT_CLOSED,"customer account closed, debit returned",UPI_AUTOPAY,KKBK,8413.31,97.8,2,HARD_PERMANENT
NPCI_TIMEOUT,UPI switch response timed out after 30 seconds,UPI_AUTOPAY,ICIC,20235.0,98.9,1,TRANSIENT_TECHNICAL
OTP_TIMEOUT,OTP verification timed out during checkout,MAGIC_CHECKOUT,KKBK,34269.22,97.8,0,TRANSIENT_TECHNICAL
ACCOUNT_CLOSED,"customer account closed, debit returned",UPI_AUTOPAY,SBIN,35722.56,78.2,0,HARD_PERMANENT
INVALID_VPA_PERMANENT,"VPA does not exist, invalid payee address",UPI_AUTOPAY,ICIC,25723.55,98.9,0,HARD_PERMANENT
ACCOUNT_CLOSED,"customer account closed, debit returned",UPI_AUTOPAY,KKBK,31656.72,97.8,1,HARD_PERMANENT
NPCI_TIMEOUT,UPI switch response timed out after 30 seconds,UPI_AUTOPAY,UTIB,1980.17,96.5,1,TRANSIENT_TECHNICAL
NPCI_TIMEOUT,UPI switch response timed out after 30 seconds,UPI_AUTOPAY,ICIC,41351.44,98.9,0,TRANSIENT_TECHNICAL
BANK_DEBIT_FAILED_TECHNICAL,"bank server busy, auto-debit fail ho gaya technical issue se",UPI_AUTOPAY,UTIB,8899.59,96.5,0,TRANSIENT_TECHNICAL
PURCHASE_ORDER_MISMATCH,purchase order aur invoice me antar hai,B2B_INVOICE,HDFC,1039.6,99.4,0,COMMERCIAL_DISPUTE
CARD_EXPIRED,Mandate card token expired; bank declined authorization,CARD_MANDATE,HDFC,25956.03,99.4,0,HARD_PERMANENT
MANDATE_AMOUNT_EXCEEDS_CAP,"mandate amount exceeds NPCI cap of Rs.1,00,000",UPI_AUTOPAY,KKBK,27939.19,97.8,0,SOFT_FINANCIAL
FRAUD_DETECTED,"suspicious activity, fraud check fail",CARD_MANDATE,UTIB,4394.44,96.5,1,HARD_PERMANENT
INSUFFICIENT_FUNDS,Mandate debit declined due to low card account balance,UPI_AUTOPAY,HDFC,31327.98,99.4,1,SOFT_FINANCIAL
ACCOUNT_CLOSED,"customer account closed, debit returned",UPI_AUTOPAY,UTIB,21965.72,96.5,0,HARD_PERMANENT
INVOICE_OVERDUE_30_DAYS,"30 din se payment pending, accounts se approval nahi aaya",B2B_INVOICE,ICIC,18129.85,98.9,2,COMMERCIAL_DISPUTE
OTP_TIMEOUT,OTP verification timed out during checkout,MAGIC_CHECKOUT,UTIB,43907.59,96.5,3,TRANSIENT_TECHNICAL
CHECKOUT_DROPPED_OFF,user ne checkout beech me chhod diya,MAGIC_CHECKOUT,ICIC,9983.03,98.9,1,BEHAVIORAL_DROPOFF
MANDATE_AMOUNT_EXCEEDS_CAP,"mandate amount exceeds NPCI cap of Rs.1,00,000",UPI_AUTOPAY,HDFC,25845.01,99.4,0,SOFT_FINANCIAL
PAYMENT_METHOD_UNAVAILABLE,selected UPI method unavailable at checkout,MAGIC_CHECKOUT,SBIN,12356.96,78.2,0,BEHAVIORAL_DROPOFF
PAYMENT_METHOD_UNAVAILABLE,payment option show nahi ho raha tha,MAGIC_CHECKOUT,SBIN,38610.92,78.2,2,BEHAVIORAL_DROPOFF
CART_ABANDONED_SHIPPING_FRICTION,User exited after shipping charge calculated,MAGIC_CHECKOUT,SBIN,35435.02,78.2,0,BEHAVIORAL_DROPOFF
ACCOUNT_CLOSED,"account band ho gaya hai, retry bekar hai",UPI_AUTOPAY,ICIC,32122.01,98.9,1,HARD_PERMANENT
INVOICE_APPROVAL_PENDING,Invoice stuck in enterprise procurement approval workflow,B2B_INVOICE,SBIN,32250.36,78.2,1,COMMERCIAL_DISPUTE
MANDATE_AMOUNT_EXCEEDS_CAP,"autopay cap se zyada amount, bank ne decline kiya",UPI_AUTOPAY,ICIC,5409.54,98.9,2,SOFT_FINANCIAL
GATEWAY_ERROR,"payment gateway ne response nahi diya, timeout ho gaya",UPI_AUTOPAY,SBIN,20983.17,78.2,2,TRANSIENT_TECHNICAL
NPCI_TIMEOUT,"NPCI timeout, bank se confirmation nahi aaya",UPI_AUTOPAY,ICIC,21551.55,98.9,1,TRANSIENT_TECHNICAL
BANK_DEBIT_FAILED_TECHNICAL,debit attempt failed due to issuer switch congestion,UPI_AUTOPAY,SBIN,35593.54,78.2,1,TRANSIENT_TECHNICAL
INVOICE_APPROVAL_PENDING,Invoice stuck in enterprise procurement approval workflow,B2B_INVOICE,KKBK,43865.55,97.8,3,COMMERCIAL_DISPUTE
INVALID_VPA_PERMANENT,"galat UPI ID, ye VPA exist nahi karti",UPI_AUTOPAY,HDFC,21406.96,99.4,3,HARD_PERMANENT
INVOICE_OVERDUE_30_DAYS,Net-30 invoice crossed due date without payment reconciliation,B2B_INVOICE,KKBK,24861.01,97.8,0,COMMERCIAL_DISPUTE
CARD_EXPIRED,"card expiry ho gayi, naya card link karo",CARD_MANDATE,KKBK,27773.83,97.8,0,HARD_PERMANENT
FRAUD_DETECTED,"suspicious activity, fraud check fail",CARD_MANDATE,SBIN,2043.74,78.2,0,HARD_PERMANENT
INVOICE_APPROVAL_PENDING,Invoice stuck in enterprise procurement approval workflow,B2B_INVOICE,UTIB,13982.14,96.5,3,COMMERCIAL_DISPUTE
INVALID_VPA_PERMANENT,"VPA does not exist, invalid payee address",UPI_AUTOPAY,UTIB,7735.35,96.5,0,HARD_PERMANENT
MANDATE_AMOUNT_EXCEEDS_CAP,"autopay cap se zyada amount, bank ne decline kiya",UPI_AUTOPAY,ICIC,35866.45,98.9,1,SOFT_FINANCIAL
NPCI_TIMEOUT,"NPCI timeout, bank se confirmation nahi aaya",UPI_AUTOPAY,ICIC,20298.31,98.9,3,TRANSIENT_TECHNICAL
ACCOUNT_CLOSED,"customer account closed, debit returned",UPI_AUTOPAY,ICIC,39361.64,98.9,3,HARD_PERMANENT
TOKENIZATION_TIMEOUT,"tokenization service slow, mandate auth timed out",CARD_MANDATE,SBIN,17156.19,78.2,3,TRANSIENT_TECHNICAL
CHECKOUT_DROPPED_OFF,user ne checkout beech me chhod diya,MAGIC_CHECKOUT,KKBK,25637.9,97.8,0,BEHAVIORAL_DROPOFF
PAYMENT_METHOD_UNAVAILABLE,selected UPI method unavailable at checkout,MAGIC_CHECKOUT,SBIN,23303.67,78.2,2,BEHAVIORAL_DROPOFF
INVALID_VPA_PERMANENT,"VPA does not exist, invalid payee address",UPI_AUTOPAY,HDFC,44070.51,99.4,0,HARD_PERMANENT
INVOICE_OVERDUE_30_DAYS,Net-30 invoice crossed due date without payment reconciliation,B2B_INVOICE,KKBK,39372.86,97.8,2,COMMERCIAL_DISPUTE
INVOICE_OVERDUE_30_DAYS,"30 din se payment pending, accounts se approval nahi aaya",B2B_INVOICE,ICIC,8011.45,98.9,1,COMMERCIAL_DISPUTE
INVALID_VPA_PERMANENT,"VPA does not exist, invalid payee address",UPI_AUTOPAY,ICIC,35154.08,98.9,1,HARD_PERMANENT
ACCOUNT_CLOSED,"customer account closed, debit returned",UPI_AUTOPAY,KKBK,35189.14,97.8,1,HARD_PERMANENT
TOKENIZATION_TIMEOUT,card token vault timeout during authorization,CARD_MANDATE,ICIC,30303.55,98.9,0,TRANSIENT_TECHNICAL
INVOICE_APPROVAL_PENDING,procurement team se approval pending hai,B2B_INVOICE,UTIB,33219.09,96.5,0,COMMERCIAL_DISPUTE
INSUFFICIENT_FUNDS,Mandate debit declined due to low card account balance,UPI_AUTOPAY,KKBK,43037.05,97.8,1,SOFT_FINANCIAL
INVALID_VPA_PERMANENT,"galat UPI ID, ye VPA exist nahi karti",UPI_AUTOPAY,SBIN,20674.69,78.2,1,HARD_PERMANENT
NPCI_TIMEOUT,UPI switch response timed out after 30 seconds,UPI_AUTOPAY,KKBK,33909.15,97.8,3,TRANSIENT_TECHNICAL
MANDATE_AMOUNT_EXCEEDS_CAP,"autopay cap se zyada amount, bank ne decline kiya",UPI_AUTOPAY,ICIC,40345.06,98.9,3,SOFT_FINANCIAL
PAYMENT_METHOD_UNAVAILABLE,selected UPI method unavailable at checkout,MAGIC_CHECKOUT,UTIB,34024.58,96.5,1,BEHAVIORAL_DROPOFF
TOKENIZATION_TIMEOUT,card token vault timeout during authorization,CARD_MANDATE,ICIC,29728.31,98.9,2,TRANSIENT_TECHNICAL
CARD_EXPIRED,"card expiry ho gayi, naya card link karo",CARD_MANDATE,KKBK,33644.95,97.8,1,HARD_PERMANENT
BANK_DEBIT_FAILED_TECHNICAL,Downstream bank gateway timeout during debit attempt,UPI_AUTOPAY,SBIN,20485.41,78.2,2,TRANSIENT_TECHNICAL
FRAUD_DETECTED,High-risk score flagged by issuer fraud detection switch,CARD_MANDATE,HDFC,35012.56,99.4,0,HARD_PERMANENT
INVOICE_OVERDUE_30_DAYS,Net-30 invoice crossed due date without payment reconciliation,B2B_INVOICE,UTIB,29311.23,96.5,3,COMMERCIAL_DISPUTE
TOKENIZATION_TIMEOUT,"tokenization service slow, mandate auth timed out",CARD_MANDATE,HDFC,13193.8,99.4,0,TRANSIENT_TECHNICAL
MANDATE_AMOUNT_EXCEEDS_CAP,"autopay cap se zyada amount, bank ne decline kiya",UPI_AUTOPAY,UTIB,1689.36,96.5,0,SOFT_FINANCIAL
INSUFFICIENT_FUNDS,Salary credit not yet posted; balance too low for auto-debit,UPI_AUTOPAY,UTIB,12161.27,96.5,1,SOFT_FINANCIAL
UPI_DAILY_LIMIT_EXCEEDED,"limit exceed, transaction declined by bank",UPI_AUTOPAY,SBIN,9664.29,78.2,1,SOFT_FINANCIAL
PURCHASE_ORDER_MISMATCH,purchase order aur invoice me antar hai,B2B_INVOICE,SBIN,1195.96,78.2,1,COMMERCIAL_DISPUTE
PURCHASE_ORDER_MISMATCH,"PO amount mismatch, reconciliation on hold",B2B_INVOICE,KKBK,41999.05,97.8,0,COMMERCIAL_DISPUTE
FRAUD_DETECTED,"suspicious activity, fraud check fail",CARD_MANDATE,UTIB,39975.68,96.5,1,HARD_PERMANENT
UPI_DAILY_LIMIT_EXCEEDED,"limit exceed, transaction declined by bank",UPI_AUTOPAY,ICIC,34969.12,98.9,1,SOFT_FINANCIAL
ACCOUNT_CLOSED,"account band ho gaya hai, retry bekar hai",UPI_AUTOPAY,KKBK,29187.16,97.8,1,HARD_PERMANENT
INVOICE_OVERDUE_30_DAYS,Net-30 invoice crossed due date without payment reconciliation,B2B_INVOICE,KKBK,34244.51,97.8,2,COMMERCIAL_DISPUTE
BANK_DEBIT_FAILED_TECHNICAL,debit attempt failed due to issuer switch congestion,UPI_AUTOPAY,UTIB,33863.81,96.5,1,TRANSIENT_TECHNICAL
OTP_TIMEOUT,OTP verification timed out during checkout,MAGIC_CHECKOUT,ICIC,30651.91,98.9,0,TRANSIENT_TECHNICAL
STOLEN_CARD,"chori ka card report hua, block hai",CARD_MANDATE,UTIB,1277.38,96.5,3,HARD_PERMANENT
INVOICE_OVERDUE_30_DAYS,"30 din se payment pending, accounts se approval nahi aaya",B2B_INVOICE,HDFC,38003.99,99.4,2,COMMERCIAL_DISPUTE
INVOICE_APPROVAL_PENDING,Invoice stuck in enterprise procurement approval workflow,B2B_INVOICE,SBIN,37313.75,78.2,2,COMMERCIAL_DISPUTE
PAYMENT_METHOD_UNAVAILABLE,selected UPI method unavailable at checkout,MAGIC_CHECKOUT,ICIC,29226.09,98.9,1,BEHAVIORAL_DROPOFF
OTP_TIMEOUT,OTP verification timed out during checkout,MAGIC_CHECKOUT,KKBK,38921.34,97.8,2,TRANSIENT_TECHNICAL
PAYMENT_METHOD_UNAVAILABLE,selected UPI method unavailable at checkout,MAGIC_CHECKOUT,UTIB,17705.18,96.5,0,BEHAVIORAL_DROPOFF
BANK_DEBIT_FAILED_TECHNICAL,Downstream bank gateway timeout during debit attempt,UPI_AUTOPAY,UTIB,34382.43,96.5,1,TRANSIENT_TECHNICAL
ACCOUNT_CLOSED,"account band ho gaya hai, retry bekar hai",UPI_AUTOPAY,SBIN,42468.98,78.2,1,HARD_PERMANENT
UPI_DAILY_LIMIT_EXCEEDED,"Customer reached daily UPI transaction limit of Rs.1,00,000",UPI_AUTOPAY,KKBK,37800.72,97.8,0,SOFT_FINANCIAL
UPI_DAILY_LIMIT_EXCEEDED,"limit exceed, transaction declined by bank",UPI_AUTOPAY,SBIN,22175.6,78.2,1,SOFT_FINANCIAL
CHECKOUT_DROPPED_OFF,user ne checkout beech me chhod diya,MAGIC_CHECKOUT,ICIC,43466.71,98.9,3,BEHAVIORAL_DROPOFF
GATEWAY_ERROR,issuer node degraded during mandate authorization,UPI_AUTOPAY,UTIB,4250.67,96.5,2,TRANSIENT_TECHNICAL
ACCOUNT_CLOSED,"account band ho gaya hai, retry bekar hai",UPI_AUTOPAY,ICIC,27561.03,98.9,0,HARD_PERMANENT
NPCI_TIMEOUT,"NPCI timeout, bank se confirmation nahi aaya",UPI_AUTOPAY,ICIC,7265.69,98.9,0,TRANSIENT_TECHNICAL
UPI_DAILY_LIMIT_EXCEEDED,"limit exceed, transaction declined by bank",UPI_AUTOPAY,SBIN,43766.9,78.2,0,SOFT_FINANCIAL
INSUFFICIENT_FUNDS,"account me paise nahi hai, balance insufficient",UPI_AUTOPAY,ICIC,30981.22,98.9,2,SOFT_FINANCIAL
ACCOUNT_CLOSED,"customer account closed, debit returned",UPI_AUTOPAY,ICIC,16273.26,98.9,1,HARD_PERMANENT
OTP_TIMEOUT,"customer ne OTP time par enter nahi kiya, session expire",MAGIC_CHECKOUT,HDFC,44725.99,99.4,1,TRANSIENT_TECHNICAL
FRAUD_DETECTED,High-risk score flagged by issuer fraud detection switch,CARD_MANDATE,KKBK,15430.38,97.8,1,HARD_PERMANENT
PAYMENT_METHOD_UNAVAILABLE,selected UPI method unavailable at checkout,MAGIC_CHECKOUT,HDFC,16679.69,99.4,1,BEHAVIORAL_DROPOFF
STOLEN_CARD,stolen card hotlisted by issuer,CARD_MANDATE,ICIC,10592.84,98.9,1,HARD_PERMANENT
INVALID_VPA_PERMANENT,"VPA does not exist, invalid payee address",UPI_AUTOPAY,HDFC,31442.09,99.4,3,HARD_PERMANENT
CARD_EXPIRED,"card expiry ho gayi, naya card link karo",CARD_MANDATE,KKBK,5200.85,97.8,1,HARD_PERMANENT
STOLEN_CARD,stolen card hotlisted by issuer,CARD_MANDATE,UTIB,28603.63,96.5,2,HARD_PERMANENT
INVALID_VPA_PERMANENT,"VPA does not exist, invalid payee address",UPI_AUTOPAY,HDFC,15598.89,99.4,2,HARD_PERMANENT
STOLEN_CARD,stolen card hotlisted by issuer,CARD_MANDATE,HDFC,17206.07,99.4,3,HARD_PERMANENT
INVALID_VPA_PERMANENT,"VPA does not exist, invalid payee address",UPI_AUTOPAY,KKBK,4372.38,97.8,0,HARD_PERMANENT
GATEWAY_ERROR,"payment gateway ne response nahi diya, timeout ho gaya",UPI_AUTOPAY,HDFC,5325.92,99.4,0,TRANSIENT_TECHNICAL
CHECKOUT_DROPPED_OFF,user ne checkout beech me chhod diya,MAGIC_CHECKOUT,ICIC,2104.44,98.9,0,BEHAVIORAL_DROPOFF
GATEWAY_ERROR,504 Gateway Timeout from NPCI switch,UPI_AUTOPAY,KKBK,28383.48,97.8,0,TRANSIENT_TECHNICAL
STOLEN_CARD,stolen card hotlisted by issuer,CARD_MANDATE,UTIB,7337.32,96.5,0,HARD_PERMANENT
STOLEN_CARD,stolen card hotlisted by issuer,CARD_MANDATE,KKBK,42574.89,97.8,1,HARD_PERMANENT
FRAUD_DETECTED,"suspicious activity, fraud check fail",CARD_MANDATE,ICIC,37941.48,98.9,0,HARD_PERMANENT
ACCOUNT_CLOSED,"customer account closed, debit returned",UPI_AUTOPAY,UTIB,6798.42,96.5,1,HARD_PERMANENT
UPI_DAILY_LIMIT_EXCEEDED,"UPI daily cap khatam, kal retry karo",UPI_AUTOPAY,KKBK,8435.7,97.8,2,SOFT_FINANCIAL
PAYMENT_METHOD_UNAVAILABLE,payment option show nahi ho raha tha,MAGIC_CHECKOUT,HDFC,3570.81,99.4,1,BEHAVIORAL_DROPOFF
ACCOUNT_CLOSED,"account band ho gaya hai, retry bekar hai",UPI_AUTOPAY,KKBK,30906.63,97.8,2,HARD_PERMANENT
NPCI_TIMEOUT,UPI switch response timed out after 30 seconds,UPI_AUTOPAY,SBIN,36031.25,78.2,1,TRANSIENT_TECHNICAL
NPCI_TIMEOUT,UPI switch response timed out after 30 seconds,UPI_AUTOPAY,HDFC,25174.18,99.4,1,TRANSIENT_TECHNICAL
